Title,Subtitle,Year,Mileage,Fuel Type,Price,Monthly Price,Details Link,Location
BMW i3,S iPerformance 94Ah | Comfort Pack Advanced | Navi Prof. | Camera | Stoelverwarming | DAB+ | 20'' LMV,2018,102.606 km,Elektrisch,"16.900,-","199,-",https://www.ekris.nl/bmw/p/45854928/bmw-i3-s-iperformance-94ah-45854928,Ekris Nijkerk
BMW i3,S 94Ah 20'' / Comfort pack advanced / Achteruitrijcamera / Warmtepomp / Driving Assistant Plus,2018,116.199 km,Elektrisch,"17.450,-","206,-",https://www.ekris.nl/bmw/p/45406875/bmw-i3-s-45406875,Ekris Veenendaal
BMW 1 Serie,3-deurs 116i | Executive | M Sportpakket | Navigatie | LED | Climate Control | Park Distance Control | Hi-Fi | Sportstoelen | Stoelverwarming | 18'' LMV,2018,104.808 km,Benzine,"17.900,-","244,-",https://www.ekris.nl/bmw/p/46244388/bmw-1-serie-3-deurs-116i-46244388,Ekris Nijkerk
BMW i3,Sportpakket | Comfort pack advanced | Alarmsysteem klasse 3 | 20 inch LM Dubbelspaak | Extra getint glas achter,2019,105.747 km,Elektrisch,"17.900,-","211,-",https://www.ekris.nl/bmw/p/46939859/bmw-i3-46939859,Ekris Zeist
BMW 1 Serie,Cabrio 118i M Sport Edition | Windscherm | Sportstoelen | Stoelverwarming | Navigatie Professional | 18'',2014,81.014 km,Benzine,"17.950,-","244,-",https://www.ekris.nl/bmw/p/47137449/bmw-1-serie-cabrio-118i-47137449,Ekris Utrecht
BMW i3,120Ah Comfort pack advanced | 19 inch lichtmetalen i light wielen sterspaak (styling 427) | Snellaadpakket | Regen- en lichtsensor,2019,25.253 km,Elektrisch,"18.400,-","217,-",https://www.ekris.nl/bmw/p/43762809/bmw-i3-120ah-43762809,Ekris Zeist
BMW i3,120Ah | Executive Edition | Comfort pack advanced,2019,93.298 km,Elektrisch,"18.900,-","223,-",https://www.ekris.nl/bmw/p/46954911/bmw-i3-120ah-46954911,Ekris Heerlen
BMW i3,120Ah | Dark Shadow Edition | Sportpakket | 20 inch | Stoelverwarming | Navigatiesysteem Professional | Achteruitrijcamera,2020,69.085 km,Elektrisch,"19.695,-","232,-",https://www.ekris.nl/bmw/p/42453658/bmw-i3-120ah-42453658,Ekris Arnhem
BMW 2 Serie,Gran Tourer 216i 7p. | LED | HUD | Trekhaak | Derde zitrij | Sportstoelen | DAB | Hifi speakers | Alu 17 inch,2022,123.000 km,Benzine,"19.900,-","271,-",https://www.ekris.nl/bmw/p/46517274/bmw-2-serie-gran-tourer-216i-7p-46517274,Ekris Heerenveen
BMW 2 Serie,Gran Tourer 216i 7p. | LED | Leder | HUD | Trekhaak | Derde zitrij | Stoelverwarming | DAB | Hifi speakers | Alu 17 inch,2022,120.000 km,Benzine,"19.900,-","271,-",https://www.ekris.nl/bmw/p/46517480/bmw-2-serie-gran-tourer-216i-7p-46517480,Ekris Heerenveen
BMW i3,Dark Shadow Edition 120Ah 42 kWh Sportpakket/ Achteruitrijcamera/ Stoelverwarming/ Cruise Control/ 20 inch LM,2021,91.279 km,Elektrisch,"19.900,-","235,-",https://www.ekris.nl/bmw/p/46987947/bmw-i3-dark-shadow-edition-120ah-42-kwh-46987947,Ekris Flevoland
BMW i3,"Executive Edition 120Ah | Sportpakket | Warmtepomp | Achteruitrijcamera | Navigatiesysteem Professional | 20""",2020,74.848 km,Elektrisch,"20.695,-","244,-",https://www.ekris.nl/bmw/p/44627387/bmw-i3-44627387,Ekris Utrecht
BMW 2 Serie,Gran Tourer 216i 7p. | LED | HUD | Derde zitrij | Stoelverwarming | Clima | DAB | Alu 16 inch,2020,88.000 km,Benzine,"20.900,-","285,-",https://www.ekris.nl/bmw/p/44433670/bmw-2-serie-gran-tourer-216i-7p-44433670,Ekris Heerenveen
BMW 2 Serie,Gran Tourer 216i 7p. Executive Edition null,2020,64.323 km,Benzine,"20.900,-","285,-",https://www.ekris.nl/bmw/p/46275721/bmw-2-serie-gran-tourer-216i-7p-executive-edition-46275721,Ekris Groningen
BMW 2 Serie,Gran Tourer 216i High Executive Luxury Line 17'' / Trekhaak / Derde zitrij / Head-Up Display,2022,90.014 km,Benzine,"20.900,-","285,-",https://www.ekris.nl/bmw/p/46976699/bmw-2-serie-gran-tourer-216i-46976699,Ekris Veenendaal
BMW X1,sDrive20i Centennial High Executive | Leder | Trekhaak | Head-Up | Comfortacces | Glazendak |,2017,136.189 km,Benzine,"20.945,-","285,-",https://www.ekris.nl/bmw/p/47084610/bmw-x1-sdrive20i-centennial-high-executive-47084610,Ekris Groningen
BMW 1 Serie,5-deurs 118i | Executive Edition | Live Cockpit Professional,2020,79.041 km,Benzine,"21.750,-","296,-",https://www.ekris.nl/bmw/p/45140776/bmw-1-serie-5-deurs-118i-45140776,Ekris Maastricht
BMW 2 Serie,Active Tourer 218i | High Executive | Luxury Line | Parking Pack | Trekhaak | Sportstoelen | Head-Up | Getint Glas | Hi-Fi | Verwarmbare Voorstoelen | 17'' LMV,2019,96.344 km,Benzine,"21.900,-","298,-",https://www.ekris.nl/bmw/p/45463493/bmw-2-serie-active-tourer-218i-45463493,Ekris Nijkerk
BMW 1-serie,"118i | Executive | M Sportpakket | Trekhaak | Led | Apple Carplay | 17"" LMV",2020,97.576 km,Benzine,"21.900,-","298,-",https://www.ekris.nl/bmw/p/44937113/bmw-1-serie-118i-44937113,Ekris Nijkerk
BMW 2 Serie,Active Tourer 218i Executive M-Sport pakket/ Sportstoelen/ Cruise control/ Climate control/ Navigatie,2019,106.522 km,Benzine,"21.950,-","299,-",https://www.ekris.nl/bmw/p/45402399/bmw-2-serie-active-tourer-218i-executive-45402399,Ekris Flevoland
BMW 3 Serie,Touring 318i High Executive M-Sportpakket / Adaptief Onderstel / Elektrische Stoelen / Surround View / Head Up Display / Harman Kardon / Panoramadak / Trekhaak / 19'' /,2017,90.247 km,Benzine,"21.950,-","299,-",https://www.ekris.nl/bmw/p/47113097/bmw-3-serie-touring-318i-high-executive-47113097,Ekris Flevoland
BMW 1-serie,118i | Business Edition Plus | Parking Pack | Voorstoelen Verwarmd,2021,95.728 km,Benzine,"22.400,-","305,-",https://www.ekris.nl/bmw/p/44295597/bmw-1-serie-118i-44295597,Ekris Heerlen
BMW 2 Serie,"Gran Tourer 216i 7p. Executive | Sport Line | Trekhaak | Navigatiesysteem Plus | HIFI | 17""",2022,81.398 km,Benzine,"22.900,-","312,-",https://www.ekris.nl/bmw/p/45942209/bmw-2-serie-gran-tourer-216i-7p-45942209,Ekris Utrecht
BMW 1 Serie,3-deurs 118i | M-Sportpakket | LED | Leder | Navigatie | Schuifdak | Sportstoelen | Keyles go | DAB | Hifi speakers | Alu 18 inch,2019,49.000 km,Benzine,"22.900,-","312,-",https://www.ekris.nl/bmw/p/46197995/bmw-1-serie-3-deurs-118i-46197995,Ekris Heerenveen
BMW 2 Serie,Gran Coupé High Executive | Panoramadak | Achteruitrijcamera | Elektrisch verwarmde voorstoelen | Driving Assistant | Parking Assistant | LED,2020,103.987 km,Benzine,"22.900,-","312,-",https://www.ekris.nl/bmw/p/46950878/bmw-2-serie-gran-coupe-46950878,Ekris Utrecht
BMW 1-serie,118i Executive Edition Sport Line/ Sportstoelen/ Cruise Control/ Parkeersensoren,2020,24.042 km,Benzine,"22.900,-","312,-",https://www.ekris.nl/bmw/p/47052374/bmw-1-serie-118i-executive-edition-47052374,Ekris Flevoland
BMW 1-serie,118i Executive Edition Sport Line | Audio Media Pack | Parkeersensoren | Climate Control | LED | HiFi,2020,55.579 km,Benzine,"22.900,-","312,-",https://www.ekris.nl/bmw/p/46650810/bmw-1-serie-118i-executive-edition-46650810,Ekris Assen
BMW 1 Serie,5-deurs 118i Executive | Sportline | Sportstoelen | DAB | HiFi | 17'',2021,44.841 km,Benzine,"22.950,-","313,-",https://www.ekris.nl/bmw/p/47113287/bmw-1-serie-5-deurs-118i-47113287,Ekris Utrecht
BMW 3 Serie,Touring 318i | Executive | M Sport | Panoramadak | Stoelverwarming | LED | Cruise Control | 18'',2019,113.243 km,Benzine,"22.995,-","313,-",https://www.ekris.nl/bmw/p/45866418/bmw-3-serie-touring-318i-45866418,Ekris Arnhem
BMW i3,S 120Ah 42 kWh RoadStyle Edition null,2020,81.054 km,Elektrisch,"23.450,-","277,-",https://www.ekris.nl/bmw/p/47148920/bmw-i3-s-120ah-42-kwh-roadstyle-edition-47148920,Ekris Veenendaal
BMW 2 Serie,Gran Coupé 218i Business Edition | Luxury Line | Sportstoelen | HiFi |,2021,100.906 km,Benzine,"23.900,-","325,-",https://www.ekris.nl/bmw/p/46609226/bmw-2-serie-gran-coupe-218i-business-edition-46609226,Ekris Groningen
BMW 3 Serie,Sedan 320i | LED | Navigatie | Sportstoelen | Stoelverwarming | Keyles go | DAB | Hifi speakers | Alu 18 inch,2019,145.000 km,Benzine,"23.900,-","325,-",https://www.ekris.nl/bmw/p/46717175/bmw-3-serie-sedan-320i-46717175,Ekris Heerenveen
BMW 2 Serie,Gran Coupé 218i | Executive Edition | Sport Line,2020,86.562 km,Benzine,"23.900,-","325,-",https://www.ekris.nl/bmw/p/44912555/bmw-2-serie-gran-coupe-218i-44912555,Ekris Heerlen
BMW 1 Serie,5-deurs 118i | M-Sportpakket | LED | Navigatie | Schuifdak | Sportstoelen | DAB | Hifi speakers | Alu 17 inch,2021,79.000 km,Benzine,"23.900,-","325,-",https://www.ekris.nl/bmw/p/44985488/bmw-1-serie-5-deurs-118i-44985488,Ekris Heerenveen
BMW 2 Serie,Gran Tourer 216i 7p. Business Edition Sportline | 7-Persoon | Trekhaak | Head Up,2022,66.396 km,Benzine,"23.900,-","325,-",https://www.ekris.nl/bmw/p/46447783/bmw-2-serie-gran-tourer-216i-7p-business-edition-46447783,Ekris Assen
BMW 2 Serie,Gran Tourer 216i 7p. Business Edition Plus Luxury Line / trekhaak / Achteruitrijcamera / Head Up Display /,2022,71.140 km,Benzine,"23.900,-","325,-",https://www.ekris.nl/bmw/p/46534991/bmw-2-serie-gran-tourer-216i-7p-business-edition-plus-46534991,Ekris Flevoland
BMW 1-serie,"118i Executive Edition M-Sportpakket/ Head-Up/ HiFi/ Cruise Control/ panoramadak/ Achteruitrijcamera/M sportstoelen/ 18"" LMV",2019,133.118 km,Benzine,"23.900,-","325,-",https://www.ekris.nl/bmw/p/46780621/bmw-1-serie-118i-executive-edition-46780621,Ekris Flevoland
BMW 3-serie,320i Edition Sport Line Shadow High Executive | Glazendak | 19 inch |,2019,120.639 km,Benzine,"23.900,-","325,-",https://www.ekris.nl/bmw/p/46824821/bmw-3-serie-320i-edition-sport-line-shadow-high-executive-46824821,Ekris Groningen
BMW 1-serie,118i Executive Edition Parkeersensoren/ Carplay/ Cruise control/ Navigatie,2021,76.390 km,Benzine,"23.900,-","325,-",https://www.ekris.nl/bmw/p/47052550/bmw-1-serie-118i-executive-edition-47052550,Ekris Flevoland
BMW X1,xDrive20i High Executive | 4x4 | Trekhaak | lederen Sportstoelen | Head-Up Display | LED-koplampen | Achteruitrijcamera | Cruise Control | verwarmde voorstoelen,2018,104.568 km,Benzine,"23.900,-","325,-",https://www.ekris.nl/bmw/p/47113298/bmw-x1-xdrive20i-high-executive-47113298,Ekris Assen
BMW 1-serie,118i High Executive Edition | Stoelverwarming | Cruise Control | NAVI |,2020,79.259 km,Benzine,"24.450,-","333,-",https://www.ekris.nl/bmw/p/45965613/bmw-1-serie-118i-high-executive-edition-45965613,Ekris Groningen
BMW X1,sDrive18i High Executive M-Sportpakket / Stoelverwarming / Achteruitrij camera / Electronic damping control,2018,106.909 km,Benzine,"24.695,-","336,-",https://www.ekris.nl/bmw/p/41866771/bmw-x1-sdrive18i-high-executive-41866771,Ekris Flevoland
BMW X1,sDrive20i | High Executive | Parking Pack | Harman-Kardon | Stoelverwarming | Head-Up Display | Elektrische Achterklep | Achteruitrijcamera | 19'' | Trekhaak,2018,130.050 km,Benzine,"24.850,-","338,-",https://www.ekris.nl/bmw/p/46683432/bmw-x1-sdrive20i-46683432,Ekris Arnhem
BMW 1 Serie,118i High Executive Sport Line 18'' / HiFi / Verwarmde voorstoelen / Sportstoelen,2020,96.057 km,Benzine,"24.900,-","339,-",https://www.ekris.nl/bmw/p/45441521/bmw-1-serie-118i-45441521,Ekris Veenendaal
BMW 1 Serie,5-deurs 118i | M-Sportpakket | LED | Leder | Navigatie | Stoelverwarming | Sportstoelen | Clima | DAB | Alu 18 inch,2021,96.400 km,Benzine,"24.900,-","339,-",https://www.ekris.nl/bmw/p/46257441/bmw-1-serie-5-deurs-118i-46257441,Ekris Heerenveen
BMW 1-serie,118i High Executive M Sport | Trekhaak | Harman Kardon | Camera | Getint glas af-fabriek | Climate Control | LED,2020,66.889 km,Benzine,"24.900,-","339,-",https://www.ekris.nl/bmw/p/45807085/bmw-1-serie-118i-high-executive-45807085,Ekris Assen
BMW 3 Serie,Sedan 318d | LED | Navigatie | Sportstoelen | Schuifdak | Stoelverwarming | Hifi speakers | Alu 17 inch,2020,135.000 km,Diesel,"24.900,-","339,-",https://www.ekris.nl/bmw/p/46847259/bmw-3-serie-sedan-318d-46847259,Ekris Heerenveen
BMW 2 Serie,Gran Coupé 218i | High Executive Edition | Luxury Line | Voorstoelen Verwarmd,2020,98.512 km,Benzine,"24.900,-","339,-",https://www.ekris.nl/bmw/p/44407116/bmw-2-serie-gran-coupe-218i-44407116,Ekris Heerlen
BMW X2,sDrive18i | LED | Leder | HUD | Trekhaak | Sportstoelen | Stoelverwarming | Hifi speakers | Alu 17 inch,2018,116.000 km,Benzine,"24.900,-","339,-",https://www.ekris.nl/bmw/p/46997765/bmw-x2-sdrive18i-46997765,Ekris Heerenveen
BMW 2 Serie,Gran Coupé 218i High Executive | M Sport | Voorstoelen Verwarmd | Stuurwiel Verwarmd | HiFi,2021,81.077 km,Benzine,"24.900,-","339,-",https://www.ekris.nl/bmw/p/46950821/bmw-2-serie-gran-coupe-218i-high-executive-46950821,Ekris Heerlen
BMW 1 Serie,5-deurs 118i | LED | Navigatie | Sportstoelen | Clima | Cruise controle | PDC | DAB | Alu 17 inch,2021,72.000 km,Benzine,"24.900,-","339,-",https://www.ekris.nl/bmw/p/46803550/bmw-1-serie-5-deurs-118i-46803550,Ekris Heerenveen
BMW 1-serie,118d Executive Edition | Stoelverwarming | Carplay |,2020,103.090 km,Diesel,"24.900,-","339,-",https://www.ekris.nl/bmw/p/44626534/bmw-1-serie-118d-executive-edition-44626534,Ekris Groningen
BMW 4 Serie,Gran Coupé 430i xDrive Centennial High Executive M Sportpakket | Trekhaak | Stoelverwarming | Navigatie Professional | Xenon,2017,139.624 km,Benzine,"24.950,-","340,-",https://www.ekris.nl/bmw/p/46708287/bmw-4-serie-gran-coupe-430i-xdrive-centennial-high-executive-46708287,Ekris Assen
BMW 4 Serie,Gran Coupé 418i High Executive | M-Sportpakket | Schuif/kanteldak | Head Up | Leder Dashboard,2019,111.143 km,Benzine,"24.950,-","340,-",https://www.ekris.nl/bmw/p/46338917/bmw-4-serie-gran-coupe-418i-high-executive-46338917,Ekris Assen
BMW i3 S,120Ah Navigatiesysteem Professional | 20 inch | Warmtepomp,2022,23.498 km,Elektrisch,"24.995,-","295,-",https://www.ekris.nl/bmw/p/41428206/bmw-i3-s-120ah-41428206,Ekris Arnhem
BMW 1-serie,118i High Executive | M-Sportpakket | Schuifdak null,2020,120.555 km,Benzine,"25.450,-","347,-",https://www.ekris.nl/bmw/p/47109086/bmw-1-serie-118i-high-executive-m-sportpakket-schuifdak-47109086,Ekris Assen
BMW 2 Serie,Gran Coupé 218i High Executive | Parking Pack | HiFi System | Model Luxury Line | Parking Assistant | Achteruitrijcamera,2022,104.418 km,Benzine,"25.900,-","353,-",https://www.ekris.nl/bmw/p/46475712/bmw-2-serie-gran-coupe-218i-46475712,Ekris Zeist
BMW 2 Serie,Gran Coupé 218i Business Edition M Sportpakket | Panoramadak | Stoelverwarming | HiFi Sound,2021,126.807 km,Benzine,"25.900,-","353,-",https://www.ekris.nl/bmw/p/46379585/bmw-2-serie-gran-coupe-218i-business-edition-46379585,Ekris Assen
BMW 4 Serie,Gran Coupe 418i | M-Sportpakket | LED | Leder | Navigatie | Sportstoelen | Stoelverwarming | DAB | Hifi speakers | Alu 19 inch,2019,59.000 km,Benzine,"25.900,-","353,-",https://www.ekris.nl/bmw/p/45734903/bmw-4-serie-gran-coupe-418i-45734903,Ekris Heerenveen
BMW 1 Serie,5-deurs 116i | M-Sportpakket | LED | Leder | Navigatie | Schuifdak | Stoelverwarming | DAB | Hifi speakers | Alu 18 inch,2021,99.000 km,Benzine,"25.900,-","353,-",https://www.ekris.nl/bmw/p/47089200/bmw-1-serie-5-deurs-116i-47089200,Ekris Heerenveen
BMW 2 Serie,Active Tourer 218i | High Executive | Luxury Line | Head-Up | Hi-Fi | Stoelverwarming | Stuurwielverwarming | Climate Control | Navi Plus | 17'' LMV,2021,55.510 km,Benzine,"25.950,-","353,-",https://www.ekris.nl/bmw/p/46958077/bmw-2-serie-active-tourer-218i-46958077,Ekris Nijkerk
BMW 2 Serie,"Gran Coupé 218i High Executive | Luxury Line | Head-Up Display | Elek. Stoelen met Memory | Harman/Kardon | 17""",2021,98.045 km,Benzine,"26.695,-","364,-",https://www.ekris.nl/bmw/p/44627468/bmw-2-serie-gran-coupe-218i-44627468,Ekris Utrecht
BMW X2,xDrive25e High Executive | LED | Leder | HUD | Stoelverwarming | Clima | PDC | DAB | Alu 17 inch,2021,95.000 km,Hybride benzine,"26.900,-","366,-",https://www.ekris.nl/bmw/p/39472134/bmw-x2-xdrive25e-high-executive-39472134,Ekris Heerenveen
BMW 3 Serie,Sedan 318d | Executive Edition | Sport Line | Trekhaak Elektrisch | Parkeersensoren Voor en Achter,2021,113.065 km,Diesel,"26.900,-","366,-",https://www.ekris.nl/bmw/p/46668925/bmw-3-serie-sedan-318d-46668925,Ekris Heerlen
BMW 5 Serie,Sedan 530e | LED | Leder | HUD | Stoelverwarming | Chrome line | Hifi speakers | Alu 18 inch,2019,120.000 km,Hybride benzine,"26.900,-","366,-",https://www.ekris.nl/bmw/p/46557329/bmw-5-serie-sedan-530e-46557329,Ekris Heerenveen
BMW 1-serie,5-deurs 118i | Executive | M Sportpakket | Climate Control | Apple Carplay | Parkeersensoren | Sportstoelen | Uitgebreide Shadowline | 17'' LMV,2023,70.462 km,Benzine,"26.900,-","366,-",https://www.ekris.nl/bmw/p/46800834/bmw-1-serie-5-deurs-118i-46800834,Ekris Nijkerk
BMW 1 Serie,5-deurs 118i | Model M Sport | Parking Pack | Panoramadak,2020,91.104 km,Benzine,"26.900,-","366,-",https://www.ekris.nl/bmw/p/45434702/bmw-1-serie-5-deurs-118i-45434702,Ekris Heerlen
BMW 2 Serie,Active Tourer 218i M sportpakket,2022,121.968 km,Benzine,"26.900,-","366,-",https://www.ekris.nl/bmw/p/44320375/bmw-2-serie-active-tourer-218i-44320375,Ekris Maastricht
BMW 3 Serie,Touring 318i Executive Edition null,2020,96.316 km,Benzine,"26.900,-","366,-",https://www.ekris.nl/bmw/p/46425860/bmw-3-serie-touring-318i-executive-edition-46425860,Ekris Flevoland
BMW 3 Serie,Touring 318i | LED | Leder | Navigatie | Chrome line | Stoelverwarming | DAB | Alu 18 inch,2021,87.000 km,Benzine,"26.900,-","366,-",https://www.ekris.nl/bmw/p/43904036/bmw-3-serie-touring-318i-43904036,Ekris Heerenveen
BMW 1-serie,118i Business Edition M-Sport/ Achteruitrijcamera/ Cruise Control/ HiFi/ Sportstoelen,2021,38.158 km,Benzine,"26.900,-","366,-",https://www.ekris.nl/bmw/p/46933686/bmw-1-serie-118i-business-edition-46933686,Ekris Flevoland
BMW 1-serie,118i | Executive | Sport Line | Panodak | Achteruitrijcamera | Stuurwiel Verwarming | Apple Carplay | HiFi | 18'' LMV,2022,42.875 km,Benzine,"26.900,-","366,-",https://www.ekris.nl/bmw/p/47076629/bmw-1-serie-118i-47076629,Ekris Nijkerk
BMW 1 Serie,5-deurs 118i | Executive | M Sportpakket | Apple Carplay | LED | 17'' LMV,2023,62.221 km,Benzine,"27.450,-","374,-",https://www.ekris.nl/bmw/p/46841334/bmw-1-serie-5-deurs-118i-46841334,Ekris Maastricht
BMW i3,"S 120Ah Warmtepomp | Navigatiesysteem | DC-snelladen | Achteruitrijcamera | 20""",2022,20.910 km,Elektrisch,"27.695,-","327,-",https://www.ekris.nl/bmw/p/44448558/bmw-i3-s-120ah-44448558,Ekris Utrecht
BMW 1-serie,116i Sportstoelen | LED koplampen | Sportline,2024,36.694 km,Benzine,"27.900,-","380,-",https://www.ekris.nl/bmw/p/46519691/bmw-1-serie-116i-46519691,Ekris Assen
BMW 1 Serie,5-deurs 118i | Executive | M Sportpakket | Climate Control | Apple Carplay | Parkeersensoren | Sportstoelen | Uitgebreide Shadowline | 17'' LMV,2023,49.982 km,Benzine,"27.900,-","380,-",https://www.ekris.nl/bmw/p/46800826/bmw-1-serie-5-deurs-118i-46800826,Ekris Nijkerk
BMW 1 Serie,5-deurs 118i | Model M Sport | M Shadow Line uitgebreid | Parkeersensoren voor én achter | Navigatiesysteem | LED-koplampen | Climate Control,2023,46.144 km,Benzine,"27.900,-","380,-",https://www.ekris.nl/bmw/p/46914306/bmw-1-serie-5-deurs-118i-46914306,Ekris Heerlen
BMW 1-serie,120i Business Edition Plus M-Sportpakket | Stoelverwarming | LED | Camera,2021,91.167 km,Benzine,"27.900,-","380,-",https://www.ekris.nl/bmw/p/46778433/bmw-1-serie-120i-business-edition-plus-46778433,Ekris Assen
BMW 1 Serie,5-deurs 118i | M-Sportpakket | LED | Navigatie | Sportstoelen | Shadow line | DAB | Alu 17 inch,2023,49.000 km,Benzine,"27.900,-","380,-",https://www.ekris.nl/bmw/p/46826487/bmw-1-serie-5-deurs-118i-46826487,Ekris Heerenveen
BMW 1 Serie,118i | Executive | M Sportpakket | Apple Carplay | LED | 17'' LMV,2023,53.098 km,Benzine,"27.950,-","381,-",https://www.ekris.nl/bmw/p/46801385/bmw-1-serie-118i-46801385,Ekris Arnhem
BMW i3,S 120Ah 42 kWh 20 inch/ Cruise Control/ Comfort pakket/ Navigatie,2022,20.732 km,Elektrisch,"27.950,-","330,-",https://www.ekris.nl/bmw/p/44413566/bmw-i3-s-120ah-42-kwh-44413566,Ekris Flevoland
BMW 5 Serie,Sedan 530e | High Executive | M Sportpakket | Trekhaak | Comfort Stoelen | Achteruitrijcamera | 18'' LMV,2018,125.114 km,Hybride benzine,"27.950,-","381,-",https://www.ekris.nl/bmw/p/46738292/bmw-5-serie-sedan-530e-46738292,Ekris Nijkerk
BMW X2,sDrive20i M Sportpakket X 19'' / Trekhaak / Driving Assistant / HiFi System,2019,98.853 km,Benzine,"27.950,-","381,-",https://www.ekris.nl/bmw/p/43863402/bmw-x2-sdrive20i-43863402,Ekris Veenendaal
BMW X2,sDrive20i M Sportpakket 20'' / Head-Up Display / Harman Kardon / Active Cruise Control,2018,120.100 km,Benzine,"27.950,-","381,-",https://www.ekris.nl/bmw/p/47033562/bmw-x2-sdrive20i-47033562,Ekris Veenendaal
BMW 2 Serie,Gran Coupé 218i | M Sport | Stoelverwarming | Isofix | Parkeersensoren | LED Koplampen | 18'',2021,39.672 km,Benzine,"27.995,-","381,-",https://www.ekris.nl/bmw/p/47049264/bmw-2-serie-gran-coupe-218i-47049264,Ekris Arnhem
BMW 2 Serie,Gran Coupé 218i Model M Sport | High Executive | Elektrisch verwarmde voorstoelen | Parking Assistant | HiFi System,2021,108.511 km,Benzine,"28.400,-","387,-",https://www.ekris.nl/bmw/p/44263685/bmw-2-serie-gran-coupe-218i-44263685,Ekris Zeist
BMW 3 Serie,"Sedan 318i BMW Live Cockpit Professional | PDC | DAB | 16""",2021,81.642 km,Benzine,"28.695,-","391,-",https://www.ekris.nl/bmw/p/44753361/bmw-3-serie-sedan-318i-44753361,Ekris Utrecht
BMW X1,sDrive18i High Executive Edition | X Line| Panoramadak | Trekhaak | Head-Up | Achteruitrijcamera | 19inch,2020,110.777 km,Benzine,"28.900,-","394,-",https://www.ekris.nl/bmw/p/44382465/bmw-x1-sdrive18i-high-executive-edition-44382465,Ekris Assen
BMW 1 Serie,5-deurs 118i High Executive | M Sport Plus Pack | Audio Media Pack | Parking Pack | Panoramadak | LED Koplampen | DAB | HIFi | 19'',2021,73.101 km,Benzine,"28.900,-","394,-",https://www.ekris.nl/bmw/p/46059942/bmw-1-serie-5-deurs-118i-46059942,Ekris Utrecht
BMW 3 Serie,Sedan 330e eDrive LED | Leder | Navigatie | Stoelverwarming | Clima | DAB | Harman-kardon sound | Alu 18 inch,2020,82.000 km,Hybride benzine,"28.900,-","394,-",https://www.ekris.nl/bmw/p/46064187/bmw-3-serie-sedan-330e-edrive-46064187,Ekris Heerenveen
BMW 1 Serie,5-deurs 118i | Executive | M Sportpakket | Climate Control | Apple Carplay | Parkeersensoren | Sportstoelen | Uitgebreide Shadowline | 17'' LMV,2023,29.840 km,Benzine,"28.900,-","394,-",https://www.ekris.nl/bmw/p/46800730/bmw-1-serie-5-deurs-118i-46800730,Ekris Nijkerk
BMW 1 Serie,5-deurs 118i | LED | Leder | HUD | Schuifdak | Active cruise | Stoelverwarming | DAB | Hifi speakers | Alu 17 inch,2021,69.000 km,Benzine,"28.900,-","394,-",https://www.ekris.nl/bmw/p/46844392/bmw-1-serie-5-deurs-118i-46844392,Ekris Heerenveen
BMW 1 Serie,5-deurs 118i | LED | Navigatie | Schuifdak | Sportstoelen | Stoelverwarming | Keyles go | DAB | Alu 17 inch,2023,69.000 km,Benzine,"28.900,-","394,-",https://www.ekris.nl/bmw/p/46669624/bmw-1-serie-5-deurs-118i-46669624,Ekris Heerenveen
BMW 1-serie,118i High Executive Edition | M-Sportpakket | HiFi Sound | 18inch | Stoelverwarming,2020,49.854 km,Benzine,"28.900,-","394,-",https://www.ekris.nl/bmw/p/43723719/bmw-1-serie-118i-high-executive-edition-43723719,Ekris Assen
BMW X1,sDrive20i | LED | HUD | Schuifdak | Sportstoelen | Stoelverwarming | Chrome line | DAB | Alu 18 inch,2020,85.000 km,Benzine,"28.900,-","394,-",https://www.ekris.nl/bmw/p/46821802/bmw-x1-sdrive20i-46821802,Ekris Heerenveen
BMW 2 Serie,Active Tourer 218i High Executive Edition M Sport pakket/ Panoramadak/ Head-Up/ Lederen bekleding/ Elektrische achterklep/ Achteruitrijcamera,2020,43.355 km,Benzine,"28.900,-","394,-",https://www.ekris.nl/bmw/p/45828319/bmw-2-serie-active-tourer-218i-high-executive-edition-45828319,Ekris Flevoland
BMW 5 Serie,Touring 520i | Executive | M Sportpakket | Trekhaak | Hi-Fi | Sportstoelen | Navi Prof. | Stoelverwarming | 18'' LMV,2017,78.850 km,Benzine,"28.900,-","394,-",https://www.ekris.nl/bmw/p/45796535/bmw-5-serie-touring-520i-45796535,Ekris Nijkerk
BMW 2 Serie,Gran Coupé 218i High Executive Edition M Sport | Glazen Panoramadak | M Sportstoelen | Stuur- en stoelverwarming | Harman Kardon | Head-Up Display,2020,85.704 km,Benzine,"28.900,-","394,-",https://www.ekris.nl/bmw/p/46650709/bmw-2-serie-gran-coupe-218i-high-executive-edition-46650709,Ekris Assen
BMW 3 Serie,Touring 320i Executive | Audio Media Pack | Parking Pack | Comfort Access | Elektrisch Verstelbare Voorstoelen | Parking Assistant | DAB | HiFi | 17'',2020,121.329 km,Benzine,"28.900,-","394,-",https://www.ekris.nl/bmw/p/45747110/bmw-3-serie-touring-320i-45747110,Ekris Utrecht
BMW 1 Serie,5-deurs 120i High Executive | Parking Pack | M Sportpakket,2021,100.654 km,Benzine,"29.750,-","405,-",https://www.ekris.nl/bmw/p/45963759/bmw-1-serie-5-deurs-120i-45963759,Ekris Maastricht
BMW 3 Serie,Sedan 318i Executive,2022,59.522 km,Benzine,"29.750,-","405,-",https://www.ekris.nl/bmw/p/46803692/bmw-3-serie-sedan-318i-46803692,Ekris Maastricht
BMW 5 Serie,Sedan 520i | High Executive | Luxury-Line | Comfortstoelen | Stoelventilatie,2019,107.541 km,Benzine,"29.750,-","405,-",https://www.ekris.nl/bmw/p/45463910/bmw-5-serie-sedan-45463910,Ekris Maastricht
BMW 1 Serie,5-deurs 118i | M Sportpakket | 17 inch | Sportstoelen | Cruise Control | Lichtpakket | Live Cockpit Professional,2023,44.113 km,Benzine,"29.850,-","406,-",https://www.ekris.nl/bmw/p/42727309/bmw-1-serie-5-deurs-118i-42727309,Ekris Arnhem
BMW X1,sDrive18i High Executive Edition | Head Up | 17inch,2021,108.892 km,Benzine,"29.900,-","407,-",https://www.ekris.nl/bmw/p/43878689/bmw-x1-sdrive18i-high-executive-edition-43878689,Ekris Assen
BMW 3 Serie,Sedan 318i | LED | Leder | Navigatie | Schuifdak | Sportstoelen | Stoelverwarming | DAB | Harman-kardon sound | Alu 18 inch,2021,85.000 km,Benzine,"29.900,-","407,-",https://www.ekris.nl/bmw/p/44750931/bmw-3-serie-sedan-318i-44750931,Ekris Heerenveen
BMW 2 Serie,Gran Coupe 218i | M-Sportpakket | LED | Leder | Navigatie | Schuifdak | M- Sportstoelen | DAB | Hifi speakers | Alu 19 inch,2022,119.000 km,Benzine,"29.900,-","407,-",https://www.ekris.nl/bmw/p/45735112/bmw-2-serie-gran-coupe-218i-45735112,Ekris Heerenveen
BMW 3 Serie,Sedan 330e | High Executive | HiFi | Led | Apple Carplay | Verwarmde Voorstoelen,2020,98.944 km,Hybride benzine,"29.900,-","407,-",https://www.ekris.nl/bmw/p/46853747/bmw-3-serie-sedan-330e-46853747,Ekris Nijkerk
BMW X1,sDrive20i VDL Nedcar Edition | Parking Pack | Panorama Dak | Voorstoelen Verwarmd | Trekhaak,2020,97.818 km,Benzine,"29.900,-","407,-",https://www.ekris.nl/bmw/p/46946647/bmw-x1-sdrive20i-vdl-nedcar-edition-46946647,Ekris Heerlen
BMW 3 Serie,Sedan 320e | M-Sportpakket | Laserlicht | Leder | Navigatie | Sportstoelen | Stoelverwarming | DAB | Hifi speakers | Alu 18 inch,2022,128.000 km,Hybride benzine,"29.900,-","407,-",https://www.ekris.nl/bmw/p/45936483/bmw-3-serie-sedan-320e-45936483,Ekris Heerenveen
BMW 1 Serie,5-deurs 118i | Live Cockpit Professional,2023,49.066 km,Benzine,"29.900,-","407,-",https://www.ekris.nl/bmw/p/47062782/bmw-1-serie-5-deurs-118i-47062782,Ekris Maastricht
BMW 1 Serie,5-deurs 120i | M Sportpakket,2022,62.900 km,Benzine,"29.900,-","407,-",https://www.ekris.nl/bmw/p/44313379/bmw-1-serie-5-deurs-120i-44313379,Ekris Maastricht
BMW X1,sDrive18i High Executive Edition B| M Sport | Trekhaak | Leder | Stoelverwarming | Parkeersensoren voor en achter | Head-Up Display | Navigatie |,2019,107.000 km,Benzine,"29.900,-","407,-",https://www.ekris.nl/bmw/p/46477999/bmw-x1-sdrive18i-high-executive-edition-46477999,Ekris Groningen
BMW X1,sDrive18i M Sportpakket | Glazen panoramadak | Park Assistant | Achteruitrijcamera,2021,90.854 km,Benzine,"30.750,-","419,-",https://www.ekris.nl/bmw/p/46197568/bmw-x1-sdrive18i-46197568,Ekris Maastricht
BMW X1,sDrive20i High Executive | Audio Media Pack | Trekhaak | BMW Head-Up Display | Driving Assistant | Harman-Kardon,2019,98.506 km,Benzine,"30.750,-","419,-",https://www.ekris.nl/bmw/p/46804174/bmw-x1-sdrive20i-46804174,Ekris Maastricht
BMW 2 Serie,Gran Coupe 220i | LED | Navigatie | Sportstoelen | Shadow line | DAB | Hifi speakers | Alu 18 inch,2022,32.000 km,Benzine,"30.900,-","421,-",https://www.ekris.nl/bmw/p/43349842/bmw-2-serie-gran-coupe-220i-43349842,Ekris Heerenveen
BMW X2,sDrive18i Business Edition | M Sportpakket X | Executive | 19inch,2021,52.499 km,Benzine,"30.900,-","421,-",https://www.ekris.nl/bmw/p/46851098/bmw-x2-sdrive18i-46851098,Ekris Maastricht
BMW 1 Serie,118i Model Sport Line | Panoramadak | Stoelverwarming | Live Cockpit Professional | Interieurlijsten Illuminated Berlin,2023,30.187 km,Benzine,"30.950,-","421,-",https://www.ekris.nl/bmw/p/47136169/bmw-1-serie-118i-47136169,Ekris Zeist
BMW X1,sDrive20i High Executive | VDL Nedcar Edition,2020,69.183 km,Benzine,"31.750,-","432,-",https://www.ekris.nl/bmw/p/45708915/bmw-x1-sdrive20i-45708915,Ekris Maastricht
BMW 3 Serie,Touring 330e | Laserlicht | Leder | Navigatie | Schuifdak | Sportstoelen | Chrome line | DAB | Hifi speakers | Alu 18 inch,2022,124.000 km,Hybride benzine,"31.900,-","434,-",https://www.ekris.nl/bmw/p/43765347/bmw-3-serie-touring-330e-43765347,Ekris Heerenveen
BMW 3 Serie,Touring 318i | Laserlicht | Leder | Navigatie | Schuifdak | Elektr. zetels | Shadow line | DAB | ALu 17 inch,2021,65.000 km,Benzine,"31.900,-","434,-",https://www.ekris.nl/bmw/p/46363507/bmw-3-serie-touring-318i-46363507,Ekris Heerenveen
BMW 3 Serie,Touring 320e | High Executive | Stoelverwarming | Cruise Control | 17'' | Parkeersensoren | Trekhaak,2022,109.885 km,Hybride benzine,"31.900,-","434,-",https://www.ekris.nl/bmw/p/46956417/bmw-3-serie-touring-320e-46956417,Ekris Arnhem
BMW 3 Serie,Touring 320e null,2021,68.074 km,Hybride benzine,"31.900,-","434,-",https://www.ekris.nl/bmw/p/46950871/bmw-3-serie-touring-320e-46950871,Ekris Heerlen
BMW X1,sDrive20i Executive | M Sportpakket | Parking Pack | Safety Pack | Comfort Access | Achteruitrijcamera | Head-Up Display | DAB | HiFi | 18'',2020,87.000 km,Benzine,"31.900,-","434,-",https://www.ekris.nl/bmw/p/45272202/bmw-x1-sdrive20i-45272202,Ekris Utrecht
BMW 5 Serie,Sedan 520i | M Sportpakket | Park Assistant Pack | Parking Pack | Audio Media Pack,2019,111.260 km,Benzine,"31.900,-","434,-",https://www.ekris.nl/bmw/p/47062534/bmw-5-serie-sedan-520i-47062534,Ekris Maastricht
BMW 5 Serie,520i High Executive Edition M-Sportpakket | Schuifkanteldak | Comfortstoelen,2019,96.440 km,Benzine,"31.900,-","434,-",https://www.ekris.nl/bmw/p/47162119/bmw-5-serie-520i-high-executive-edition-47162119,Ekris Assen
BMW 3 Serie,Sedan 330e High Executive | M Sportpakket | Audio Media Pack | Parking Pack | DAB | HiFi | 18'',2019,116.002 km,Hybride benzine,"31.950,-","435,-",https://www.ekris.nl/bmw/p/46988975/bmw-3-serie-sedan-330e-46988975,Ekris Utrecht
BMW X1,sDrive20i High Executive Achteruitrijcamera/ Stoelverwarming/ Sportstoelen/ Cruise Control/ Elektrische Achterklep,2020,74.196 km,Benzine,"31.950,-","435,-",https://www.ekris.nl/bmw/p/45573293/bmw-x1-sdrive20i-high-executive-45573293,Ekris Flevoland
BMW X2,xDrive25e M Sport/ Achteruitrijcamera/ Sportstoelen/ Cruise Control/ Driving Assistant/ Head-Up/,2021,51.500 km,Hybride benzine,"31.950,-","435,-",https://www.ekris.nl/bmw/p/42755891/bmw-x2-xdrive25e-42755891,Ekris Flevoland
BMW X1,sDrive20i | High Executive | M Sportpakket | Panodak | Trekhaak | Harman Kardon | Head-Up | Comfort Access | Driving Assistant | Achteruitrijcamera | M Sportremmen | 19'' LMV,2020,101.982 km,Benzine,"31.950,-","435,-",https://www.ekris.nl/bmw/p/46919278/bmw-x1-sdrive20i-46919278,Ekris Nijkerk
BMW 3 Serie,Sedan 320i | M Sport | High Executive | Verwarmd Stuurwiel | Elektrische Achterklep | Stoelverwarming | Head-Up Display | 18'',2019,78.373 km,Benzine,"31.995,-","436,-",https://www.ekris.nl/bmw/p/46683371/bmw-3-serie-sedan-320i-46683371,Ekris Arnhem
BMW X2,sDrive20i High Executive | M Sportpakket |,2021,70.802 km,Benzine,"32.695,-","445,-",https://www.ekris.nl/bmw/p/46501016/bmw-x2-sdrive20i-46501016,Ekris Utrecht
BMW X1,xDrive25e | Head-Up | 18'' | Sportstoelen | Camera |,2022,73.027 km,Hybride benzine,"32.850,-","447,-",https://www.ekris.nl/bmw/p/45015941/bmw-x1-xdrive25e-45015941,Ekris Groningen
BMW 2 Serie,Active Tourer 218i M Sportpakket | Premium Pack | Stuurwielrand Verwarmd | Comfort Access | 18'',2022,62.397 km,Benzine,"32.850,-","447,-",https://www.ekris.nl/bmw/p/43807348/bmw-2-serie-active-tourer-218i-43807348,Ekris Utrecht
BMW X3,xDrive20i High Executive | Model xLine | Glazen panoramadak | Park Distance Control voor/achter (PDC) | Navigatiesysteem Professional,2018,74.000 km,Benzine,"32.900,-","448,-",https://www.ekris.nl/bmw/p/46397426/bmw-x3-xdrive20i-46397426,Ekris Zeist
BMW X1,sDrive20i | High Executive | M Sportpakket | Panodak | Trekhaak | Head-Up | Getint Glas | Sportstoelen | Hi-Fi | 19'' LMV,2020,78.338 km,Benzine,"32.900,-","448,-",https://www.ekris.nl/bmw/p/45635722/bmw-x1-sdrive20i-45635722,Ekris Nijkerk
BMW 5 Serie,Touring 520i | High Executive | M Sportpakket | Panodak | Parking Assistant Plus | Driving Assistant | Head-Up | Hi-Fi | Adaptieve LED | 18'' LMV,2019,98.553 km,Benzine,"32.900,-","448,-",https://www.ekris.nl/bmw/p/44648105/bmw-5-serie-touring-520i-44648105,Ekris Nijkerk
BMW 2 Serie,Active Tourer 218i | Innovation Pack | Parking Assistant Plus | Head-Up Display | Comfort Access | Isofix | 17'',2023,46.932 km,Benzine,"32.900,-","448,-",https://www.ekris.nl/bmw/p/46955979/bmw-2-serie-active-tourer-218i-46955979,Ekris Arnhem
BMW 5 Serie,Touring 530i xDrive High Executive Stuurwielverwarming/ Comfort Access/ panoramadak/ HiFi/ Stoelverwarming,2019,111.500 km,Benzine,"32.900,-","448,-",https://www.ekris.nl/bmw/p/46795287/bmw-5-serie-touring-530i-xdrive-high-executive-46795287,Ekris Flevoland
BMW X2,xDrive25e | M-Sportpakket | LED | Navigatie | Schuifdak | Stoelverwarming | Keyles go | DAB | Alu 19 inch,2021,56.000 km,Hybride benzine,"32.900,-","448,-",https://www.ekris.nl/bmw/p/47038945/bmw-x2-xdrive25e-47038945,Ekris Heerenveen
BMW X1,xDrive25e High Executive | Comfort Pack | Trekhaak met afneembare kogel | Stuurwielrand Verwarmd | Glazen panoramadak | Park Distance Control voor/achter (PDC) | HiFi System | BMW Head-Up Display,2022,89.706 km,Hybride benzine,"32.900,-","448,-",https://www.ekris.nl/bmw/p/45629686/bmw-x1-xdrive25e-45629686,Ekris Zeist
BMW 2 Serie,Gran Coupé 218i M-Sportpakket | Parking Pack | 18 inch | Sportstoelen,2023,27.305 km,Benzine,"32.950,-","449,-",https://www.ekris.nl/bmw/p/40351373/bmw-2-serie-gran-coupe-218i-40351373,Ekris Arnhem
BMW 2 Serie,Active Tourer 218i | Premium Pack | Comfort Pack | Comfort Access | Achteruitrijcamera | Stoelverwarming | Parking Assistant | 17'',2022,61.789 km,Benzine,"32.995,-","449,-",https://www.ekris.nl/bmw/p/45171576/bmw-2-serie-active-tourer-218i-45171576,Ekris Arnhem
BMW X1,sDrive20i | High Executive | Parking Pack | xLine,2021,97.895 km,Benzine,"33.450,-","455,-",https://www.ekris.nl/bmw/p/42862099/bmw-x1-sdrive20i-42862099,Ekris Heerlen
BMW X1,xDrive25e Sportline | Sportstoelen | Park Distance Control Achter | LED-koplampen | Navigatiesysteem | 18'',2022,61.079 km,Hybride benzine,"33.695,-","459,-",https://www.ekris.nl/bmw/p/43941508/bmw-x1-xdrive25e-43941508,Ekris Utrecht
BMW 5 Serie,Sedan 520i | Safety Pack | Parking Pack | Active Cruise Control | Comfortstoelen,2020,85.912 km,Benzine,"33.750,-","460,-",https://www.ekris.nl/bmw/p/45785425/bmw-5-serie-sedan-520i-45785425,Ekris Maastricht
BMW 3 Serie,Touring 320e | Model Luxury Line | Business Edition Plus,2022,83.008 km,Hybride benzine,"33.750,-","460,-",https://www.ekris.nl/bmw/p/46073737/bmw-3-serie-touring-320e-46073737,Ekris Maastricht
BMW 3-serie,320i High Executive | M Sportpakket | Comfort Access | Trekhaak,2020,69.535 km,Benzine,"33.900,-","462,-",https://www.ekris.nl/bmw/p/46650089/bmw-3-serie-320i-high-executive-46650089,Ekris Heerlen
BMW 3 Serie,"Touring 320e Luxury Line | High Executive | Sportstoelen voor | Live Cockpit Professional | HIFI | 17""",2022,87.195 km,Hybride benzine,"33.900,-","462,-",https://www.ekris.nl/bmw/p/46250334/bmw-3-serie-touring-320e-46250334,Ekris Utrecht
BMW X2,xDrive25e M Sportpakket/ Stuurverwarming/ Comfort Access/ Achteruitrijcamera/ Sportstoelen/ Stoelverwarming,2022,46.900 km,Hybride benzine,"33.900,-","462,-",https://www.ekris.nl/bmw/p/43884146/bmw-x2-xdrive25e-43884146,Ekris Flevoland
BMW 2 Serie,Gran Coupe 218i | M-Sportpakket | LED | Navigatie | Sportstoelen | Clima | cruise controle | DAB | Alu 18 inch,2024,38.000 km,Benzine,"33.900,-","462,-",https://www.ekris.nl/bmw/p/47091574/bmw-2-serie-gran-coupe-218i-47091574,Ekris Heerenveen
BMW 3 Serie,318i High Executive Edition Stuurwielverwarming/ Head-Up/ Harman-Kardon/ Stoelverwarming/ Achteruitrijcamera/ Sportstoelen/ Panoramadak,2020,89.618 km,Benzine,"33.950,-","462,-",https://www.ekris.nl/bmw/p/46688007/bmw-3-serie-318i-high-executive-edition-46688007,Ekris Flevoland
BMW 2 Serie,Active Tourer 218i M Sport | Comfort Acces / Adaptieve demping / Premium Pack / Stoelverwarming & Stuurverwarming,2023,39.793 km,Benzine,"33.950,-","462,-",https://www.ekris.nl/bmw/p/47148737/bmw-2-serie-active-tourer-218i-47148737,Ekris Veenendaal
BMW 3-serie,320e Business Edition Plus | Trekhaak | Panoramadak | Stoelverwarming |,2022,98.260 km,Hybride benzine,"34.400,-","468,-",https://www.ekris.nl/bmw/p/46275391/bmw-3-serie-320e-business-edition-plus-46275391,Ekris Groningen
BMW 3 Serie,Touring 330e High Executive | Parking Pack | M Sport plus | Audio Media Pack | Elekt. Trekhaak | Head-up,2020,100.186 km,Hybride benzine,"34.750,-","473,-",https://www.ekris.nl/bmw/p/46341962/bmw-3-serie-touring-330e-46341962,Ekris Maastricht
BMW 3 Serie,Touring 318i High Executive | M sportpakket | Parking Pack | Glazen panoramadak | Parking Assistant |,2020,85.473 km,Benzine,"34.750,-","473,-",https://www.ekris.nl/bmw/p/46342007/bmw-3-serie-touring-318i-46342007,Ekris Maastricht
BMW 3 Serie,Sedan 320e High Executive M Sportpakket 19'' / Schuif-/kanteldak / Elektrisch verstelbare voorstoelen / HiFi System,2022,111.580 km,Hybride benzine,"34.750,-","473,-",https://www.ekris.nl/bmw/p/46416836/bmw-3-serie-sedan-320e-46416836,Ekris Veenendaal
BMW 5 Serie,Touring 520i | High Executive | M Sportpakket | Achteruitrijcamera | Panoramadak | Stoelverwarming | Head-Up Display | Parking Assistant,2019,63.684 km,Benzine,"34.895,-","475,-",https://www.ekris.nl/bmw/p/45870020/bmw-5-serie-touring-520i-45870020,Ekris Arnhem
BMW 3 Serie,Touring 318i | M-Sportpakket | Laserlicht | Leder | Navigatie | Sportstoelen | Stoelverwarming | DAB | Alu 18 inch,2021,87.000 km,Benzine,"34.900,-","475,-",https://www.ekris.nl/bmw/p/46364682/bmw-3-serie-touring-318i-46364682,Ekris Heerenveen
BMW 2 Serie,Active Tourer 218i M Sportpakket | 17 inch LM M Dubbelspaak | Achteruitrijcamera | Parking Assistant | Alarmsysteem klasse 3,2024,37.094 km,Benzine,"34.900,-","475,-",https://www.ekris.nl/bmw/p/46476077/bmw-2-serie-active-tourer-218i-46476077,Ekris Zeist
BMW 5 Serie,Sedan 520i | High Executive | Comfortstoelen | Verwamde Voorstoelen | Adaptieve LED Koplampen | Sportstuur | Climate Control | 17'' LMV,2020,73.338 km,Benzine,"34.900,-","475,-",https://www.ekris.nl/bmw/p/45874035/bmw-5-serie-sedan-520i-45874035,Ekris Nijkerk
BMW 5 Serie,Touring 520i M-Sportpakket | LED | Leder | HUD | Comfortzetels | Trekhaak | Chrome line | DAB | Hifi speakers | Alu 19 inch,2020,106.800 km,Benzine,"34.900,-","475,-",https://www.ekris.nl/bmw/p/46257246/bmw-5-serie-touring-520i-46257246,Ekris Heerenveen
BMW 3 Serie,Touring 318i | M-Sportpakket | Laserlicht | Leder | Sportstoelen | Stoelverwarming | DAB | Alu 19 inch,2021,54.000 km,Benzine,"34.900,-","475,-",https://www.ekris.nl/bmw/p/46804610/bmw-3-serie-touring-318i-46804610,Ekris Heerenveen
BMW 3 Serie,Touring 320e Sportstoelen | Cruise Control | DAB | Curved Display | 17'',2022,64.252 km,Hybride benzine,"34.900,-","475,-",https://www.ekris.nl/bmw/p/46394117/bmw-3-serie-touring-320e-46394117,Ekris Utrecht
BMW i4,Gran Coupe eDrive40 | LED | Navigatie | Sportstoelen | Clima | Getint glas achter | PDC | DAB | Alu 20 inch,2022,114.000 km,Elektrisch,"34.900,-","412,-",https://www.ekris.nl/bmw/p/44128476/bmw-i4-gran-coupe-edrive40-44128476,Ekris Heerenveen
BMW 3 Serie,Touring 320i | High Executive | M Sport Plus Pack | 19'' | Achteruitrijcamera | Panoramadak | Stoelverwarming | Head-Up Display | Cruise Control,2020,116.431 km,Benzine,"34.985,-","476,-",https://www.ekris.nl/bmw/p/46223266/bmw-3-serie-touring-320i-46223266,Ekris Arnhem
BMW 3 Serie,Sedan 320e High Executive | M Sportpakket | 19 inch | Laserlight,2021,76.365 km,Hybride benzine,"35.450,-","483,-",https://www.ekris.nl/bmw/p/46342072/bmw-3-serie-sedan-320e-46342072,Ekris Maastricht
BMW 1 Serie,5-deurs 118i | Model M Sport | Innovation Pack | Comfort Pack,2024,16.709 km,Benzine,"35.500,-","483,-",https://www.ekris.nl/bmw/p/39055365/bmw-1-serie-5-deurs-118i-39055365,Ekris Veenendaal
BMW 2 Serie,Active Tourer 225e xDrive | M Sportpakket | Premium Pack | Parking Assistant | Achteruitrijcamera | Comfort Access | Isofix | 17'',2023,41.684 km,Hybride benzine,"35.850,-","488,-",https://www.ekris.nl/bmw/p/46538337/bmw-2-serie-active-tourer-225e-xdrive-46538337,Ekris Arnhem
BMW 5 Serie,Sedan 520i | Laserlicht | Leder | Navigatie | Trekhaak | Active cruise | Comfortzetels | Stoelverwarming | DAB | Alu 18 inch,2021,118.000 km,Benzine,"35.900,-","489,-",https://www.ekris.nl/bmw/p/45428154/bmw-5-serie-sedan-520i-45428154,Ekris Heerenveen
BMW 5 Serie,Touring 530e | Laserlicht | Leder | Navigatie | Comfortzetels | Trekhaak | Stoelverwarming | Chrome line | DAB | Alu 18 inch,2022,112.000 km,Hybride benzine,"35.900,-","489,-",https://www.ekris.nl/bmw/p/46362712/bmw-5-serie-touring-530e-46362712,Ekris Heerenveen
BMW 3 Serie,Touring 318i | LED | Navigatie | Schuifdak | Trekhaak | Shadow line | DAB | Hifi speakers | Alu 18 inch,2022,75.000 km,Benzine,"35.900,-","489,-",https://www.ekris.nl/bmw/p/46064412/bmw-3-serie-touring-318i-46064412,Ekris Heerenveen
BMW X2,xDrive25e | High Executive | M Sportpakket | Driving Assistant Plus | Achteruitrijcamera | Head-Up | Comfort Access | HiFi | Active Cruise Control | Elektr. Achterklep | 19''LMV,2023,53.735 km,Hybride benzine,"35.900,-","489,-",https://www.ekris.nl/bmw/p/42351350/bmw-x2-xdrive25e-42351350,Ekris Nijkerk
BMW 2 Serie,Gran Coupé 218i | M Sportpakket,2024,30.902 km,Benzine,"35.900,-","489,-",https://www.ekris.nl/bmw/p/46516612/bmw-2-serie-gran-coupe-218i-46516612,Ekris Heerlen
BMW 1 Serie,118i Glazen panoramadak | BMW Head-Up Display | HiFi System | M Sportpakket Pro | Comfort Pack | Innovation Pack,2023,28.964 km,Benzine,"35.900,-","489,-",https://www.ekris.nl/bmw/p/46474778/bmw-1-serie-118i-46474778,Ekris Zeist
BMW 3 Serie,Touring 320e | LED | Leder | Navigatie | Trekhaak | Sportstoelen | DAB | Alu 17 inch,2023,55.000 km,Hybride benzine,"35.900,-","489,-",https://www.ekris.nl/bmw/p/43855989/bmw-3-serie-touring-320e-43855989,Ekris Heerenveen
BMW 1-serie,"118i M Sportpakket Pro/ Sportstoelen/ Stoelverwarming/ Cruise Control/ Getint Glas/ 19"" LMV",2024,24.177 km,Benzine,"35.900,-","489,-",https://www.ekris.nl/bmw/p/46466052/bmw-1-serie-118i-46466052,Ekris Flevoland
BMW X3,sDrive20i | M-Sportpakket | LED | Leder | HUD | Schuifdak | Trekhaak | DAB | hifi speakers | Alu 20 inch,2020,124.000 km,Benzine,"35.900,-","489,-",https://www.ekris.nl/bmw/p/47097946/bmw-x3-sdrive20i-47097946,Ekris Heerenveen
BMW 3 Serie,Sedan 320e | Parking Pack,2023,25.878 km,Hybride benzine,"35.900,-","489,-",https://www.ekris.nl/bmw/p/47014795/bmw-3-serie-sedan-320e-47014795,Ekris Maastricht
BMW 3 Serie,Touring 318i Business Edition null,2021,62.577 km,Benzine,"35.950,-","490,-",https://www.ekris.nl/bmw/p/42584284/bmw-3-serie-touring-318i-business-edition-42584284,Ekris Heerlen
BMW 3 Serie,318i M-Sportpakket / Schuif - kanteldak / HIFI / 19 '' /,2021,40.974 km,Benzine,"36.400,-","496,-",https://www.ekris.nl/bmw/p/46920961/bmw-3-serie-318i-46920961,Ekris Flevoland
BMW 5 Serie,Touring 520e Business Edition Plus | Comfortstoelen | verwarmde voorstoelen,2022,84.126 km,Hybride benzine,"36.450,-","496,-",https://www.ekris.nl/bmw/p/43321538/bmw-5-serie-touring-520e-business-edition-plus-43321538,Ekris Groningen
BMW 3 Serie,Sedan 320i | Executive | Parking Pack | Achteruitrijcamera | Stoelverwarming | Cruise Control | 19'',2020,66.364 km,Benzine,"36.595,-","498,-",https://www.ekris.nl/bmw/p/45168817/bmw-3-serie-sedan-320i-45168817,Ekris Arnhem
BMW 1 Serie,5 Deurs 118i | M Sportpakket Pro | Premium Pack | Comfort Pro Pack,2024,12.736 km,Benzine,"36.750,-","500,-",https://www.ekris.nl/bmw/p/39039784/bmw-1-serie-5-deurs-118i-39039784,Ekris Maastricht
BMW 2 Serie,Gran Coupé 218i High Executive M Sport Pro / Hifi / Comfort Pack / Trekhaak / Panorama Dak / Stoel- en Stuurverwarming,2024,17.343 km,Benzine,"36.850,-","502,-",https://www.ekris.nl/bmw/p/41512784/bmw-2-serie-gran-coupe-218i-41512784,Ekris Veenendaal
BMW 1 Serie,5-deurs 118i M Sportpakket Pro 19'' / Panoramadak / Comfort Access / Elektrisch verwarmde voorstoelen,2024,14.639 km,Benzine,"36.850,-","502,-",https://www.ekris.nl/bmw/p/46718003/bmw-1-serie-5-deurs-118i-46718003,Ekris Veenendaal
BMW 3 Serie,Sedan 330i xDrive | High Executive | Parking Pack | Schuif-/kanteldak | Stoelverwarming | Head-Up Display | Harman Kardon | 19'',2020,125.041 km,Benzine,"36.895,-","502,-",https://www.ekris.nl/bmw/p/46538673/bmw-3-serie-sedan-330i-xdrive-46538673,Ekris Arnhem
BMW 2 Serie,Active Tourer 218i | LED | Navigatie | Sportstoelen | Chrome line | Clima | DAB | Alu 17 inch,2024,37.000 km,Benzine,"36.900,-","502,-",https://www.ekris.nl/bmw/p/46365497/bmw-2-serie-active-tourer-218i-46365497,Ekris Heerenveen
BMW 3 Serie,Touring 318i | Executive | M Sportpakket 50 Jahre | Panodak | Trekhaak | Hi-Fi | Sportstoelen | PDC | Climate Control | 18'' LMV,2022,56.698 km,Benzine,"36.900,-","502,-",https://www.ekris.nl/bmw/p/46154903/bmw-3-serie-touring-318i-46154903,Ekris Nijkerk
BMW 5 Serie,Sedan 530e High Executive,2021,95.358 km,Hybride benzine,"36.900,-","502,-",https://www.ekris.nl/bmw/p/43929077/bmw-5-serie-sedan-530e-43929077,Ekris Maastricht
BMW 2 Serie,Active Tourer 225e xDrive | Luxury Line | Innovation Pack,2023,48.562 km,Hybride benzine,"36.900,-","502,-",https://www.ekris.nl/bmw/p/46226702/bmw-2-serie-active-tourer-225e-xdrive-46226702,Ekris Heerlen
BMW 2 Serie Active Tourer,Active Tourer 218i M Sportpakket | Achteruitrijcamera | Alarmsysteem klasse 3 | Parking Assistant | 17 inch LM M Dubbelspaak (Styling 834 M) in Bicolor Dark Grey,2024,10.473 km,Benzine,"36.900,-","502,-",https://www.ekris.nl/bmw/p/46518150/bmw-2-serie-active-tourer-active-tourer-218i-46518150,Ekris Zeist
BMW 1-serie,118i | M Sport Pro | 19inch | Panoramadak |,2024,17.174 km,Benzine,"36.900,-","502,-",https://www.ekris.nl/bmw/p/46933838/bmw-1-serie-118i-46933838,Ekris Groningen
BMW 3 Serie,Touring 320e M Sportpakket | Comfort Pack | Trekhaak | HIFI | Active Cruise Control | Elektrisch verstelbare stoelen | 18'',2022,98.454 km,Hybride benzine,"36.900,-","502,-",https://www.ekris.nl/bmw/p/46950953/bmw-3-serie-touring-320e-46950953,Ekris Utrecht
BMW X3,xDrive20i High Executive M-Sport/ HiFi/ 19 inch LM/ Achteruitrijcamera/ Sportstoelen/ Stoelverwarming/ Navigatie,2019,103.444 km,Benzine,"36.900,-","502,-",https://www.ekris.nl/bmw/p/46220210/bmw-x3-xdrive20i-high-executive-46220210,Ekris Flevoland
BMW 1 Serie,5-deurs 118i | M Sportpakket Pro | Panodak | Harman Kardon | Driving Assistant | Elektr. Achterklep | Verwarmbaar Stuurwiel | 19'' LMV,2024,18.763 km,Benzine,"36.900,-","502,-",https://www.ekris.nl/bmw/p/47051516/bmw-1-serie-5-deurs-118i-47051516,Ekris Nijkerk
BMW 5 Serie,Sedan 520i | High Executive | M Sportpakket | Panodak | Parking Pack | Hi-Fi | Adaptieve LED | Comfortstoelen | 19'' LMV,2021,101.999 km,Benzine,"36.900,-","502,-",https://www.ekris.nl/bmw/p/45384184/bmw-5-serie-sedan-520i-45384184,Ekris Nijkerk
BMW 3 Serie,Touring 320e Business Edition Plus / M-Sportpakket / Trekhaak / Head Up Display / Active Cruise Control / HIFI /,2021,73.668 km,Hybride benzine,"36.900,-","502,-",https://www.ekris.nl/bmw/p/47134057/bmw-3-serie-touring-320e-business-edition-plus-47134057,Ekris Flevoland
BMW 2 Serie Active Tourer,216i 16 inch LM Dubbelspaak (Styling 186) in Silver Grey | Extra getint glas | Elektrisch verwarmde voorstoelen | Parking Assistant | M Hemelbekleding in Anthrazit,2024,7.380 km,Benzine,"36.950,-","503,-",https://www.ekris.nl/bmw/p/43721109/bmw-2-serie-active-tourer-216i-43721109,Ekris Zeist
BMW X3,xDrive30i High Executive M Sportpakket 19'' / Panoramadak / HiFi System / Elektrisch verstelbare voorstoelen,2018,96.856 km,Benzine,"37.500,-","511,-",https://www.ekris.nl/bmw/p/46500944/bmw-x3-xdrive30i-46500944,Ekris Veenendaal
BMW 2 Serie,Active Tourer 223i Premium Pack | Luxury Line | Voorstoelen Verwarmd,2023,49.896 km,Benzine,"37.500,-","511,-",https://www.ekris.nl/bmw/p/45401326/bmw-2-serie-active-tourer-223i-45401326,Ekris Heerlen
BMW 3 Serie,Touring 330e High Executive M-Sportpakket / Extra Getint Glas / Comfort Access / HIFI / Head Up Display /,2021,83.492 km,Hybride benzine,"37.695,-","513,-",https://www.ekris.nl/bmw/p/42420084/bmw-3-serie-touring-330e-high-executive-42420084,Ekris Flevoland
BMW 5 Serie,Touring 520i | LED | Leder | Navigatie | trekhaak | Comfortzetels | Stoelverwarming | DAB | Alu 18 inch,2023,70.000 km,Benzine,"37.900,-","516,-",https://www.ekris.nl/bmw/p/43575661/bmw-5-serie-touring-520i-43575661,Ekris Heerenveen
BMW X3,xDrive30d | M-Sportpakket | LED | Leder | HUD | Trekhaak | Sportstoelen | Keyles go | Hifi speakers | Alu 20 inch,2019,174.000 km,Diesel,"37.900,-","516,-",https://www.ekris.nl/bmw/p/45398817/bmw-x3-xdrive30d-45398817,Ekris Heerenveen
BMW 1 Serie,5-deurs 118i | M-Sportpakket | LED | Leder | Navigatie | Schuifdak | Sportstoelen | Active cruise | DAB | Hifi speakers | Alu 19 inch,2024,19.000 km,Benzine,"37.900,-","516,-",https://www.ekris.nl/bmw/p/46384989/bmw-1-serie-5-deurs-118i-46384989,Ekris Heerenveen
BMW 1 Serie,5-deurs 120 | M-Sportpakket | LED | HUD | Sportstoelen | Elektr. zetels | Keyles go | DAB | Alu 18 inch,2024,41.000 km,Benzine,"37.900,-","516,-",https://www.ekris.nl/bmw/p/46556567/bmw-1-serie-5-deurs-120-46556567,Ekris Heerenveen
BMW X3,xDrive20i | LED | Leder | Navigatie | Active cruise | Sportstoelen | Chrome line | DAB | Harman-kardon sound | Alu 19 inch,2020,87.000 km,Benzine,"37.900,-","516,-",https://www.ekris.nl/bmw/p/46803328/bmw-x3-xdrive20i-46803328,Ekris Heerenveen
BMW 3 Serie,Touring 320i | High Executive | M Sportpakket | Panodak | Driving Assistant | Comfort Acces | Hi-Fi | Verwarmd Stuurwiel | Parking Pack | 19'' LMV,2022,99.300 km,Benzine,"37.900,-","516,-",https://www.ekris.nl/bmw/p/43925266/bmw-3-serie-touring-320i-43925266,Ekris Nijkerk
BMW 1 Serie,5-deurs 118i | M-Sportpakket | LED | Leder | Navigatie | Schuifdak | Stoelverwarming | DAB | Hifi speakers | Alu 19 inch,2024,22.000 km,Benzine,"37.900,-","516,-",https://www.ekris.nl/bmw/p/46844593/bmw-1-serie-5-deurs-118i-46844593,Ekris Heerenveen
BMW iX,xDrive40 LED | Leder | Navigatie | Stoelverwarming | Shadow line | PDC | DAB | Alu 22 inch,2022,178.000 km,Elektrisch,"37.900,-","447,-",https://www.ekris.nl/bmw/p/42354408/bmw-ix-xdrive40-42354408,Ekris Heerenveen
BMW 1-serie,"118i M-Sport Pro | Glazen Panoramadak | 19"" Dubbelspaak | M Sportstoelen | Harman Kardon | Stuur- en stoelverwarming | Camera |",2024,23.289 km,Benzine,"37.900,-","516,-",https://www.ekris.nl/bmw/p/46800765/bmw-1-serie-118i-46800765,Ekris Assen
BMW iX3,80 kWh High Executive | Trekhaak | Panoramadak | Driving Assistant Professional | HEad-UP Display | Harman Kardon | 20'',2021,70.580 km,Elektrisch,"37.900,-","447,-",https://www.ekris.nl/bmw/p/47051242/bmw-ix3-80-kwh-47051242,Ekris Utrecht
BMW 3 Serie,Touring 320i Business Edition Plus M-Sportpakket | High Executive | Comfort Access | Active Cruise Control | Laserlight | HiFi System,2021,71.266 km,Benzine,"37.900,-","516,-",https://www.ekris.nl/bmw/p/46644378/bmw-3-serie-touring-320i-business-edition-plus-46644378,Ekris Assen
BMW 5 Serie,Sedan 530e M Sportpakket | Achteruitrijcamera | Elektrisch glazen schuif-/kanteldak | Comfortstoelen voor | BMW Head-Up Display | Driving Assistant,2020,113.368 km,Hybride benzine,"37.950,-","517,-",https://www.ekris.nl/bmw/p/45855484/bmw-5-serie-sedan-530e-45855484,Ekris Zeist
BMW 5 Serie,Touring 520e High Executive | Comfortstoelen | Laserlight | 18'',2022,65.869 km,Hybride benzine,"37.950,-","517,-",https://www.ekris.nl/bmw/p/43967422/bmw-5-serie-touring-520e-43967422,Ekris Utrecht
BMW X2,xDrive20i High Executive 4x4 aandrijving | M-Sportpakket | elektr. verst. voorstoelen | 19inch,2021,64.992 km,Benzine,"37.950,-","517,-",https://www.ekris.nl/bmw/p/45853861/bmw-x2-xdrive20i-high-executive-45853861,Ekris Assen
BMW 5 Serie,Sedan 520i Model M Sport | Elektrisch verwarmde voorstoelen | Parking Assistant | HiFi System,2021,54.181 km,Benzine,"38.400,-","523,-",https://www.ekris.nl/bmw/p/44263812/bmw-5-serie-sedan-520i-44263812,Ekris Zeist
BMW 2 Serie,Coupé 218i | M Sportpakket Pro | Harman Kardon | Stoelverwarming | Schuif-/kanteldak | Achteruitrijcamera | 18'',2023,53.945 km,Benzine,"38.595,-","526,-",https://www.ekris.nl/bmw/p/47049485/bmw-2-serie-coupe-218i-47049485,Ekris Arnhem
BMW iX1,eDrive20 Achteruitrijcamera | Park Distance Control voor+achter | DAB | 17'',2024,30.000 km,Elektrisch,"38.695,-","456,-",https://www.ekris.nl/bmw/p/44991547/bmw-ix1-edrive20-44991547,Ekris Utrecht
BMW 1 Serie,5-deurs 120 | M Sportpakket | Innovation Pack,2024,34.530 km,Benzine,"38.750,-","528,-",https://www.ekris.nl/bmw/p/46073533/bmw-1-serie-5-deurs-120-46073533,Ekris Maastricht
BMW 3 Serie,"Touring 330e xDrive M Sportpakket | Trekhaak elektrisch | 19"" LM | Extra Getint Glas | Climate Control | Stoelverwarming",2022,64.022 km,Hybride benzine,"38.750,-","528,-",https://www.ekris.nl/bmw/p/46514052/bmw-3-serie-touring-330e-xdrive-46514052,Ekris Maastricht
BMW 3 Serie,Sedan 330e | Entertainment Pack | Sportstoelen | Harman Kardon | Active Cruise Control | Stoelverwarming | Trekhaak,2020,57.562 km,Hybride benzine,"38.895,-","530,-",https://www.ekris.nl/bmw/p/46803448/bmw-3-serie-sedan-330e-46803448,Ekris Arnhem
BMW 2 Serie,Gran Coupé 218i | Model M Sport | Comfort Pack | Stuurwielrand verwarmd | Comfort Acces | Elektrisch verwarmde voorstoelen,2025,17.841 km,Benzine,"38.895,-","512,-",https://www.ekris.nl/bmw/p/42711960/bmw-2-serie-gran-coupe-218i-42711960,Ekris Arnhem
BMW X3,xDrive30e | High Executive | M Sportpakket | Parking Pack | Hi-Fi | Sportstoelen | Adaptive LED | Climate Control | 19'' LMV,2021,111.566 km,Hybride benzine,"38.900,-","530,-",https://www.ekris.nl/bmw/p/45968002/bmw-x3-xdrive30e-45968002,Ekris Nijkerk
BMW 6 Serie,Gran Turismo 640i | LED | Leder | HUD | Trekhaak | Schuifdak | Active cruise | Comfortzetels | Hifi speakers | Alu 21 inch,2018,107.000 km,Benzine,"38.900,-","530,-",https://www.ekris.nl/bmw/p/45801124/bmw-6-serie-gran-turismo-640i-45801124,Ekris Heerenveen
BMW 3 Serie,Sedan 318i | M-Sportpakket | LED | Navigatie | Sportstoelen | Clima | PDC | DAB | Alu 18 inch,2023,42.000 km,Benzine,"38.900,-","530,-",https://www.ekris.nl/bmw/p/44964150/bmw-3-serie-sedan-318i-44964150,Ekris Heerenveen
BMW X3,xDrive20i | High Executive | M Sportpakket | Trekhaak | Parking Pack | Audio Media Pack | Head-Up | Comfort Acces | Stuurwielverwarming | 20'' LMV,2020,106.584 km,Benzine,"38.900,-","530,-",https://www.ekris.nl/bmw/p/46583187/bmw-x3-xdrive20i-46583187,Ekris Nijkerk
BMW i4,Gran Coupe eDrive35 | LED | Leder | HUD | Schuifdak | Sportstoelen | DAB | harman-kardon sound | Alu 18 inch,2023,82.000 km,Elektrisch,"38.900,-","459,-",https://www.ekris.nl/bmw/p/45381875/bmw-i4-gran-coupe-edrive35-45381875,Ekris Heerenveen
BMW 5 Serie,Touring 520i Business Edition Plus | Parking Pack | Voorstoelen Verwarmd | Panorama dak,2021,63.636 km,Benzine,"38.900,-","530,-",https://www.ekris.nl/bmw/p/44648787/bmw-5-serie-touring-520i-44648787,Ekris Heerlen
BMW 2 Serie,Active Tourer 218i | M Sportpakket | Premium Pack | Voorstoelen Verwarmd,2024,33.374 km,Benzine,"38.900,-","530,-",https://www.ekris.nl/bmw/p/45434517/bmw-2-serie-active-tourer-218i-45434517,Ekris Heerlen
BMW 3 Serie,Sedan 330e | M-Sportpakket | Laserlicht | Leder | HUD | Schuifdak | trekhaak | Active cruise | DAB | Hifi speakers | Alu 20 inch,2022,56.000 km,Hybride benzine,"38.900,-","530,-",https://www.ekris.nl/bmw/p/47114708/bmw-3-serie-sedan-330e-47114708,Ekris Heerenveen
BMW 3 Serie,Touring 330e xDrive M Sportpakket | Stuurwielrand Verwarmd | Comfort Access | Trekhaak | Active Cruise Control met Stop en Go-functie | DAB | HiFi | 18'',2022,47.900 km,Hybride benzine,"38.900,-","530,-",https://www.ekris.nl/bmw/p/44037150/bmw-3-serie-touring-330e-xdrive-44037150,Ekris Utrecht
BMW iX3,High Executive | Parking Pack | Safety Pack | Comfort Access | Driving Assistant Professional | Parking Assistant Plus | BMW Head-Up Display,2021,74.471 km,Elektrisch,"38.900,-","459,-",https://www.ekris.nl/bmw/p/43762958/bmw-ix3-high-executive-43762958,Ekris Zeist
BMW 2 Serie,Active Tourer 225e xDrive M sportpakket 18'' / Trekhaak / Parking Assistant,2023,22.471 km,Hybride benzine,"39.450,-","537,-",https://www.ekris.nl/bmw/p/46043766/bmw-2-serie-active-tourer-225e-xdrive-46043766,Ekris Veenendaal
BMW 3 Serie,Touring 330e | High Executive | M Sportpakket | Panodak | Trekhaak | Driving Assistant Prof. | Head-Up | Hi-Fi | Parking Assistant Plus | 19'' LMV,2021,52.285 km,Hybride benzine,"39.450,-","537,-",https://www.ekris.nl/bmw/p/46818414/bmw-3-serie-touring-330e-46818414,Ekris Nijkerk
BMW 5 Serie,Sedan 530e High Executive | M Sportpakket | Audio Media Pack | Parking Pack | Trekhaak | Schuifdak | Harman Kardon | 18'',2021,93.767 km,Hybride benzine,"39.695,-","541,-",https://www.ekris.nl/bmw/p/43934187/bmw-5-serie-sedan-530e-43934187,Ekris Utrecht
BMW 2 Serie,Coupé 218i M Sportpakket | HiFi | 19 inch | Widescreen,2023,32.345 km,Benzine,"39.750,-","541,-",https://www.ekris.nl/bmw/p/46195316/bmw-2-serie-coupe-218i-46195316,Ekris Maastricht
BMW 5 Serie,Sedan 530e M Sportpakket | Adaptief onderstel | M Sportremsysteem | Driving Assistant Plus | Parking Assistant Plus,2020,91.000 km,Hybride benzine,"39.750,-","541,-",https://www.ekris.nl/bmw/p/46341898/bmw-5-serie-sedan-530e-46341898,Ekris Maastricht
BMW 3 Serie,Sedan 320i Executive | M Sportpakket | Parking Pack | Elektrisch glazen schuif-/kanteldak,2022,57.421 km,Benzine,"39.750,-","541,-",https://www.ekris.nl/bmw/p/46341591/bmw-3-serie-sedan-320i-46341591,Ekris Maastricht
BMW 2 Serie,Gran Coupé 218i | Model M Sport | Comfort Pack | Travel Pack,2025,28.951 km,Benzine,"39.850,-","525,-",https://www.ekris.nl/bmw/p/42800087/bmw-2-serie-gran-coupe-218i-42800087,Ekris Veenendaal
BMW 2 Serie,Gran Coupé 218i | Model M Sport | M Sportpakket Pro | Comfort Pack | Travel Pack,2025,17.272 km,Benzine,"39.850,-","525,-",https://www.ekris.nl/bmw/p/42797081/bmw-2-serie-gran-coupe-218i-42797081,Ekris Veenendaal
BMW 3 Serie,Touring 330e M Sportpakket 19'' / Laserlight / Head-Up Display / Koplampen Shadow Line,2022,72.900 km,Hybride benzine,"39.850,-","543,-",https://www.ekris.nl/bmw/p/45027657/bmw-3-serie-touring-330e-45027657,Ekris Veenendaal
BMW 5 Serie,Touring 520i | M-Sportpakket | LED | Leder | Navigatie | Comfortzetels | Chrome line | DAB | Hifi speakers | Alu 18 inch,2023,92.000 km,Benzine,"39.900,-","543,-",https://www.ekris.nl/bmw/p/43576303/bmw-5-serie-touring-520i-43576303,Ekris Heerenveen
BMW 1 Serie,5-deurs 120 M Sportpakket | Innovation Pack | 18 inch LM M Y-spaak (Styling 975 M) | Trekhaak met afneembare kogel | Driving Assistant | Parking Assistant Plus,2024,26.699 km,Benzine,"39.900,-","543,-",https://www.ekris.nl/bmw/p/45737202/bmw-1-serie-5-deurs-120-45737202,Ekris Zeist
BMW 2 Serie,"Active Tourer 225e xDrive M Sportpakket | Premium Pack | Travel Pack | Achteruitrijcamera | Panoramadak | 17""",2023,32.586 km,Hybride benzine,"39.900,-","543,-",https://www.ekris.nl/bmw/p/46250410/bmw-2-serie-active-tourer-225e-xdrive-46250410,Ekris Utrecht
BMW iX3,"High Executive 80 kWh | M Sport | 20"" | Panoramisch dak | Driving Assistant Professional | Head-Up | Harman Kardon |",2022,132.997 km,Elektrisch,"39.900,-","543,-",https://www.ekris.nl/bmw/p/44848071/bmw-ix3-high-executive-80-kwh-44848071,Ekris Groningen
BMW 2 Serie,Gran Coupé 218i | M-Sportpakket | 18inch | Schuif-/kanteldak | Stoelverwarming | HiFi Soundsysteem,2024,11.049 km,Benzine,"39.900,-","543,-",https://www.ekris.nl/bmw/p/44273959/bmw-2-serie-gran-coupe-218i-44273959,Ekris Assen
BMW X3,xDrive30i | M-Sportpakket | LED | Leder | HUD | Schuifdak | Sportstoelen | DAB | Harman-kardon sound | Alu 20 inch,2019,96.000 km,Benzine,"39.900,-","543,-",https://www.ekris.nl/bmw/p/46735643/bmw-x3-xdrive30i-46735643,Ekris Heerenveen
BMW 2 Serie,Active Tourer 218i | M Sportpakket | Premium Pack,2024,27.275 km,Benzine,"39.900,-","543,-",https://www.ekris.nl/bmw/p/45083394/bmw-2-serie-active-tourer-218i-45083394,Ekris Maastricht
BMW iX3,High Executive 80 kWh | Shadow Line Pack | Glazen Panoramadak | Harman Kardon,2021,28.811 km,Elektrisch,"39.900,-","471,-",https://www.ekris.nl/bmw/p/46668878/bmw-ix3-high-executive-80-kwh-46668878,Ekris Heerlen
BMW 5 Serie,Sedan 530e Business Edition Plus,2023,30.870 km,Hybride benzine,"39.900,-","543,-",https://www.ekris.nl/bmw/p/40250056/bmw-5-serie-sedan-530e-40250056,Ekris Maastricht
BMW X3,"xDrive30e High Executive | M Sport | Glazen Panoramadak | 21"" LM | Elektrisch verstelbare en verwambare stoelen | Harman Kardon | Head-Up Display",2020,106.258 km,Hybride benzine,"39.900,-","543,-",https://www.ekris.nl/bmw/p/46200769/bmw-x3-xdrive30e-high-executive-46200769,Ekris Heerlen
BMW 1 Serie,5-deurs 120 | M Sport Design Edition | Premium Pack,2025,18.700 km,Benzine,"39.900,-","525,-",https://www.ekris.nl/bmw/p/45622010/bmw-1-serie-5-deurs-120-45622010,Ekris Heerlen
BMW 3 Serie,Sedan 320e | M-Sportpakket | LED | Navigatie | Trekhaak | Stoelverwarming | DAB | Alu 18 inch,2024,32.000 km,Hybride benzine,"39.900,-","543,-",https://www.ekris.nl/bmw/p/47097486/bmw-3-serie-sedan-320e-47097486,Ekris Heerenveen
BMW 1 Serie,5-deurs 120 | M Sport Design | Sportstoelen | Camera | Getint Glas | Driving Assistant | Verwarmbare Voorstoelen | 18'' LMV,2025,15.428 km,Benzine,"39.900,-","525,-",https://www.ekris.nl/bmw/p/43790732/bmw-1-serie-5-deurs-120-43790732,Ekris Nijkerk
BMW 1 Serie,120 M Sportpakket 19'' / Comfort Acces / Head-Up Display / Parking Assistant Plus,2024,34.930 km,Benzine,"39.900,-","543,-",https://www.ekris.nl/bmw/p/45677709/bmw-1-serie-120-45677709,Ekris Veenendaal
BMW 5 Serie,Touring 530e | M-Sportpakket | Laserlicht | HUD | Trekhaak | Schuifdak | Active cruise | DAB | Harman-kardon sound | Alu 18 inch,2021,76.000 km,Hybride benzine,"39.900,-","543,-",https://www.ekris.nl/bmw/p/47161781/bmw-5-serie-touring-530e-47161781,Ekris Heerenveen
BMW 3 Serie,Sedan 330i High Executive | M Sportpakket | Audio Media Pack | Parking Pack | Safety Pack | BMW Personal CoPilot Pack | Trekhaak | Schuifdak | Elektrisch Verstelbare Voorstoelen | Driving Assistant Professional | Harman Kardon | 19'',2021,118.144 km,Benzine,"39.950,-","544,-",https://www.ekris.nl/bmw/p/45762471/bmw-3-serie-sedan-330i-45762471,Ekris Utrecht
BMW 1 Serie,5-deurs 120 M Sport Design Edition | Premium Pack | Harman Kardon Audio,2024,30.286 km,Benzine,"39.950,-","544,-",https://www.ekris.nl/bmw/p/46286106/bmw-1-serie-5-deurs-120-46286106,Ekris Heerlen
BMW X3,xDrive20i High Executive M-Sportpakket / Panoramadak / HIFI / Achteruitrijcamera / 19 '' /,2018,82.333 km,Benzine,"39.950,-","544,-",https://www.ekris.nl/bmw/p/46164012/bmw-x3-xdrive20i-high-executive-46164012,Ekris Flevoland
BMW 3 Serie,Touring 330e High Executive | Elektrische trekhaak | Glazen panoramadak | Driving Assistant | Adaptieve Cruisecontrol | Laserlight,2022,55.730 km,Hybride benzine,"40.750,-","555,-",https://www.ekris.nl/bmw/p/46972970/bmw-3-serie-touring-330e-46972970,Ekris Maastricht
BMW 2 Serie,Gran Coupé 218i | Model M Sport | M Sportpakket Pro | Equipment Pack | Comfort Pack | Travel Pack,2025,6.391 km,Benzine,"40.850,-","538,-",https://www.ekris.nl/bmw/p/45237282/bmw-2-serie-gran-coupe-218i-45237282,Ekris Veenendaal
BMW 2 Serie,Gran Coupé 218i M Sportpakket Pro Panoramadak / Stuurwielrand verwarmd / Trekhaak / HiFi System,2024,14.988 km,Benzine,"40.850,-","556,-",https://www.ekris.nl/bmw/p/44957546/bmw-2-serie-gran-coupe-218i-44957546,Ekris Veenendaal
BMW 2 Serie,Gran Coupé 218i M Sport / Stoel- en Stuurverwarming / Elektrische Stoelen,2025,6.886 km,Benzine,"40.850,-","538,-",https://www.ekris.nl/bmw/p/43018618/bmw-2-serie-gran-coupe-218i-43018618,Ekris Veenendaal
BMW 2 Serie,Gran Coupé 218i | M Sportpakket Pro | Glazen Panoramdak | Stuur-en stoelverwarming | M Sportstoelen Alcantara | Camera | Head-Up Display | HiFi,2025,7.213 km,Benzine,"40.850,-","538,-",https://www.ekris.nl/bmw/p/45237214/bmw-2-serie-gran-coupe-218i-45237214,Ekris Veenendaal
BMW iX3,High Executive 80 kWh | Parking Pack | Verwarmd Stuurwiel | Comfort Access | Stoelverwarming | Head-Up Display | Harman Kardon | Trekhaak,2022,121.506 km,Elektrisch,"40.895,-","482,-",https://www.ekris.nl/bmw/p/43995288/bmw-ix3-high-executive-80-kwh-43995288,Ekris Arnhem
BMW 5 Serie,520i Business Edition Plus M Sportpakket | Laserlight | HiFi |,2022,70.833 km,Benzine,"40.900,-","557,-",https://www.ekris.nl/bmw/p/46385930/bmw-5-serie-520i-business-edition-plus-46385930,Ekris Groningen
BMW 1 Serie,120 M Sportpakket Pro | Premium Pack | Stuurwielrand Verwarmd | Driving Assistant | Harman Kardon | 19'',2024,17.654 km,Benzine,"40.900,-","557,-",https://www.ekris.nl/bmw/p/40973341/bmw-1-serie-120-40973341,Ekris Utrecht
BMW 5 Serie,530e xDrive M Sportpakket | Entertainment | 19 inch M Dubbelspaak (styling 664M)in Orbit Grey | Pack BMW Head-Up Display | Harman Kardon Surround Sound Systeem |,2020,66.150 km,Hybride benzine,"40.900,-","557,-",https://www.ekris.nl/bmw/p/46560010/bmw-5-serie-530e-xdrive-46560010,Ekris Zeist
BMW 3 Serie,Touring 320e | High Executive | M Sportpakket | Panodak | Hi-Fi | Getint Glas | 19'' LMV,2022,28.172 km,Hybride benzine,"40.900,-","557,-",https://www.ekris.nl/bmw/p/46283732/bmw-3-serie-touring-320e-46283732,Ekris Nijkerk
BMW iX3,High Executive l Leer l Panoramadak l Harman Kardon l 360 camera,2022,92.146 km,Elektrisch,"40.900,-","482,-",https://www.ekris.nl/bmw/p/42049517/bmw-ix3-high-executive-42049517,Ekris Zeist
BMW 1 Serie,"120 M Sportpakket | Trekhaak | Panoramadak | Driving Assistant | Head-Up Display | Harman/Kardon | 19""",2024,37.184 km,Benzine,"40.900,-","557,-",https://www.ekris.nl/bmw/p/44434092/bmw-1-serie-120-44434092,Ekris Utrecht
BMW 5 Serie,520e M-Sportpakket | Comfortstoelen | Laserlight,2022,42.633 km,Hybride benzine,"40.900,-","557,-",https://www.ekris.nl/bmw/p/47125292/bmw-5-serie-520e-m-sportpakket-comfortstoelen-47125292,Ekris Assen
BMW 5 Serie,530e Business Edition Plus | M-Sportpakket pro | Comfortstoelen | Laserlight | Schuif-/kanteldak,2022,95.181 km,Hybride benzine,"40.900,-","557,-",https://www.ekris.nl/bmw/p/47137896/bmw-5-serie-530e-business-edition-plus-47137896,Ekris Assen
BMW iX3,High Executive 20'' / Driving Assistant Professional / Head-Up Display / Trekhaak / Stuurwielrand verwarmd,2021,119.677 km,Elektrisch,"40.950,-","483,-",https://www.ekris.nl/bmw/p/46258312/bmw-ix3-high-executive-46258312,Ekris Veenendaal
BMW 5 Serie,520i Business Edition Plus | M Sportpakket | Comfort Access Pakket,2021,60.157 km,Benzine,"40.950,-","558,-",https://www.ekris.nl/bmw/p/41274376/bmw-5-serie-520i-41274376,Ekris Heerlen
BMW 5 Serie,Sedan 530e High Executive | M Sportpakket | Comfort Access Pakket | Head-up Display,2021,86.550 km,Hybride benzine,"40.950,-","558,-",https://www.ekris.nl/bmw/p/40098900/bmw-5-serie-sedan-530e-40098900,Ekris Heerlen
BMW 2 Serie,Gran Coupé 218i M Sportpakket Pro/ Premium Pack/ Comfort Pack/ Travel Pack/ Stuurwiel verwarmd/ Comfort Access/ M Sportstoelen/ Panoramadak,2025,9.700 km,Benzine,"40.950,-","539,-",https://www.ekris.nl/bmw/p/42562947/bmw-2-serie-gran-coupe-218i-42562947,Ekris Flevoland
BMW X3,xDrive30e | High Executive | Parking Pack | Achteruitrijcamera | Stoelverwarming | Head-Up Display | 19'',2021,45.830 km,Hybride benzine,"40.995,-","558,-",https://www.ekris.nl/bmw/p/46121843/bmw-x3-xdrive30e-46121843,Ekris Arnhem
BMW 2 Serie,Gran Coupé 220i | Model M Sport | Innovation Pack | Travel Pack | Comfort Pack,2024,27.853 km,Benzine,"41.450,-","564,-",https://www.ekris.nl/bmw/p/45907266/bmw-2-serie-gran-coupe-220i-45907266,Ekris Maastricht
BMW iX3,| Head-up / Harman Kardon / Adaptief M onderstel / Adaptieve Cruise Control Stop&Go / 20 Inch / Dodehoek Detectie / Apple Carplay & Android Auto,2022,85.753 km,Elektrisch,"41.500,-","489,-",https://www.ekris.nl/bmw/p/46287842/bmw-ix3-46287842,Ekris Veenendaal
BMW X4,xDrive20i | High Executive | M Sportpakket | Parking Pack | 20'' | Comfort Access | Panoramadak | Stoelverwarming | Head-Up Display | Harman Kardon,2019,51.841 km,Benzine,"41.595,-","566,-",https://www.ekris.nl/bmw/p/46934671/bmw-x4-xdrive20i-46934671,Ekris Arnhem
BMW 3 Serie,Sedan 330e High Executive | M Sportpakket | Audio Media Pack | Parking Pack | Safety Pack | BMW Personal CoPilot Pack | Stuurwielrand Verwarmd | Comfort Access | Schuifdak | Elektrisch Verstelbare Sportstoelen | Driving Assistant Professional | Head-Up Display | Harman Kardon | 19'',2021,27.272 km,Hybride benzine,"41.850,-","570,-",https://www.ekris.nl/bmw/p/47046618/bmw-3-serie-sedan-330e-47046618,Ekris Utrecht
BMW 1 Serie,5-deurs 120d | M-Sportpakket | LED | Leder | Navigatie | Sportstoelen | Keyles go | DAB | Harman-kardon sound | Alu 18 inch,2024,23.000 km,Diesel,"41.900,-","571,-",https://www.ekris.nl/bmw/p/45142171/bmw-1-serie-5-deurs-120d-45142171,Ekris Heerenveen
BMW 2 Serie,Active Tourer 218i | M Sportpakket | Trekhaak | Climate Control | Adaptief M Onderstel | Camera | Sportstoelen | LED | 17'' LMV,2024,17.099 km,Benzine,"41.900,-","571,-",https://www.ekris.nl/bmw/p/46549835/bmw-2-serie-active-tourer-218i-46549835,Ekris Nijkerk
BMW 2 Serie,Active Tourer 218i | Luxury Line | Premium Pack | Travel Pack | Elektr. Trekhaak | Parking Assistant,2024,14.600 km,Benzine,"41.900,-","571,-",https://www.ekris.nl/bmw/p/44448639/bmw-2-serie-active-tourer-218i-44448639,Ekris Maastricht
BMW 1 Serie,120 M Sportpakket Pro | Premium Pack | Stuurwielrand Verwarmd | Panoramadak | Driving Assistant | Harman Kardon | 19'',2024,17.590 km,Benzine,"41.900,-","571,-",https://www.ekris.nl/bmw/p/40973465/bmw-1-serie-120-40973465,Ekris Utrecht
BMW 3 Serie,Sedan 330e | M-Sportpakket | LED | Navigatie | Sportstoelen | Stoelverwarming | DAB | Harman-kardon sound | Alu 19 inch,2024,57.000 km,Hybride benzine,"41.900,-","571,-",https://www.ekris.nl/bmw/p/46849402/bmw-3-serie-sedan-330e-46849402,Ekris Heerenveen
BMW X3,xDrive30e High Executive | M Sport | Glazen Panoramadak | Trekhaak elektrisch | Stuur- en stoelverwarming | Harman Kardon | Head-Up Display,2020,80.655 km,Hybride benzine,"41.900,-","571,-",https://www.ekris.nl/bmw/p/46200734/bmw-x3-xdrive30e-46200734,Ekris Heerlen
BMW 2 Serie,Active Tourer 225e xDrive | M-Sportpakket | Head-Up | Panoramadak | Stoelverwarming |,2023,15.457 km,Hybride benzine,"41.900,-","571,-",https://www.ekris.nl/bmw/p/46219960/bmw-2-serie-active-tourer-225e-xdrive-46219960,Ekris Groningen
BMW iX1,eDrive20 67 kWh M Sport Pro | Premium Pack | |Stuur- en stoelverwarming | Comfort Access | Camera | Parkeersensoren | Adaptive LED,2024,17.416 km,Elektrisch,"41.900,-","571,-",https://www.ekris.nl/bmw/p/46650783/bmw-ix1-edrive20-67-kwh-46650783,Ekris Assen
BMW 5 Serie,Touring 530d xDrive | M-Sportpakket | LED | Leder | HUD | Schuifdak | Active cruise | Trekhaak | Comfortzetels | Hifi speakers | Alu 20 inch,2020,77.000 km,Diesel,"41.900,-","571,-",https://www.ekris.nl/bmw/p/47159623/bmw-5-serie-touring-530d-xdrive-47159623,Ekris Heerenveen
BMW X2,M35i 20'' / Harman Kardon / Panoramadak / Head-Up Display / Elektrisch verstelbare stoelen,2020,69.240 km,Benzine,"41.950,-","571,-",https://www.ekris.nl/bmw/p/45099099/bmw-x2-m35i-45099099,Ekris Veenendaal
BMW X3,xDrive30e High Executive | M Sportpakket | Audio Media Pack | Parking Pack | Safety Pack | BMW Personal CoPilot Pack | 19'',2020,108.106 km,Hybride benzine,"41.950,-","571,-",https://www.ekris.nl/bmw/p/44512718/bmw-x3-xdrive30e-44512718,Ekris Utrecht
BMW 1 Serie,5-deurs 120 M Sportpakket | Premium Pack | Harman-Kardon | Stoelverwarming,2024,16.809 km,Benzine,"41.950,-","571,-",https://www.ekris.nl/bmw/p/41583949/bmw-1-serie-5-deurs-120-41583949,Ekris Heerlen
BMW 2 Serie,Active Tourer 218i M-Sportpakket | Premium Pack | Elektrische Trekhaak,2024,11.093 km,Benzine,"41.950,-","571,-",https://www.ekris.nl/bmw/p/40780199/bmw-2-serie-active-tourer-218i-40780199,Ekris Heerlen
BMW 2 Serie,Gran Coupé 218i M Sportpakket Pro | Premium Pack | Comfort Pack | Travel Pack | Panoramadak | Active Cruise Control | DAB| HiFi | 18'',2025,15.987 km,Benzine,"41.950,-","552,-",https://www.ekris.nl/bmw/p/42316463/bmw-2-serie-gran-coupe-218i-42316463,Ekris Utrecht
BMW 1 Serie,120 | M Sportpakket | Innovation Pack | Verwarmd Stuurwiel | Comfort Access | Panoramadak | Stoelverwarming | Head-Up Display | 18'',2024,28.718 km,Benzine,"42.450,-","578,-",https://www.ekris.nl/bmw/p/45243617/bmw-1-serie-120-45243617,Ekris Arnhem
BMW 3 Serie,Touring 320e M Sportpakket / Entertainment Pack / Travel Pack / sportstoelen,2024,36.540 km,Hybride benzine,"42.695,-","581,-",https://www.ekris.nl/bmw/p/41937740/bmw-3-serie-touring-320e-41937740,Ekris Flevoland
BMW iX1,eDrive20 M Sportpakket | Premium Pack | Travel Pack | Elektr. Trekhaak | Driving Assistant Plus |,2023,42.712 km,Elektrisch,"42.750,-","504,-",https://www.ekris.nl/bmw/p/46341321/bmw-ix1-edrive20-46341321,Ekris Maastricht
BMW 3 Serie,Touring 320e M Sport / Trekhaak / M Performance onderdelen,2024,60.321 km,Hybride benzine,"42.750,-","582,-",https://www.ekris.nl/bmw/p/40133073/bmw-3-serie-touring-320e-40133073,Ekris Veenendaal
BMW 3 Serie,Touring 320e | M Sportpakket | Travel Pack | 19 inch | Glazen panoramadak | HiFi | Sportstoelen,2024,38.734 km,Hybride benzine,"42.850,-","583,-",https://www.ekris.nl/bmw/p/42614047/bmw-3-serie-touring-320e-42614047,Ekris Arnhem
BMW 1 Serie,120 | M Sportpakket | Premium Pack | Comfort Access | Verwarmd Stuurwiel | Stoelverwarming | 18'',2025,11.789 km,Benzine,"42.895,-","565,-",https://www.ekris.nl/bmw/p/43860546/bmw-1-serie-120-43860546,Ekris Arnhem
BMW X2,sDrive18d | handbak !! | LED | Navigatie | Trekhaak | Schuifdak | Sportstoelen | DAB | Alu 18 inch,2023,14.000 km,Diesel,"42.900,-","584,-",https://www.ekris.nl/bmw/p/43529992/bmw-x2-sdrive18d-43529992,Ekris Heerenveen
BMW 5 Serie,Touring 530i | M-Sportpakket | Laserlicht | Leder | HUD | Schuifdak | Trekhaak | Comfortzetels | DAB | Hifin speakers | Alu 20 inch,2021,107.000 km,Benzine,"42.900,-","584,-",https://www.ekris.nl/bmw/p/46361964/bmw-5-serie-touring-530i-46361964,Ekris Heerenveen
BMW X1,sDrive18i | M-Sportpakket | Trekhaak | Comfort Access |,2022,37.728 km,Benzine,"42.900,-","584,-",https://www.ekris.nl/bmw/p/46400961/bmw-x1-sdrive18i-46400961,Ekris Groningen
BMW 2 Serie,Active Tourer 225e xDrive M Sportpakket | Panoramadak | Harman/Kardon | Head Up Display,2024,18.349 km,Hybride benzine,"42.900,-","584,-",https://www.ekris.nl/bmw/p/46448067/bmw-2-serie-active-tourer-225e-xdrive-46448067,Ekris Assen
BMW 2 Serie,Active Tourer 225e xDrive | M Sportpakket | Innovation Pack | Comfort Access | Panoramadak | Isofix | Head-Up Display | Harman-Kardon | 19'',2022,15.866 km,Hybride benzine,"42.900,-","584,-",https://www.ekris.nl/bmw/p/46517123/bmw-2-serie-active-tourer-225e-xdrive-46517123,Ekris Arnhem
BMW 2 Serie,Active Tourer 225e xDrive | M-Sportpakket | Panoramadak | Harman Kardon | Head-Up Display |,2024,19.815 km,Hybride benzine,"42.900,-","584,-",https://www.ekris.nl/bmw/p/46424836/bmw-2-serie-active-tourer-225e-xdrive-46424836,Ekris Groningen
BMW 1 Serie,5-deurs 120 | M-Sport Design | Achteruitrijcamera | NAVI | Harman-Kardon |,2025,17.500 km,Benzine,"42.900,-","565,-",https://www.ekris.nl/bmw/p/43680847/bmw-1-serie-5-deurs-120-43680847,Ekris Groningen
BMW 1 Serie,120 M Sportpakket Pro | Premium Pack | Comfort Access | Driving Assistant | Harman Kardon | 19'',2024,15.589 km,Benzine,"42.900,-","584,-",https://www.ekris.nl/bmw/p/40903759/bmw-1-serie-120-40903759,Ekris Utrecht
BMW 2 Serie,Gran Coupé 220 M Sportpakket | Premium Pack | M Adaptief onderstel | Achteruitrijcamera | Driving Assistant | Parking Assistant | 18'',2025,26.344 km,Benzine,"42.900,-","565,-",https://www.ekris.nl/bmw/p/47009919/bmw-2-serie-gran-coupe-220-47009919,Ekris Utrecht
BMW 3 Serie,Touring 330e | M-Sportpakket | LED | Navigatie | Trekhaak | Stoelverwarming | DAB | Harman-kardon sound | Alu 19 inch,2024,44.000 km,Hybride benzine,"42.900,-","584,-",https://www.ekris.nl/bmw/p/46555771/bmw-3-serie-touring-330e-46555771,Ekris Heerenveen
BMW X3,xDrive30e Stuurwiel verwarming/ Comfort Access/ Achteruitrijcamera/ panoramadak/ Sportstoelen/ Stoelverwarming/ Head-Up/ HiFi,2021,59.900 km,Hybride benzine,"42.900,-","584,-",https://www.ekris.nl/bmw/p/47067867/bmw-x3-xdrive30e-47067867,Ekris Flevoland
BMW X3,xDrive30i | Executive | M Sportpakket | Trekhaak | Harman Kardon | Stoelverwarming | M Sportremmen | LED Koplampen | Getint Glas | 19'' LMV,2020,89.055 km,Benzine,"42.900,-","584,-",https://www.ekris.nl/bmw/p/46733533/bmw-x3-xdrive30i-46733533,Ekris Nijkerk
BMW 5 Serie,545e xDrive High Executive Edition M-Sportpakket | Schuif-/kanteldak | Comfortzetels | Nappa Leer,2020,117.200 km,Hybride benzine,"42.900,-","584,-",https://www.ekris.nl/bmw/p/47161454/bmw-5-serie-545e-xdrive-high-executive-edition-47161454,Ekris Assen
BMW 3 Serie,Touring 330e null,2023,78.000 km,Hybride benzine,"42.900,-","584,-",https://www.ekris.nl/bmw/p/47162187/bmw-3-serie-touring-330e-47162187,Ekris Heerenveen
BMW 2 Serie,Gran Coupé 220i | High Executive | M Sportpakket | Panodak | Head-Up | Comfort Acces | Elektr. Stoelen | Hi-Fi | 18'' LMV,2024,26.958 km,Benzine,"42.900,-","584,-",https://www.ekris.nl/bmw/p/45334057/bmw-2-serie-gran-coupe-220i-45334057,Ekris Nijkerk
BMW 2 Serie,Active Tourer 218i M Sportpakket | Innovation Pack | Comfort Pack | Harman Kardon,2024,28.700 km,Benzine,"42.950,-","585,-",https://www.ekris.nl/bmw/p/41344222/bmw-2-serie-active-tourer-218i-41344222,Ekris Heerlen
BMW i4,eDrive35 70 kWh M sportpakket | Voorstoelen verwarmd | Achteruitrijcamera,2023,29.258 km,Elektrisch,"42.950,-","507,-",https://www.ekris.nl/bmw/p/43160142/bmw-i4-edrive35-70-kwh-43160142,Ekris Heerlen
BMW 3 Serie,Touring 320e null,2023,30.160 km,Hybride benzine,"42.950,-","585,-",https://www.ekris.nl/bmw/p/47149035/bmw-3-serie-touring-320e-47149035,Ekris Veenendaal
BMW i4,Gran Coupé eDrive40 M Sportpakket | Verwarmde Voorstoelen | Verwarmd Stuur | Elektrisch bediend glazen schuif-/kanteldak | Achteruitrijcamera | BMW Laserlight,2022,63.810 km,Elektrisch,"42.950,-","507,-",https://www.ekris.nl/bmw/p/47086165/bmw-i4-gran-coupe-edrive40-47086165,Ekris Zeist
BMW 3 Serie,"Touring 330e xDrive | M Sportpakket | Entertainment Pack | Stoelverwarming | Harman Kardon | 18""",2022,71.635 km,Hybride benzine,"42.995,-","585,-",https://www.ekris.nl/bmw/p/44437289/bmw-3-serie-touring-330e-xdrive-44437289,Ekris Arnhem
BMW 5 Serie,Sedan 520e | High Executive | M Sportpakket | Verwarmd Stuurwiel | Schuif-/kanteldak | Stoelverwarming | Head-Up Display | 19'',2022,52.081 km,Hybride benzine,"42.995,-","585,-",https://www.ekris.nl/bmw/p/44282962/bmw-5-serie-sedan-520e-44282962,Ekris Arnhem
BMW 1 Serie,120i 5drs. M-Sportpakket | Trekhaak | Harman/Kardon | Driving Assistant Plus | Panoramadak,2024,23.658 km,Benzine,"43.450,-","592,-",https://www.ekris.nl/bmw/p/43291406/bmw-1-serie-120i-5drs-43291406,Ekris Assen
BMW 3 Serie,Touring 320e | M Sportpakket | Entertainment Pack | Travel Pack,2024,30.687 km,Hybride benzine,"43.450,-","592,-",https://www.ekris.nl/bmw/p/45240785/bmw-3-serie-touring-320e-45240785,Ekris Maastricht
BMW 3 Serie,Touring 320e M Sportpakket Pro | Entertainment Pack | Travel Pack / Panoramadak / Trekhaak / HiFi / Achteruitrijcamera / 19'',2024,26.250 km,Hybride benzine,"43.695,-","595,-",https://www.ekris.nl/bmw/p/39055680/bmw-3-serie-touring-320e-39055680,Ekris Utrecht
BMW iX3,High Executive 80 kWh null,2022,83.150 km,Elektrisch,"43.695,-","515,-",https://www.ekris.nl/bmw/p/44416527/bmw-ix3-high-executive-80-kwh-44416527,Ekris Utrecht
BMW 3 Serie,Sedan 330e M Sportpakket,2024,19.875 km,Hybride benzine,"43.750,-","596,-",https://www.ekris.nl/bmw/p/46517402/bmw-3-serie-sedan-330e-46517402,Ekris Maastricht
BMW 3 Serie,Sedan 330e | M Sportpakket,2023,46.674 km,Hybride benzine,"43.750,-","596,-",https://www.ekris.nl/bmw/p/47140609/bmw-3-serie-sedan-330e-47140609,Ekris Maastricht
BMW X1,sDrive18i | M Sportpakket | Premium Pack | 19 inch | Comfort Access | Stoelverwarming | Driving Assistant | Trekhaak,2022,59.847 km,Benzine,"43.850,-","597,-",https://www.ekris.nl/bmw/p/42159904/bmw-x1-sdrive18i-42159904,Ekris Arnhem
BMW 5 Serie,"Touring 530e Business Edition Plus | M Sportpakket | Panoramadak | Comfortstoelen | Laserlicht | Harman/Kardon | 18""",2021,81.378 km,Hybride benzine,"43.850,-","597,-",https://www.ekris.nl/bmw/p/44434323/bmw-5-serie-touring-530e-44434323,Ekris Utrecht
BMW 1 Serie,5-deurs 120 M Sportpakket | Premium Pack | M Adaptief Onderstel | Panoramadak | Driving Assistant | Harman Kardon | 18'',2024,12.365 km,Benzine,"43.900,-","598,-",https://www.ekris.nl/bmw/p/40423361/bmw-1-serie-5-deurs-120-40423361,Ekris Utrecht
BMW 3 Serie,Touring 318i | M-Sportpakket | LED | Leder | Navigatie | Schuifdak | Sportstoelen | DAB | Hifi speakers | Alu 18 inch,2024,38.000 km,Benzine,"43.900,-","598,-",https://www.ekris.nl/bmw/p/45427841/bmw-3-serie-touring-318i-45427841,Ekris Heerenveen
BMW 3-serie,330e M Sportpakket | Harman/Kardon | Stoelverwarming,2024,43.122 km,Hybride benzine,"43.900,-","598,-",https://www.ekris.nl/bmw/p/46442582/bmw-3-serie-330e-46442582,Ekris Assen
BMW 5 Serie,530i Business Edition Plus M sportpakket |19inch velgen | Comfort Acces | Comfortstoelen | laserlight,2021,87.764 km,Benzine,"43.900,-","598,-",https://www.ekris.nl/bmw/p/46041804/bmw-5-serie-530i-business-edition-plus-46041804,Ekris Assen
BMW iX1,eDrive20 67 kWh M-Sportpakket Premium Pack / Harman Kardon / M-sport Pro / Stoelverwarming / 19'',2024,29.700 km,Elektrisch,"43.900,-","518,-",https://www.ekris.nl/bmw/p/39039155/bmw-ix1-edrive20-67-kwh-39039155,Ekris Flevoland
BMW 2 Serie,Gran Coupé 220 M Sport | Panoramadak | Active Cruise | Head-Up | Stoelverwarming | Stuurverwarming |,2024,30.045 km,Benzine,"43.900,-","598,-",https://www.ekris.nl/bmw/p/45412137/bmw-2-serie-gran-coupe-220-45412137,Ekris Groningen
BMW X3,xDrive20i | xLine | High Executive | Driving Assistant | Panoramadak | Elek. trekhaak | M-stuur,2021,88.582 km,Benzine,"43.900,-","598,-",https://www.ekris.nl/bmw/p/44448910/bmw-x3-xdrive20i-44448910,Ekris Maastricht
BMW iX1,xDrive30 M Sportpakket | Premium Pack | Comfort Access | Elektrische Trekhaak | Driving Assistant Plus,2023,20.747 km,Elektrisch,"43.900,-","518,-",https://www.ekris.nl/bmw/p/46200536/bmw-ix1-xdrive30-46200536,Ekris Maastricht
BMW 3 Serie,Sedan 320e | M-Sportpakket | LED | Leder | HUD | Schuifdak | Trekhaak | DAB | Hifi speakers | Alu 18 inch,2024,27.000 km,Hybride benzine,"43.900,-","598,-",https://www.ekris.nl/bmw/p/46820381/bmw-3-serie-sedan-320e-46820381,Ekris Heerenveen
BMW X3,xDrive30e | M-Sportpakket | Laserlicht | Leder | Navigatie | Schuifdak | Elektr. zetels | DAB | hifi speakers | Alu 19 inch,2022,119.000 km,Hybride benzine,"43.900,-","598,-",https://www.ekris.nl/bmw/p/46799067/bmw-x3-xdrive30e-46799067,Ekris Heerenveen
BMW 1 Serie,120 M Sportpakket Pro | Premium Pack | Stuurwielrand Verwarmd | Driving Assistant | Parking Assistant | Harman Kardon | 19'',2025,12.989 km,Benzine,"43.900,-","578,-",https://www.ekris.nl/bmw/p/43637125/bmw-1-serie-120-43637125,Ekris Utrecht
BMW X4,xDrive20i High Executive Edition | M Sportpakket | Trekhaak | Panoramadak |,2020,92.723 km,Benzine,"43.900,-","598,-",https://www.ekris.nl/bmw/p/46781248/bmw-x4-xdrive20i-high-executive-edition-46781248,Ekris Groningen
BMW iX1,"eDrive20 67 kWh M Sportpakket Pro | M Sportremsysteem Rot | Harman-Kardon | Head-Up Display | Elek. Stoelverstelling met Memory | 19""",2024,17.325 km,Elektrisch,"43.900,-","518,-",https://www.ekris.nl/bmw/p/46250511/bmw-ix1-edrive20-67-kwh-46250511,Ekris Utrecht
BMW 2 Serie,Coupé 218i M Sport Pro | Elektrische Stoelen | Stoelverwarming | 19'' |,2024,29.391 km,Benzine,"43.900,-","598,-",https://www.ekris.nl/bmw/p/46386192/bmw-2-serie-coupe-218i-46386192,Ekris Groningen
BMW iX3,High Executive l Leer l Panoramadak l Harman Kardon l 360 camera,2022,61.889 km,Elektrisch,"43.900,-","518,-",https://www.ekris.nl/bmw/p/46766080/bmw-ix3-high-executive-46766080,Ekris Zeist
BMW 3 Serie,Touring 320e M Sport / Comfort Access / Leder / 19 Inch Velgen / Active Cruise Control met Stop&Go / Apple Carplay & Android Auto,2024,46.032 km,Hybride benzine,"43.900,-","598,-",https://www.ekris.nl/bmw/p/45394132/bmw-3-serie-touring-320e-45394132,Ekris Veenendaal
BMW iX1,xDrive30 67 kWh M Sportpakket/ Innovation Pack/ Comfort Pack/ Comfort Access/ Stoelmassage/ Sportstoelen/ Harman-Kardon,2024,21.980 km,Elektrisch,"43.900,-","518,-",https://www.ekris.nl/bmw/p/43213199/bmw-ix1-xdrive30-67-kwh-43213199,Ekris Flevoland
BMW iX,xDrive40 Sportpakket 22'' / Bowers & Wilkins / Laserlight / Driving Assistant,2021,82.910 km,Elektrisch,"43.900,-","518,-",https://www.ekris.nl/bmw/p/46632517/bmw-ix-xdrive40-46632517,Ekris Veenendaal
BMW X4,xDrive20i | High Executive | M Sportpakket | Panodak | Head-Up | HiFi | Driving Assistant | Parking Assistant | 19'' LMV,2020,94.747 km,Benzine,"43.900,-","598,-",https://www.ekris.nl/bmw/p/46987338/bmw-x4-xdrive20i-46987338,Ekris Nijkerk
BMW 5 Serie,545e xDrive High Executive | M Sportpakket | Bowers & Wilkins | Head-Up Display | 20 inch | Stoelventilatie |,2021,129.464 km,Hybride benzine,"43.950,-","598,-",https://www.ekris.nl/bmw/p/41594783/bmw-5-serie-545e-xdrive-41594783,Ekris Arnhem
BMW iX3,Executive 20'' / Driving Assistant Professional / Parking Assistant / Stuurwielrand verwarmd,2022,48.950 km,Elektrisch,"43.950,-","518,-",https://www.ekris.nl/bmw/p/46044133/bmw-ix3-executive-46044133,Ekris Veenendaal
BMW 2 Serie,Gran Coupé 218i M Sportpakket Pro | Premium Pack | Comfort Pack | Travel Pack | Glazen panoramadak,2025,7.168 km,Benzine,"43.950,-","578,-",https://www.ekris.nl/bmw/p/42716182/bmw-2-serie-gran-coupe-218i-42716182,Ekris Zeist
BMW 2 Serie,Active Tourer 218i M Sportpakket | Premium Pack | Harman-Kardon | Stoelverwarming,2024,25.208 km,Benzine,"43.950,-","598,-",https://www.ekris.nl/bmw/p/42325697/bmw-2-serie-active-tourer-218i-42325697,Ekris Heerlen
BMW 1 Serie,5-deurs 120 M Sportpakket Executive | Innovation Pack | Harman-Kardon | Head-Up Display,2025,2.944 km,Benzine,"43.950,-","578,-",https://www.ekris.nl/bmw/p/46932682/bmw-1-serie-5-deurs-120-46932682,Ekris Zeist
BMW 1 Serie,"120 | M Sportpakket Pro | Premium Pack | Verwarmd Stuurwiel | Comfort Access | Harman-Kardon | 18""",2025,15.745 km,Benzine,"43.995,-","579,-",https://www.ekris.nl/bmw/p/43717756/bmw-1-serie-120-43717756,Ekris Arnhem
BMW X3,xDrive30e Harman Kardon | Driving Assistant Plus | Achteruitrijcamera | Panorama Dak | Elektrische Stoelen (Geheugen Functie Bestuurder),2021,102.956 km,Hybride benzine,"44.250,-","603,-",https://www.ekris.nl/bmw/p/46939607/bmw-x3-xdrive30e-46939607,Ekris Zeist
BMW 1-Serie 120,5-deurs | M Sportpakket Pro | Driving Assistant Plus | Harman Kardon | Stuurwielrand Verwarmd | Elektrisch verwarmde voorstoelen,2024,29.145 km,Benzine,"44.485,-","606,-",https://www.ekris.nl/bmw/p/40819747/bmw-1-serie-120-5-deurs-40819747,Ekris Arnhem
BMW 5 Serie,Touring 530i | High Executive | M Sportpakket | Comfort Access | Panoramadak | Stoelverwarming | Head-Up Display | Harman Kardon | 19'',2021,85.741 km,Benzine,"44.495,-","606,-",https://www.ekris.nl/bmw/p/45083977/bmw-5-serie-touring-530i-45083977,Ekris Arnhem
BMW iX3,High Executive | Parking Pack | Safety Pack | Shadow Line Pack | Trekhaak | Panoramadak | 20'',2022,61.066 km,Elektrisch,"44.695,-","527,-",https://www.ekris.nl/bmw/p/44448556/bmw-ix3-44448556,Ekris Utrecht
BMW 2 Serie,Active Tourer 225e xDrive Luxury-Line | Premium Pack | Comfort Pack | Elektr. Trekhaak,2024,11.528 km,Hybride benzine,"44.750,-","609,-",https://www.ekris.nl/bmw/p/40644860/bmw-2-serie-active-tourer-225e-xdrive-40644860,Ekris Maastricht
BMW X1,sDrive18i | M Sportpakket | Driving Assistant | Adaptieve LED-koplamp,2023,31.580 km,Benzine,"44.850,-","611,-",https://www.ekris.nl/bmw/p/45571670/bmw-x1-sdrive18i-45571670,Ekris Zeist
BMW 1 Serie,120 | M Sportpakket Pro | Comfort Access | Panoramadak | Harman-Kardon | Verwarmd Stuurwiel | 18'',2025,13.795 km,Benzine,"44.850,-","590,-",https://www.ekris.nl/bmw/p/43717358/bmw-1-serie-120-43717358,Ekris Arnhem
BMW 2 Serie,Active Tourer 225e xDrive M Sportpakket Travel Pack / Panoramadak / Trekhaak / Verwarmde Voorstoelen / Achteruitrijcamera / 18'',2024,9.945 km,Hybride benzine,"44.850,-","611,-",https://www.ekris.nl/bmw/p/43933475/bmw-2-serie-active-tourer-225e-xdrive-43933475,Ekris Utrecht
BMW 1 Serie,120 M Sport Design 18'' / Premium Pack / Verwarmde Sportstoelen / Trekhaak / Comfort Acces,2025,3.500 km,Benzine,"44.900,-","591,-",https://www.ekris.nl/bmw/p/43884892/bmw-1-serie-120-43884892,Ekris Veenendaal
BMW 3 Serie,Touring 320e M Sportpakket / HIFI / Draadloos oplaadstation / Verwarmde voorstoelen,2024,29.499 km,Hybride benzine,"44.900,-","611,-",https://www.ekris.nl/bmw/p/39038409/bmw-3-serie-touring-320e-39038409,Ekris Arnhem
BMW X3,xDrive30e High Executive | Head-Up Display | Laserlicht | HiFi-Luidsprekersystemen,2021,68.867 km,Hybride benzine,"44.900,-","611,-",https://www.ekris.nl/bmw/p/43716299/bmw-x3-xdrive30e-high-executive-43716299,Ekris Assen
BMW 2 Serie,Active Tourer 220i | M Sportpakket | Travel pack | Comfort Acces | Elektrisch verwarmde voorstoelen,2024,13.913 km,Benzine,"44.900,-","611,-",https://www.ekris.nl/bmw/p/43449095/bmw-2-serie-active-tourer-220i-43449095,Ekris Groningen
BMW 2 Serie,Active Tourer 225e xDrive | M-Sportpakket / Premium Pack / Travel Pack / 18'',2024,22.715 km,Hybride benzine,"44.900,-","611,-",https://www.ekris.nl/bmw/p/39039076/bmw-2-serie-active-tourer-225e-xdrive-39039076,Ekris Flevoland
BMW iX3,"High Executive 80 kWh | M Sport | Trekhaak | Panoramisch dak | 20"" | Head-Up | Harman Kardon |",2022,102.906 km,Elektrisch,"44.900,-","611,-",https://www.ekris.nl/bmw/p/44847977/bmw-ix3-high-executive-80-kwh-44847977,Ekris Groningen
BMW 2 Serie,Active Tourer 220i / Glazen Panoramadak / Driving Assistant / Active Cruise Control / Sportstoelen voor /Trekhaak / 18 inch LMV | Easter,2024,19.083 km,Benzine,"44.900,-","611,-",https://www.ekris.nl/bmw/p/39461639/bmw-2-serie-active-tourer-220i-39461639,Ekris Zeist
BMW 1 Serie,120 M Sportpakket Pro | Premium Pack | Comfort Access | Panoramadak | Driving Assistant Plus | DAB | Harman Kardon | 19'',2025,18.285 km,Benzine,"44.900,-","591,-",https://www.ekris.nl/bmw/p/43857175/bmw-1-serie-120-43857175,Ekris Utrecht
BMW 2 Serie,Gran Coupé 220 M Sport / Premium Pack,2025,13.898 km,Benzine,"44.900,-","591,-",https://www.ekris.nl/bmw/p/43834935/bmw-2-serie-gran-coupe-220-43834935,Ekris Veenendaal
BMW iX1,"xDrive30 X Line Premium Pack | Driving Assistant Plus | 19"" LMV | Stuurwielverwarming",2024,13.494 km,Elektrisch,"44.900,-","530,-",https://www.ekris.nl/bmw/p/39055570/bmw-ix1-xdrive30-39055570,Ekris Zeist
BMW iX1,eDrive20 | M-Sportpakket | LED | Navigatie | Schuifdak | Elektr. zetels | DAB | Harman-kardon sound | Alu 19 inch,2024,15.000 km,Elektrisch,"44.900,-","530,-",https://www.ekris.nl/bmw/p/47097321/bmw-ix1-edrive20-47097321,Ekris Heerenveen
BMW 4 Serie,Gran Coupé 420i High Executive | M Sport Plus Pack | Audio Media Pack | Stuurwielrand Verwarmd | Comfort Access | Achteruitrijcamera | Schuifdak | Laserlight | Head-Up Display | 19'',2022,31.326 km,Benzine,"44.900,-","611,-",https://www.ekris.nl/bmw/p/47118859/bmw-4-serie-gran-coupe-420i-47118859,Ekris Utrecht
BMW X3,xDrive30e Trekhaak met elektrisch wegklapbare kogel | Parking Assistant Plus | Extra getint glas | 19 inch LM Y-spaak (Styling 693) in Ferric Grau,2022,73.600 km,Hybride benzine,"44.900,-","611,-",https://www.ekris.nl/bmw/p/46201167/bmw-x3-xdrive30e-46201167,Ekris Zeist
BMW 5 Serie,Touring 530i M Sportpakket | Stuurwielrand Verwarmd | Comfort Access | Panoramadak | Driving Assistant Professional | Head-Up Display | HiFi | 18'',2020,100.531 km,Benzine,"44.950,-","612,-",https://www.ekris.nl/bmw/p/46200226/bmw-5-serie-touring-530i-46200226,Ekris Utrecht
BMW 1 Serie,120 5-deurs | M Sportpakket Pro | Premium Pack,2025,12.534 km,Benzine,"44.950,-","592,-",https://www.ekris.nl/bmw/p/43737071/bmw-1-serie-120-5-deurs-43737071,Ekris Assen
BMW 1 Serie,120 M Sportpakket | Premium Pack | Stuurwielrand Verwarmd | Comfort Access | Panoramadak | Driving Assistant | Parking Assistant | Harman Kardon | 18'',2025,7.854 km,Benzine,"44.950,-","592,-",https://www.ekris.nl/bmw/p/44036628/bmw-1-serie-120-44036628,Ekris Utrecht
BMW X1,sDrive18i M Sportpakket 19'' / Panoramadak / Trekhaak / Driving Assistant Professional / Head-Up Display,2022,46.114 km,Benzine,"45.750,-","623,-",https://www.ekris.nl/bmw/p/46851900/bmw-x1-sdrive18i-46851900,Ekris Veenendaal
BMW 1 Serie,120 | M Sportpakket | Premium Pack | Comfort Access | Stoelverwarming | Driving Assistant Plus | 18'',2025,9.655 km,Benzine,"45.895,-","604,-",https://www.ekris.nl/bmw/p/44785254/bmw-1-serie-120-44785254,Ekris Arnhem
BMW 3 Serie,Touring 320e | M-Sportpakket | HIFI | Panoramadak | 18inch,2024,26.148 km,Hybride benzine,"45.900,-","625,-",https://www.ekris.nl/bmw/p/43321548/bmw-3-serie-touring-320e-43321548,Ekris Groningen
BMW iX1,eDrive20 | M-Sportpakket | LED | Navigatie | Stoelverwarming | Sportstoelen | Keyles go | DAB | Alu 18 inch,2025,7.400 km,Elektrisch,"45.900,-","519,-",https://www.ekris.nl/bmw/p/46064860/bmw-ix1-edrive20-46064860,Ekris Heerenveen
BMW 2 Serie,Active Tourer 225e xDrive | M-Sportpakket | LED | HUD | Sportstoelen | Keyles go | Active cruise | DAB | Alu 17 inch,2025,32.000 km,Hybride benzine,"45.900,-","604,-",https://www.ekris.nl/bmw/p/46929778/bmw-2-serie-active-tourer-225e-xdrive-46929778,Ekris Heerenveen
BMW i4,M50 xDrive null,2022,94.181 km,Elektrisch,"45.900,-","541,-",https://www.ekris.nl/bmw/p/46804206/bmw-i4-m50-xdrive-46804206,Ekris Maastricht
BMW 2 Serie,Gran Coupé 220 M Sportpakket | Premium Pack | Achteruitrijcamera | Elektrisch Verstelbare Sportstoelen | Driving Assistant Plus | Harman Kardon | 19'',2025,13.022 km,Benzine,"45.900,-","604,-",https://www.ekris.nl/bmw/p/42813994/bmw-2-serie-gran-coupe-220-42813994,Ekris Utrecht
BMW 2 Serie,Gran Coupé 220 M Sport Design Edition | Premium Pack | Comfort Access | Driving Assistant | Parking Assistant | Harman Kardon | 19'',2025,9.312 km,Benzine,"45.900,-","604,-",https://www.ekris.nl/bmw/p/43636383/bmw-2-serie-gran-coupe-220-43636383,Ekris Utrecht
BMW 3 Serie,Touring 320e | M-Sport Pro | Elektrische Stoelen | Panoramadak | Adaptive LED,2024,36.844 km,Hybride benzine,"45.900,-","625,-",https://www.ekris.nl/bmw/p/44032376/bmw-3-serie-touring-320e-44032376,Ekris Groningen
BMW 3 Serie,Touring 318i M Sportpakket/ 19 inch LMV/ panoramadak/ Sportstoelen/ Cruise Control/ HiFi/ Getint Glas/ Ambiance verlichting,2024,27.159 km,Benzine,"45.900,-","625,-",https://www.ekris.nl/bmw/p/46102074/bmw-3-serie-touring-318i-46102074,Ekris Flevoland
BMW iX1,xDrive30 | X-Line | Panodak | Trekhaak | Harman Kardon | Head-Up | Parking Assistant Plus | Comfort Access | Elektr. Voorstoel | Stuurwielverwarming | 20'' LMV,2023,38.110 km,Elektrisch,"45.900,-","541,-",https://www.ekris.nl/bmw/p/47093379/bmw-ix1-xdrive30-47093379,Ekris Nijkerk
BMW iX1,eDrive20 67 kWh | M-Sportpakket | Travel-Pack | Trekhaak,2024,21.144 km,Elektrisch,"45.950,-","626,-",https://www.ekris.nl/bmw/p/43291807/bmw-ix1-edrive20-67-kwh-43291807,Ekris Groningen
BMW 3 Serie,Touring 318i M Sportpakket / Glazen panoramadak / Sportstoelen voor / Parking Assistant / M Sportonderstel,2024,23.499 km,Benzine,"45.950,-","626,-",https://www.ekris.nl/bmw/p/39420358/bmw-3-serie-touring-318i-39420358,Ekris Arnhem
BMW 5 Serie,Sedan 530i M Sportpakket Schuif-/kanteldak / Head-Up Display / HiFi System,2022,46.484 km,Benzine,"45.950,-","626,-",https://www.ekris.nl/bmw/p/45602383/bmw-5-serie-sedan-530i-45602383,Ekris Veenendaal
BMW 2 Serie,Gran Coupé 220 M Sport Design Edition M Sportpakket/ Comfort Access/ Panoramadak/ Harman-Kardon/ Premium Pack/ Stoelverwarming,2025,12.500 km,Benzine,"45.950,-","605,-",https://www.ekris.nl/bmw/p/43833257/bmw-2-serie-gran-coupe-220-m-sport-design-edition-43833257,Ekris Flevoland
BMW 2 Serie,Gran Coupé 218i | M Sport Pro Pack | Premium Pack | Travel Pack,2025,0 km,Benzine,"45.950,-","605,-",https://www.ekris.nl/bmw/p/45443981/bmw-2-serie-gran-coupe-218i-45443981,Ekris Heerlen
BMW 1 Serie,120 | M Sport Design | Achteruitrijcamera | Stoelverwarming | Isofix,2025,5 km,Benzine,"46.116,-","607,-",https://www.ekris.nl/bmw/p/45141383/bmw-1-serie-120-45141383,Ekris Arnhem
BMW iX1,"eDrive20 67 kWh Parking Assistant | Achteruitrijcamera | 17""",2025,2.977 km,Elektrisch,"46.536,-","526,-",https://www.ekris.nl/bmw/p/46295459/bmw-ix1-edrive20-67-kwh-46295459,Ekris Utrecht
BMW iX1,xDrive30 | M Sportpakket | Innovation Pack | Travel Pack | Comfort Pack,2024,30.497 km,Elektrisch,"46.750,-","551,-",https://www.ekris.nl/bmw/p/45140965/bmw-ix1-xdrive30-45140965,Ekris Maastricht
BMW X3,xDrive20i High Executive | M Sportpakket | Glazen panoramadak | Head-Up Display,2021,84.492 km,Benzine,"46.750,-","637,-",https://www.ekris.nl/bmw/p/47119153/bmw-x3-xdrive20i-47119153,Ekris Maastricht
BMW X3,xDrive30e High Executive Laserlight | Sportstoelen | Head Up | Panoramadak,2021,61.585 km,Hybride benzine,"46.850,-","638,-",https://www.ekris.nl/bmw/p/45103307/bmw-x3-xdrive30e-high-executive-45103307,Ekris Assen
BMW 2 Serie,"Active Tourer 225e xDrive Aut. M Sportpakket / 18"" LMV / Panoramadak / Harman Kardon / Driving Assistant Plus / Trekhaak",2024,12.618 km,Hybride benzine,"46.900,-","639,-",https://www.ekris.nl/bmw/p/39055493/bmw-2-serie-active-tourer-225e-xdrive-39055493,Ekris Zeist
BMW 5 Serie,"530i Touring High Executive | M Sportpakket | Trekhaak | Panoramadak | Comfortstoelen | 20""",2021,88.441 km,Benzine,"46.900,-","639,-",https://www.ekris.nl/bmw/p/45241145/bmw-5-serie-530i-touring-45241145,Ekris Utrecht
BMW iX3,High Executive | M-Sportpakket | LED | Leder | HUD | Schuifdak | Trekhaak | Active cruise | DAB | Harman-kardon sound | Alu 20 inch,2023,59.000 km,Elektrisch,"46.900,-","553,-",https://www.ekris.nl/bmw/p/46300023/bmw-ix3-high-executive-46300023,Ekris Heerenveen
BMW X1,sDrive18i M Sportpakket 18'' / Comfort Acces / Trekhaak / Stoelverstelling elektrisch,2023,18.801 km,Benzine,"46.900,-","639,-",https://www.ekris.nl/bmw/p/45258690/bmw-x1-sdrive18i-45258690,Ekris Veenendaal
BMW iX1,xDrive30 M Sportpakket | Innovation Pack | Travel Pack,2024,25.250 km,Elektrisch,"46.900,-","553,-",https://www.ekris.nl/bmw/p/40840557/bmw-ix1-xdrive30-40840557,Ekris Maastricht
BMW 1 Serie,5-deurs 120 | M Sportpakket Pro | Premium Pack | Panodak | Trekhaak | Harman Kardon | Verwarmbaar Stuurwiel | Comfort Acces | 19'' LMV,2025,7.154 km,Benzine,"46.900,-","617,-",https://www.ekris.nl/bmw/p/43790579/bmw-1-serie-5-deurs-120-43790579,Ekris Nijkerk
BMW 1 Serie,120 M Sport Design Edition | Head-Up | Comfort acces,2024,19.500 km,Benzine,"46.900,-","639,-",https://www.ekris.nl/bmw/p/43291823/bmw-1-serie-120-m-sport-design-edition-43291823,Ekris Groningen
BMW 3 Serie,Touring 318i | M Sportpakket Pro | Innovation Pack | Travel Pack | Panoramadak,2024,30.538 km,Benzine,"46.900,-","639,-",https://www.ekris.nl/bmw/p/45434257/bmw-3-serie-touring-318i-45434257,Ekris Heerlen
BMW iX3,80 kWh High Executive | M Sportpakket | Glazen Panoramadak | Driving Assistant Professional | Head-Up Display | Harman Kardon | 20inch LMV,2023,58.702 km,Elektrisch,"46.900,-","553,-",https://www.ekris.nl/bmw/p/41075519/bmw-ix3-80-kwh-41075519,Ekris Zeist
BMW iX,xDrive40 High Executive 77 kWh | Active Steering | Trekhaak |,2021,68.890 km,Elektrisch,"46.900,-","639,-",https://www.ekris.nl/bmw/p/46501103/bmw-ix-xdrive40-high-executive-77-kwh-46501103,Ekris Groningen
BMW 3-serie,330e M Sportpakket/ 19 inch LM/ Sportstoelen/ Cruise Control/ Stoelverwarming,2024,40.792 km,Hybride benzine,"46.900,-","639,-",https://www.ekris.nl/bmw/p/45469843/bmw-3-serie-330e-45469843,Ekris Flevoland
BMW 2 Serie,Gran Coupé 220 | M Sportpakket Pro | Panodak | Harman Kardon | Driving Assistant | Comfort Access | Achteruitrijcamera | Adaptieve LED | 18'' LMV,2025,12.042 km,Benzine,"46.900,-","617,-",https://www.ekris.nl/bmw/p/43095239/bmw-2-serie-gran-coupe-220-43095239,Ekris Nijkerk
BMW 2 Serie,Gran Coupé 220 M Sport Package Pro | Equipment Package Pro,2025,7.006 km,Benzine,"46.900,-","617,-",https://www.ekris.nl/bmw/p/43737259/bmw-2-serie-gran-coupe-220-43737259,Ekris Assen
BMW 3 Serie,Touring 320e M Sportpakket Pro | Travel Pack | Comfort Pack,2024,31.770 km,Hybride benzine,"46.950,-","639,-",https://www.ekris.nl/bmw/p/40928538/bmw-3-serie-touring-320e-40928538,Ekris Heerlen
BMW Z4,Roadster sDrive30i High Executive Comfort Access/ Stoelverwarming/ Head-Up/ HiFi/ M Sportstoelen,2021,50.038 km,Benzine,"46.950,-","639,-",https://www.ekris.nl/bmw/p/46469601/bmw-z4-roadster-sdrive30i-high-executive-46469601,Ekris Flevoland
BMW X1,xDrive23i xLine | Trekhaak / 20 Inch / Elektrische Stoelverstelling met Memory / Comfort Access,2022,33.904 km,Benzine,"47.340,-","645,-",https://www.ekris.nl/bmw/p/47014495/bmw-x1-xdrive23i-47014495,Ekris Veenendaal
BMW iX1,xDrive30 Launch Edition 67 kWh | Comfort Acces |,2024,19.777 km,Elektrisch,"47.400,-","645,-",https://www.ekris.nl/bmw/p/43291829/bmw-ix1-xdrive30-launch-edition-67-kwh-43291829,Ekris Groningen
BMW 5 Serie,Touring 530e xDrive M Sportpakket / Panorama Dak / Hifi / Trekhaak / Head-Up Display,2022,91.730 km,Hybride benzine,"47.400,-","645,-",https://www.ekris.nl/bmw/p/44128872/bmw-5-serie-touring-530e-xdrive-44128872,Ekris Veenendaal
BMW iX3,Executive 80 kWh | Shadowline |,2023,34.810 km,Elektrisch,"47.450,-","646,-",https://www.ekris.nl/bmw/p/45987629/bmw-ix3-executive-80-kwh-45987629,Ekris Groningen
BMW iX2,eDrive20 M Sportpakket Pro | Stuurwielrand verwarmd | Comfort Acces | Harman Kardon,2024,16.786 km,Elektrisch,"47.595,-","561,-",https://www.ekris.nl/bmw/p/40633071/bmw-ix2-edrive20-40633071,Ekris Arnhem
BMW 1 Serie,120 M Sportpakket 18'' / Adaptief onderstel / Parking Assistant / Verwarmde voorstoelen,2025,3.287 km,Benzine,"47.615,-","627,-",https://www.ekris.nl/bmw/p/44631526/bmw-1-serie-120-44631526,Ekris Veenendaal
BMW X4,xDrive20i High Executive | xLine | Parking Pack | Comfort Access | Adaptieve LED koplampen | Harman Kardon |,2021,40.488 km,Benzine,"47.750,-","650,-",https://www.ekris.nl/bmw/p/46195687/bmw-x4-xdrive20i-46195687,Ekris Maastricht
BMW 2 Serie,Gran Coupé 218i | M-Sportpakket | LED | HUD | Schuifdak | Active cruise | Keyles go | DAB | Hifi speakers | Alu 18 inch,2025,5.000 km,Benzine,"47.900,-","630,-",https://www.ekris.nl/bmw/p/41655892/bmw-2-serie-gran-coupe-218i-41655892,Ekris Heerenveen
BMW 1 Serie,5-deurs 120 M Sportpakket Pro | Innovation Pack | BMW Iconic Glow nierengrille,2025,6.500 km,Benzine,"47.900,-","630,-",https://www.ekris.nl/bmw/p/43932782/bmw-1-serie-5-deurs-120-43932782,Ekris Maastricht
BMW X1,xDrive25e | M Sportpakket | Panodak | Getint Glas | Sportstoelen | Verwarmbare Voorstoelen | Camera | Climate Control | 19'' LMV,2023,50.510 km,Hybride benzine,"47.900,-","652,-",https://www.ekris.nl/bmw/p/45170850/bmw-x1-xdrive25e-45170850,Ekris Nijkerk
BMW 3 Serie,Sedan 320e | M Sportpakket | Innovation Pack | Travel Pack | Schuif-/kanteldak | Verwarmd Stuurwiel | Comfort Access | Achteruitrijcamera | Trekhaak,2024,9.796 km,Hybride benzine,"47.900,-","652,-",https://www.ekris.nl/bmw/p/46955870/bmw-3-serie-sedan-320e-46955870,Ekris Arnhem
BMW i4,Gran Coupe eDrive35 | M-Sportpakket | LED | Leder | HUD | Trekhaak | Schuifdak | Active cruise | DAB | Hifi speakers | Alu 19 inch,2024,20.000 km,Elektrisch,"47.900,-","565,-",https://www.ekris.nl/bmw/p/46556212/bmw-i4-gran-coupe-edrive35-46556212,Ekris Heerenveen
BMW 3 Serie,Sedan 320e | M Sportpakket | Entertainment Pack | Parking Pack | Innovation Pack,2024,11.616 km,Hybride benzine,"47.900,-","652,-",https://www.ekris.nl/bmw/p/47014721/bmw-3-serie-sedan-320e-47014721,Ekris Maastricht
BMW 2 Serie,Gran Coupé 220 M Sportpakket Pro | Premium Pack | Stuurwielrand Verwarmd | Comfort Access | Panoramadak | Driving Assistant Plus | Harman Kardon | 19'',2025,9.989 km,Benzine,"47.900,-","630,-",https://www.ekris.nl/bmw/p/43636707/bmw-2-serie-gran-coupe-220-43636707,Ekris Utrecht
BMW 2 Serie,Gran Coupé 220 | M Sportpakket Pro | Panodak | Head-Up | Harman Kardon | Driving Assistant Plus | Elektr. Stoelen | Parking Assistant Plus | 19'' LMV,2025,16.523 km,Benzine,"47.900,-","630,-",https://www.ekris.nl/bmw/p/42814002/bmw-2-serie-gran-coupe-220-42814002,Ekris Nijkerk
BMW iX1,xDrive30 M Sportpakket Pro | Innovation Pack | Comfort Pack,2024,27.769 km,Elektrisch,"47.900,-","565,-",https://www.ekris.nl/bmw/p/39055134/bmw-ix1-xdrive30-39055134,Ekris Veenendaal
BMW X1,sDrive20i M-Sportpakket Portimao Blau / Premium Pack / Harman Kardon Audio,2024,18.674 km,Benzine,"47.900,-","652,-",https://www.ekris.nl/bmw/p/39039664/bmw-x1-sdrive20i-39039664,Ekris Maastricht
BMW 5 Serie,Touring 530e xDrive Business Edition Plus M-Sportpakket | Panoramadak | Trekhaak | comfortstoelen,2022,61.000 km,Hybride benzine,"47.900,-","652,-",https://www.ekris.nl/bmw/p/46650612/bmw-5-serie-touring-530e-xdrive-business-edition-plus-46650612,Ekris Assen
BMW 3-serie,330e M-Sportpakket / Harman Kardon / Stoelverwarming /,2024,32.292 km,Hybride benzine,"47.900,-","652,-",https://www.ekris.nl/bmw/p/45159480/bmw-3-serie-330e-45159480,Ekris Flevoland
BMW 1 Serie,5-deurs 128ti | M-Sportpakket | LED | Leder | HUD | Schuifdak | Elektr. zetels | Keyles go | DAB | Hifi speakers | Alu 19 inch,2024,27.000 km,Benzine,"47.900,-","652,-",https://www.ekris.nl/bmw/p/39952506/bmw-1-serie-5-deurs-128ti-39952506,Ekris Heerenveen
BMW i4,eDrive40 High Executive M Sport / Leer / Hifi / Active Cruise Control,2024,11.271 km,Elektrisch,"47.950,-","566,-",https://www.ekris.nl/bmw/p/43016768/bmw-i4-edrive40-43016768,Ekris Veenendaal
BMW X3,xDrive30e High Executive | Panoramadak | Head-Up |,2022,61.421 km,Hybride benzine,"47.950,-","653,-",https://www.ekris.nl/bmw/p/44198276/bmw-x3-xdrive30e-high-executive-44198276,Ekris Groningen
BMW iX,xDrive40 High Executive Sportpakket / Comfort Acces / Bowers&Wilkins / Trekhaak / CoPilot / Laserlight,2022,75.046 km,Elektrisch,"47.950,-","566,-",https://www.ekris.nl/bmw/p/42408817/bmw-ix-xdrive40-42408817,Ekris Veenendaal
BMW i4,eDrive40 | M Sportpakket | BMW Live Cockpit Professional | Voorstoelen verwarmd,2023,16.929 km,Elektrisch,"47.950,-","566,-",https://www.ekris.nl/bmw/p/43619033/bmw-i4-edrive40-43619033,Ekris Heerlen
BMW iX,xDrive40 High Executive 77 kWh | Laserlicht | Driving Assistant Professional | Sportpakket | Glazen panoramadak Sky Lounge | Harman/Kardon Surround,2022,84.367 km,Elektrisch,"47.950,-","653,-",https://www.ekris.nl/bmw/p/46058848/bmw-ix-xdrive40-high-executive-77-kwh-46058848,Ekris Assen
BMW X2,xDrive20i High Executive M-Sportpakket / Panorama Dak / Hifi / Comfort Acces,2024,18.500 km,Benzine,"47.950,-","653,-",https://www.ekris.nl/bmw/p/39055231/bmw-x2-xdrive20i-high-executive-39055231,Ekris Veenendaal
BMW 5 Serie,Sedan 545e xDrive High Executive | Luxury Line | Audio Media Pack | Parking Pack | Safety Pack | BMW Personal CoPilot Pack | Soft Close | Schuifdak | Stoelventilatie | Driving Assistant Professional | Head-Up Display | Harman Kardon | 18'',2021,83.142 km,Hybride benzine,"47.950,-","653,-",https://www.ekris.nl/bmw/p/46798480/bmw-5-serie-sedan-545e-xdrive-46798480,Ekris Utrecht
BMW 1 Serie,120 M sportpakket | Voorstoelen verwarmd | Achteruitrijcamera,2025,5 km,Benzine,"48.295,-","636,-",https://www.ekris.nl/bmw/p/46629262/bmw-1-serie-120-46629262,Ekris Heerlen
BMW iX1,IX1 xDrive30 X-Line | Stoelverwarming | 19 inch | Stuurwiel verwarming,2024,16.854 km,Elektrisch,"48.395,-","571,-",https://www.ekris.nl/bmw/p/39124475/bmw-ix1-ix1-xdrive30-39124475,Ekris Arnhem
BMW iX3,| High Executive | Parking Pack | Comfort Access | Stoelverwarming | Head-Up Display | Harman Kardon | 20'',2023,24.942 km,Elektrisch,"48.795,-","575,-",https://www.ekris.nl/bmw/p/46740677/bmw-ix3-46740677,Ekris Arnhem
BMW X3,xDrive30e | High Executive | M Sportpakket | Glazen panoramadak | Stuurverwarming | HiFi | BMW Laserlight | Easter,2022,76.392 km,Hybride benzine,"48.850,-","665,-",https://www.ekris.nl/bmw/p/42085081/bmw-x3-xdrive30e-42085081,Ekris Arnhem
BMW 2 Serie,"Active Tourer 225e xDrive | M Sport Pakket | Innovation Pack | 18"" | Head-Up Display | Verwarmd Stuurwiel | Trekhaak",2025,12.247 km,Hybride benzine,"48.895,-","644,-",https://www.ekris.nl/bmw/p/42483371/bmw-2-serie-active-tourer-225e-xdrive-42483371,Ekris Arnhem
BMW iX3,| High Executive | M Sportpakket | Driving Assistent Professional | 20 inch | Glazen panoramadak | Comfort Access | Head-Up Display | Harman Kardon | Easter,2023,23.267 km,Elektrisch,"48.895,-","577,-",https://www.ekris.nl/bmw/p/47051144/bmw-ix3-47051144,Ekris Arnhem
BMW i4,M50 High Executive 84 kWh | Trekhaak | Co Pilot Pack | Laserlights |,2022,54.274 km,Elektrisch,"48.900,-","666,-",https://www.ekris.nl/bmw/p/43855326/bmw-i4-m50-high-executive-84-kwh-43855326,Ekris Groningen
BMW X1,sDrive18i | M-Sportpakket | LED | Navigatie | Trekhaak | Sportstoelen | Stoelverwarming | DAB | Alu 18 inch,2024,9.000 km,Benzine,"48.900,-","666,-",https://www.ekris.nl/bmw/p/43386295/bmw-x1-sdrive18i-43386295,Ekris Heerenveen
BMW 2 Serie,Active Tourer 230e xDrive | Sportstoelen | Harman/Kardon | 19inch | Head Up | Innovation Pack,2024,9.735 km,Hybride benzine,"48.900,-","666,-",https://www.ekris.nl/bmw/p/43425938/bmw-2-serie-active-tourer-230e-xdrive-43425938,Ekris Assen
BMW 3 Serie,"Sedan 330e M Sportpakket | Trekhaak | Widescreen Display | Adaptief M-onderstel | 18""",2024,26.867 km,Hybride benzine,"48.900,-","666,-",https://www.ekris.nl/bmw/p/45385063/bmw-3-serie-sedan-330e-45385063,Ekris Utrecht
BMW 3 Serie,"Sedan 330e M Sportpakket | Trekhaak | HIFI | Widescreen Display | 18""",2024,36.437 km,Hybride benzine,"48.900,-","666,-",https://www.ekris.nl/bmw/p/45384955/bmw-3-serie-sedan-330e-45384955,Ekris Utrecht
BMW 2 Serie,Gran Coupé 220 M Sportpakket Pro | Premium Pack | Driving Assistant Plus,2025,5.500 km,Benzine,"48.900,-","644,-",https://www.ekris.nl/bmw/p/45747769/bmw-2-serie-gran-coupe-220-45747769,Ekris Maastricht
BMW X5,xDrive30d | LED | Leder | Navigatie | Comfortzetels | Trekhaak | Schuifdak | Shadow line | Alu 18 inch,2020,125.000 km,Diesel,"48.900,-","666,-",https://www.ekris.nl/bmw/p/46399344/bmw-x5-xdrive30d-46399344,Ekris Heerenveen
BMW X1,xDrive23i | M Sportpakket | Harman Kardon | Elektrisch Glazen Panorama-dak,2022,47.716 km,Benzine,"48.900,-","666,-",https://www.ekris.nl/bmw/p/46928180/bmw-x1-xdrive23i-46928180,Ekris Heerlen
BMW i4,Gran Coupe eDrive35 | M-Sportpakket | Head Up | Schuifdak | Trekhaak | Stoelverwarming | Harman/kardon sound | 19 inch,2023,26.855 km,Elektrisch,"48.900,-","666,-",https://www.ekris.nl/bmw/p/43333992/bmw-i4-gran-coupe-edrive35-43333992,Ekris Assen
BMW iX1,eDrive20 | M Sportpakket Pro | Premium Pack | Harman Kardon | Comfort Acces | Adaptieve LED | 19'' LMV,2025,10.811 km,Elektrisch,"48.900,-","553,-",https://www.ekris.nl/bmw/p/43034986/bmw-ix1-edrive20-43034986,Ekris Nijkerk
BMW X3,xDrive30e High Executive | Trekhaak | Sportstoelen | Laserlight | Parking Assistant | DAB | HiFi | 18'',2022,28.000 km,Hybride benzine,"48.900,-","666,-",https://www.ekris.nl/bmw/p/47046752/bmw-x3-xdrive30e-47046752,Ekris Utrecht
BMW 3 Serie,Touring 330e M-Sportpakket | Glazen Panoramadak | Stuur- en stoelverwarming | Harman Kardon | Comfort Access | Elektrisch verstelbare stoelen | Active Cruise Control,2024,44.546 km,Hybride benzine,"48.900,-","666,-",https://www.ekris.nl/bmw/p/46800632/bmw-3-serie-touring-330e-46800632,Ekris Assen
BMW iX3,High Executive 80 kWh | Head-Up | Panoramadak | Trekhaak | Harman Kardon | Adaptive Cruise | Elektrisch bediende stoelen |,2023,31.106 km,Elektrisch,"48.950,-","667,-",https://www.ekris.nl/bmw/p/46340003/bmw-ix3-high-executive-80-kwh-46340003,Ekris Groningen
BMW 1 Serie,120 M Sportpakket Pro | Premium Pack | Stuurwielrand Verwarmd | M Adaptief onderstel | Comfort Access | Driving Assistant Plus | Harman Kardon | 19'',2025,9.864 km,Benzine,"48.950,-","644,-",https://www.ekris.nl/bmw/p/44005800/bmw-1-serie-120-44005800,Ekris Utrecht
BMW 1 Serie,120 M Sportpakket Pro | Premium Pack | Stuurwielrand Verwarmd | Comfort Access | Driving Assistant Plus | Harman Kardon | 19'',2025,8.822 km,Benzine,"48.950,-","644,-",https://www.ekris.nl/bmw/p/44006215/bmw-1-serie-120-44006215,Ekris Utrecht
BMW 1 Serie,120 M Sportpakket Pro | Premium Pack | Stuurwielrand Verwarmd | Comfort Access | Panoramadak | Driving Assistant | Harman Kardon | 19'',2025,9.539 km,Benzine,"48.950,-","644,-",https://www.ekris.nl/bmw/p/44004759/bmw-1-serie-120-44004759,Ekris Utrecht
BMW 1 Serie,5-deurs 120 M Sportpakket | Premium Pack | Harman-Kardon sound system | Parking Assistant,2025,14.000 km,Benzine,"48.950,-","644,-",https://www.ekris.nl/bmw/p/43934117/bmw-1-serie-5-deurs-120-43934117,Ekris Zeist
BMW 1 Serie,120 M Sport Design | Equipement Pack Pro,2025,5 km,Benzine,"49.221,-","648,-",https://www.ekris.nl/bmw/p/45492486/bmw-1-serie-120-45492486,Ekris Heerlen
BMW X4,xDrive20i High Executive Edition null,2021,25.300 km,Benzine,"49.850,-","679,-",https://www.ekris.nl/bmw/p/47148834/bmw-x4-xdrive20i-high-executive-edition-47148834,Ekris Veenendaal
BMW iX2,xDrive30 67 kWh | M-Sportpakket | Iconic Glow nierengrille | Panoramadak | Driving Assistant Plus,2024,25.135 km,Elektrisch,"49.900,-","679,-",https://www.ekris.nl/bmw/p/43723734/bmw-ix2-xdrive30-67-kwh-43723734,Ekris Assen
BMW 2 Serie,Active Tourer 225e xDrive Luxury Line,2025,7.212 km,Hybride benzine,"49.900,-","657,-",https://www.ekris.nl/bmw/p/43535798/bmw-2-serie-active-tourer-225e-xdrive-43535798,Ekris Veenendaal
BMW 3 Serie,Touring 330e | M Sportpakket Pro | Panodak | Harman Kardon | Comfort Access | Elektr. Voorstoelen | 19'' LMV,2024,31.407 km,Hybride benzine,"49.900,-","679,-",https://www.ekris.nl/bmw/p/45111876/bmw-3-serie-touring-330e-45111876,Ekris Nijkerk
BMW 3 Serie,Touring 320e | M-Sportpakket | LED | Leder | HUD | Schuifdak | Elektr. zetels | Sportstoelen | DAB | Hifi speakers | Alu 19 inch,2024,37.000 km,Hybride benzine,"49.900,-","679,-",https://www.ekris.nl/bmw/p/44757530/bmw-3-serie-touring-320e-44757530,Ekris Heerenveen
BMW 4 Serie,Coupe 420i | M-Sportpakket | LED | Leder | HUD | Schuifdak | Sportstoelen | Active cruise | DAB | Hifi speakers | Alu 18 inch,2024,34.000 km,Benzine,"49.900,-","679,-",https://www.ekris.nl/bmw/p/44908885/bmw-4-serie-coupe-420i-44908885,Ekris Heerenveen
BMW 4 Serie,Coupe M440i xDrive | M-Sportpakket | Laserlicht | Leder | HUD | Schuifdak | Elektr. zetels | Keyles go | DAB | Harman-kardon sound | Alu 19 inch,2021,109.000 km,Benzine,"49.900,-","679,-",https://www.ekris.nl/bmw/p/43349261/bmw-4-serie-coupe-m440i-xdrive-43349261,Ekris Heerenveen
BMW 4 Serie,Gran Coupe 430i | M-Sportpakket | LED | Leder | HUD | M-sportzetels | Elektr. zetels | DAB | Hifi speakers | Alu 18 inch,2023,9.000 km,Benzine,"49.900,-","679,-",https://www.ekris.nl/bmw/p/43855016/bmw-4-serie-gran-coupe-430i-43855016,Ekris Heerenveen
BMW 4 Serie,Gran Coupe 420i | M-Sportpakket | LED | Leder | HUD | Schuifdak | DAB | Harman-kardon sound | Alu 19 inch,2024,36.000 km,Benzine,"49.900,-","679,-",https://www.ekris.nl/bmw/p/46420896/bmw-4-serie-gran-coupe-420i-46420896,Ekris Heerenveen
BMW 2 Serie,Coupé 218i | M-Sportpakket | LED | Navigatie | Stoelverwarming | Keyles go | DAB | Hifi speakers | Alu 18 inch,2025,18.000 km,Benzine,"49.900,-","657,-",https://www.ekris.nl/bmw/p/45781062/bmw-2-serie-coupe-218i-45781062,Ekris Heerenveen
BMW 3 Serie,Sedan 320i M-Sportpakket | Innovation Pack | Harman Kardon Audio | Elektr. Trekhaak,2024,24.749 km,Benzine,"49.900,-","679,-",https://www.ekris.nl/bmw/p/39039661/bmw-3-serie-sedan-320i-39039661,Ekris Maastricht
BMW Z4,Roadster sDrive30i | M-Sportpakket | LED | Leder | Navigatie | Windscherm | Stoelverwarming | DAB | Hifi speakers | Alu 18 inch,2022,52.000 km,Benzine,"49.900,-","679,-",https://www.ekris.nl/bmw/p/45807904/bmw-z4-roadster-sdrive30i-45807904,Ekris Heerenveen
BMW X1,xDrive25e | M Sportpakket | Harman Kardon | Trekhaak | Panorama Dak | Premium Pack,2023,27.624 km,Hybride benzine,"49.900,-","679,-",https://www.ekris.nl/bmw/p/46780984/bmw-x1-xdrive25e-46780984,Ekris Heerlen
BMW 3 Serie,Touring 330e M Sportpakket Pro | Comfort Access | Panoramadak | Elektrisch verstelbare stoelen | HiFi,2024,36.675 km,Hybride benzine,"49.900,-","679,-",https://www.ekris.nl/bmw/p/44646121/bmw-3-serie-touring-330e-44646121,Ekris Heerlen
BMW 4 Serie,Coupé 420i High Executive M Sportpakket Pro,2024,23.892 km,Benzine,"49.900,-","679,-",https://www.ekris.nl/bmw/p/39055769/bmw-4-serie-coupe-420i-39055769,Ekris Veenendaal
BMW iX,xDrive40 High Executive 77 kWh | M Sportpakket | Comfort Access | Driving Assistant Professional,2022,19.440 km,Elektrisch,"49.900,-","589,-",https://www.ekris.nl/bmw/p/46673196/bmw-ix-xdrive40-high-executive-77-kwh-46673196,Ekris Heerlen
BMW 1 Serie,5-deurs 120 M Sportpakket Pro | Innovation Pack | Brooklyn Grau | 19'' LMV,2025,7.500 km,Benzine,"49.900,-","657,-",https://www.ekris.nl/bmw/p/43932761/bmw-1-serie-5-deurs-120-43932761,Ekris Maastricht
BMW 3 Serie,Touring 330e | M-Sportpakket | LED | Leder | HUD | Schuifdak | Elektr. zetels | Keyles go | DAB | Hifi speakers | Alu 19 inch,2024,27.000 km,Hybride benzine,"49.900,-","679,-",https://www.ekris.nl/bmw/p/45299311/bmw-3-serie-touring-330e-45299311,Ekris Heerenveen
BMW 3-serie,320i M Sportpakket/ Schuifkanteldak/ Active Cruise Controle/ 19 inch,2023,18.812 km,Benzine,"49.900,-","679,-",https://www.ekris.nl/bmw/p/41919327/bmw-3-serie-320i-41919327,Ekris Flevoland
BMW 2 Serie,Active Tourer 225e xDrive Premium Pack/ Comfort Pack/ Travel Pack/ Panoramadak/ Verwarmd Stuurwiel/ Comfort Acces/ Elektrische Trekhaak/,2025,8.450 km,Hybride benzine,"49.900,-","657,-",https://www.ekris.nl/bmw/p/43743206/bmw-2-serie-active-tourer-225e-xdrive-43743206,Ekris Flevoland
BMW 3 Serie,Touring 320i | M-Sportpakket | LED | Leder | Navigatie | Schuifdak | Trekhaak | Elektr. zetels | DAB | Hifi speakers | Alu 18 inch,2024,32.000 km,Benzine,"49.900,-","679,-",https://www.ekris.nl/bmw/p/39039342/bmw-3-serie-touring-320i-39039342,Ekris Heerenveen
BMW 3 Serie,Touring 330e xDrive | M-Sportpakket | LED | HUD | Schuifdak | Keyles go | Stoelverwarming | Shadow line | DAB | Hifi speakers | Alu 19 inch,2024,13.000 km,Hybride benzine,"49.900,-","679,-",https://www.ekris.nl/bmw/p/43334031/bmw-3-serie-touring-330e-xdrive-43334031,Ekris Heerenveen
BMW i4,Gran Coupe eDrive35 | Facelift !! | M-Sportpakket | LED | Navigatie | Trekhaak | Stoelverwarming | Active cruise | DAB | harman-kardon sound | Alu 19 inch,2024,12.000 km,Elektrisch,"49.900,-","589,-",https://www.ekris.nl/bmw/p/44130239/bmw-i4-gran-coupe-edrive35-44130239,Ekris Heerenveen
BMW 5 Serie,Sedan 530e | M-Sportpakket | LED | Leder | HUD | Schuifdak | Trekhaak | Active cruise | DAB | Harman-kardon sound | Alu 19 inch,2023,58.000 km,Hybride benzine,"49.900,-","679,-",https://www.ekris.nl/bmw/p/47038509/bmw-5-serie-sedan-530e-47038509,Ekris Heerenveen
BMW iX,xDrive40 | High Executive | Sportpakket | Panodak Skylounge | Driving Assistant Prof. | Soft Close | Parking Assistant Plus | Harman Kardon | 22'' LMV,2022,70.909 km,Elektrisch,"49.900,-","589,-",https://www.ekris.nl/bmw/p/46736753/bmw-ix-xdrive40-46736753,Ekris Nijkerk
BMW 1-serie,120 | M Sportpakket Pro | Panodak | Harman Kardon | Comfort Access | Elekrt. Achterklep | Achteruitrijcamera | M Performance | 19'' LMV,2025,3.854 km,Benzine,"49.900,-","657,-",https://www.ekris.nl/bmw/p/45222967/bmw-1-serie-120-45222967,Ekris Nijkerk
BMW 2 Serie,Active Tourer 225e xDrive | M Sportpakket | Equipment Pack | Comfort Pack,2025,13.506 km,Hybride benzine,"49.900,-","657,-",https://www.ekris.nl/bmw/p/43737629/bmw-2-serie-active-tourer-225e-xdrive-43737629,Ekris Assen
BMW i4,eDrive35 M Sport Edition 70 kWh | Trekhaak,2024,20.654 km,Elektrisch,"49.950,-","680,-",https://www.ekris.nl/bmw/p/43291786/bmw-i4-edrive35-m-sport-edition-70-kwh-43291786,Ekris Groningen
BMW X2,sDrive20i Launch Edition | 19inch,2024,18.891 km,Benzine,"49.950,-","680,-",https://www.ekris.nl/bmw/p/43291782/bmw-x2-sdrive20i-launch-edition-43291782,Ekris Groningen
BMW 1-serie,120 M Sport Design Edition | 19 inch | Glazendak | Zwart Dak |,2025,13.500 km,Benzine,"49.950,-","657,-",https://www.ekris.nl/bmw/p/44621098/bmw-1-serie-120-m-sport-design-edition-44621098,Ekris Groningen
BMW 1 Serie,120 M Sportpakket Pro | Premium Pack | Stuurwielrand Verwarmd | M Adaptief onderstel | Panoramadak | Driving Assistant | Harman Kardon | 19'',2025,9.999 km,Benzine,"49.950,-","657,-",https://www.ekris.nl/bmw/p/44517137/bmw-1-serie-120-44517137,Ekris Utrecht
BMW 1 Serie,120 M Sportpakket Pro | Premium Pack | Stuurwielrand Verwarmd | M Adaptief onderstel | Panoramadak | Driving Assistant | Harman Kardon | 19'',2025,4.599 km,Benzine,"49.950,-","657,-",https://www.ekris.nl/bmw/p/44005802/bmw-1-serie-120-44005802,Ekris Utrecht
BMW iX1,eDrive20 67 kWh M Sportpakket Pro/ Stuurwielverwarming/ Comfort Access/ Elektrische Trekhaak/ Achteruitrijcamera/ panoramadak/ Harman-Kardon,2025,16.000 km,Elektrisch,"49.950,-","565,-",https://www.ekris.nl/bmw/p/45964367/bmw-ix1-edrive20-67-kwh-45964367,Ekris Flevoland
BMW X1,xDrive30e null,2022,59.500 km,Hybride benzine,"49.950,-","680,-",https://www.ekris.nl/bmw/p/47148789/bmw-x1-xdrive30e-47148789,Ekris Veenendaal
BMW 2 Serie,Gran Coupé 220 Premium Pack | Comfort Access | Stuurwiel verwarming | Getint Glas,2025,2.500 km,Benzine,"49.977,-","658,-",https://www.ekris.nl/bmw/p/46360700/bmw-2-serie-gran-coupe-220-46360700,Ekris Maastricht
BMW 3 Serie,Sedan 320e | M Sportpakket | Travel Pack | Entertainment Pack,2025,13.557 km,Hybride benzine,"49.995,-","658,-",https://www.ekris.nl/bmw/p/39038654/bmw-3-serie-sedan-320e-39038654,Ekris Arnhem
BMW i4,Gran Coupé M50 M-Sportpakket | M-Performance Parts | Trekhaak | 20 inch | Individual interieur | Carbon exterieur pakket,2022,66.169 km,Elektrisch,"49.995,-","590,-",https://www.ekris.nl/bmw/p/40696404/bmw-i4-gran-coupe-m50-40696404,Ekris Arnhem
BMW 2 Serie,220 Gran Coupé | M Sport Design | Premium Pack,2025,5 km,Benzine,"50.071,-","659,-",https://www.ekris.nl/bmw/p/45493470/bmw-2-serie-220-gran-coupe-45493470,Ekris Utrecht
BMW 1-serie,120 M Sportpakket Pro / Premium Pack / Harman Kardon / Extra Getint Glas / 19'' M-Performance / M-Performance frontsplitter /,2025,11.500 km,Benzine,"50.591,-","666,-",https://www.ekris.nl/bmw/p/45382873/bmw-1-serie-120-m-sportpakket-45382873,Ekris Flevoland
BMW 3 Serie,Sedan 330e xDrive | M Sportpakket | Innovation Pack | Travel Pack | Comfort Pack,2024,18.047 km,Hybride benzine,"50.750,-","691,-",https://www.ekris.nl/bmw/p/46673673/bmw-3-serie-sedan-330e-xdrive-46673673,Ekris Maastricht
BMW X1,18i sDrive Aut. / Achteruitrijcamera / Comfort Acces/ Harman Kardon / Elektrische trekhaak,2024,23.764 km,Benzine,"50.850,-","692,-",https://www.ekris.nl/bmw/p/39038679/bmw-x1-18i-sdrive-aut-39038679,Ekris Arnhem
BMW X3,xDrive30e | M Sportpakket | Trekhaak | 20 inch | Elektrische stoelen | HiFi |,2022,78.389 km,Hybride benzine,"50.850,-","692,-",https://www.ekris.nl/bmw/p/44215626/bmw-x3-xdrive30e-44215626,Ekris Groningen
BMW 3 Serie,Touring 330e xDrive M Sportpakket | innovation Pack | Driving Assistant Professional,2024,32.643 km,Hybride benzine,"50.900,-","693,-",https://www.ekris.nl/bmw/p/41025153/bmw-3-serie-touring-330e-xdrive-41025153,Ekris Heerlen
BMW 3-serie,330e xDrive | M Sportpakket | Panodak | Harman Kardon | Head-Up | Elektr. Voorstoelen | Active Cruise Control | Parking Assistant Plus | Comfort Access | 19'' LMV,2024,20.495 km,Hybride benzine,"50.900,-","693,-",https://www.ekris.nl/bmw/p/46464104/bmw-3-serie-330e-xdrive-46464104,Ekris Nijkerk
BMW X4,xDrive20i Business Edition Plus M-Sportpakket / HIFI / Trekhaak / Schuif Kanteldak / elektrische Stoelverstelling /,2022,103.770 km,Benzine,"50.900,-","693,-",https://www.ekris.nl/bmw/p/46897945/bmw-x4-xdrive20i-business-edition-plus-46897945,Ekris Flevoland
BMW X1,xDrive30e | Innovation Pack | Comfort Pack | Harman Kardon,2024,18.796 km,Hybride benzine,"50.950,-","694,-",https://www.ekris.nl/bmw/p/45784728/bmw-x1-xdrive30e-45784728,Ekris Heerlen
BMW iX2,xDrive30 M Sportpakket | Innovation Pack | Comfort Pack,2024,22.090 km,Elektrisch,"50.950,-","601,-",https://www.ekris.nl/bmw/p/42442254/bmw-ix2-xdrive30-42442254,Ekris Heerlen
BMW 1-serie,120 M Sport Design Edition | Premium Pack | Trekhaak |,2025,1.500 km,Benzine,"51.108,-","673,-",https://www.ekris.nl/bmw/p/46755897/bmw-1-serie-120-m-sport-design-edition-46755897,Ekris Groningen
BMW iX3,High Executive | Shadow Line Pack | Harman Kardon | Elektr. Verstelb. Stoelen | Panoramadak,2023,22.270 km,Elektrisch,"51.450,-","607,-",https://www.ekris.nl/bmw/p/41967304/bmw-ix3-41967304,Ekris Heerlen
BMW 1 Serie,120 | M Sportpakket Pro | Premium Pack | Verwarmd Stuurwiel | Comfort Access | Achteruitrijcamera | Stoelverwarming | Harman-Kardon,2025,10.205 km,Benzine,"51.500,-","678,-",https://www.ekris.nl/bmw/p/45438701/bmw-1-serie-120-45438701,Ekris Arnhem
BMW 1 Serie,"120 M Sport Design Edition | Glazen Panoramadak | Driving Assistant Plus | Head-Up Display | Head-Up Display | 18""",2025,2.511 km,Benzine,"51.831,-","682,-",https://www.ekris.nl/bmw/p/46767325/bmw-1-serie-120-46767325,Ekris Utrecht
BMW 3 Serie,Touring 320e / M Sportpakket / Travel Pack / Elektrische trekhaak / HiFi / Sportstoelen voor,2024,24.250 km,Hybride benzine,"51.895,-","707,-",https://www.ekris.nl/bmw/p/39038482/bmw-3-serie-touring-320e-39038482,Ekris Arnhem
BMW iX3,Executive 80 kWh | M-Sportpakket | LED | Navigatie | Schuifdak | Sportstoelen | Active cruise | DAB | Alu 19 inch,2024,12.000 km,Elektrisch,"51.900,-","612,-",https://www.ekris.nl/bmw/p/45878375/bmw-ix3-executive-80-kwh-45878375,Ekris Heerenveen
BMW 3-serie,320e M Sportpakket/ Elektrische Trekhaak/ schuif-/kanteldak/ Sportstoelen/ Verwarmd Stuurwiel/,2025,9.140 km,Hybride benzine,"51.900,-","683,-",https://www.ekris.nl/bmw/p/43743328/bmw-3-serie-320e-43743328,Ekris Flevoland
BMW i4,eDrive35 | M Sportpakket,2025,8.733 km,Elektrisch,"51.900,-","587,-",https://www.ekris.nl/bmw/p/47062444/bmw-i4-edrive35-47062444,Ekris Maastricht
BMW iX3,Executive M-Sportpakket | Panoramadak | Active Cruise Control,2024,22.030 km,Elektrisch,"51.950,-","707,-",https://www.ekris.nl/bmw/p/43291397/bmw-ix3-43291397,Ekris Assen
BMW 1 Serie,"120 M Sport Design Edition | M Sportpakket | Achteruitrijcamera | Glazen panoramadak | Parking Assistant | 18""",2025,2.502 km,Benzine,"51.984,-","684,-",https://www.ekris.nl/bmw/p/46767378/bmw-1-serie-120-46767378,Ekris Utrecht
BMW 1 Serie,120 | M Sportpakket Pro | Premium Pack,2025,0 km,Benzine,"52.690,-","694,-",https://www.ekris.nl/bmw/p/46624127/bmw-1-serie-120-46624127,Ekris Utrecht
BMW 4 Serie,Coupé 420i High Executive | M Sportpakket | Safety Pack | Stuurwielrand Verwarmd | Schuifdak | Driving Assistant | DAB | HiFi | 19'',2024,16.488 km,Benzine,"52.695,-","718,-",https://www.ekris.nl/bmw/p/43786492/bmw-4-serie-coupe-420i-43786492,Ekris Utrecht
BMW 1-serie,120 M Sport Design Edition Stuurrwielverwarming/ Comfort Access/ Achteruitrijcamera/ panoramadak/ Sportstoelen/ Stoelverwarming/ Harman-Kardon,2025,5 km,Benzine,"52.751,-","694,-",https://www.ekris.nl/bmw/p/46499245/bmw-1-serie-120-m-sport-design-edition-46499245,Ekris Flevoland
BMW 2 Serie Gran Coupé,"220 Driving Assistant Plus | Sportstoelen voor | Achteruitrijcamera | Premium Pack | 17""",2025,2.512 km,Benzine,"52.762,-","694,-",https://www.ekris.nl/bmw/p/46767512/bmw-2-serie-gran-coupe-220-46767512,Ekris Utrecht
BMW 1 Serie,5-deurs 128ti M Aerodynamicapakket | Comfort Pack | Travel Pack | Glazen panoramadak | BMW Head-Up Display | HiFi System,2024,12.244 km,Benzine,"52.850,-","720,-",https://www.ekris.nl/bmw/p/43422542/bmw-1-serie-5-deurs-128ti-43422542,Ekris Zeist
BMW 3 Serie,Sedan 320e M Sportpakket 19'' / Schuif-/kanteldak / Stuurwielrand verwarming / Carbon M Performance pakket,2025,11.868 km,Hybride benzine,"52.850,-","696,-",https://www.ekris.nl/bmw/p/44288502/bmw-3-serie-sedan-320e-44288502,Ekris Veenendaal
BMW 3 Serie,Touring 320i M Sport / Trekhaak / Hifi / Stoel- en Stuurverwarming / Comfort Acces / Panorama Dak,2024,23.000 km,Benzine,"52.850,-","720,-",https://www.ekris.nl/bmw/p/40717150/bmw-3-serie-touring-320i-40717150,Ekris Veenendaal
BMW X1,sDrive20i M Sportpakket | Innovation Pack | Comfort Pack | Adaptief M Onderstel | Trekhaak | Elektrisch Verstelbare Stoelen | Actieve Stoel Bestuurder | Driving Assistant Professional | Head-Up Display | Harman Kardon | 18'',2024,34.803 km,Benzine,"52.850,-","720,-",https://www.ekris.nl/bmw/p/43941315/bmw-x1-sdrive20i-43941315,Ekris Utrecht
BMW i4,eDrive35 M Sport Edition 70 kWh | Panoramadak | Stoelverwarming | Achteruitrijcamera |,2024,27.511 km,Elektrisch,"52.900,-","720,-",https://www.ekris.nl/bmw/p/43291820/bmw-i4-edrive35-m-sport-edition-70-kwh-43291820,Ekris Groningen
BMW X2,sDrive20i | M Sportpakket Pro | Innovation Pack | Verwarmd Stuurwiel | Comfort Access | Panoramadak | Stoelverwarming | Head-Up Display | Harman-Kardon | Iconic Glow,2024,35.858 km,Benzine,"52.900,-","720,-",https://www.ekris.nl/bmw/p/44995516/bmw-x2-sdrive20i-44995516,Ekris Arnhem
BMW 7 Serie,Sedan 745e | High Executive / Model M Sport / Active Steering / BMW Personal CoPilot Pack,2021,95.625 km,Hybride benzine,"52.900,-","720,-",https://www.ekris.nl/bmw/p/39038638/bmw-7-serie-sedan-745e-39038638,Ekris Arnhem
BMW 2 Serie,Gran Coupé 220 M-Sportpakket / Driving assistant / Getint glas / Key-less / Park assist / Alu wielen 19 inch,2025,2.500 km,Benzine,"52.900,-","696,-",https://www.ekris.nl/bmw/p/46799561/bmw-2-serie-gran-coupe-220-46799561,Ekris Heerenveen
BMW 2 Serie,Active Tourer 225e xDrive M Sportpakket | Premium Pack | Travel Pack | Driving Assistant Plus,2025,13.500 km,Hybride benzine,"52.900,-","696,-",https://www.ekris.nl/bmw/p/42857679/bmw-2-serie-active-tourer-225e-xdrive-42857679,Ekris Maastricht
BMW X1,xDrive25e | M-Sport | Achteruitrijcamera | Driving Assistant Plus,2024,9.926 km,Hybride benzine,"52.900,-","720,-",https://www.ekris.nl/bmw/p/44480215/bmw-x1-xdrive25e-44480215,Ekris Assen
BMW 5 Serie,530e Business Edition Plus M-Sportpakket / Schuif - Kanteldak / Active Cruise Control / Head Up Display / Harman Kardon /,2023,65.000 km,Hybride benzine,"52.900,-","720,-",https://www.ekris.nl/bmw/p/47033571/bmw-5-serie-530e-business-edition-plus-47033571,Ekris Flevoland
BMW 4 Serie,Cabrio 420i | M Sport | Innovationspakket | Nekverwarming | Verwarmd Stuurwiel | Stoelverwarming | Comfort Access | 18'' | Achteruitrijcamera | Trekhaak,2022,52.382 km,Benzine,"52.900,-","720,-",https://www.ekris.nl/bmw/p/46955638/bmw-4-serie-cabrio-420i-46955638,Ekris Arnhem
BMW 3-serie,330e xDrive M-Sportpakket / Harman Kardon / Elektrisch Verstelbare Stoelen / Active Cruise control / Schuif - Kanteldak / 19 '' /,2024,4.917 km,Hybride benzine,"52.900,-","720,-",https://www.ekris.nl/bmw/p/46426936/bmw-3-serie-330e-xdrive-46426936,Ekris Flevoland
BMW X1,xDrive25e M Sportpakket/ Comfort Access/ Sportstoelen/ Driving Assistant Plus/ Stoelverwarming,2024,9.518 km,Hybride benzine,"52.900,-","720,-",https://www.ekris.nl/bmw/p/44356394/bmw-x1-xdrive25e-44356394,Ekris Flevoland
BMW X1,sDrive20i M Sportpakket/ M Adaptief onderstel/ Panoramadak/ Sportstoelen,2024,4.677 km,Benzine,"52.900,-","720,-",https://www.ekris.nl/bmw/p/42756307/bmw-x1-sdrive20i-42756307,Ekris Flevoland
BMW 5 Serie,Sedan 520i | LED | HUD | Sportstoelen | Active cruise | Stoelverwarming | Elektr. zetels | DAB| Alu 19 inch,2024,13.000 km,Benzine,"52.900,-","720,-",https://www.ekris.nl/bmw/p/43576646/bmw-5-serie-sedan-520i-43576646,Ekris Heerenveen
BMW iX1,eDrive20 | M Sportpakket Pro | Premium Pack | Panodak | Elektr. Stoelen | Harman Kardon | Driving Assistant Plus | Comfort Acces | 19'' LMV,2025,5.567 km,Elektrisch,"52.900,-","598,-",https://www.ekris.nl/bmw/p/45336051/bmw-ix1-edrive20-45336051,Ekris Nijkerk
BMW i4,M50 | High Executive / M Sport Pro / Panodak / Head-Up / Driving Assistant Prof. / Harman Kardon / Elektr. Stoelen / 20'' LMV,2023,53.335 km,Elektrisch,"52.900,-","624,-",https://www.ekris.nl/bmw/p/39055601/bmw-i4-m50-39055601,Ekris Nijkerk
BMW X3,xDrive30e M Sportpakket | 20 inch | Elektrische Trekhaak | Glazen panoramadak | Driving Assistant | Adaptieve LED | Head-Up,2022,69.649 km,Hybride benzine,"52.900,-","720,-",https://www.ekris.nl/bmw/p/46993687/bmw-x3-xdrive30e-46993687,Ekris Maastricht
BMW 1 Serie,5-deurs M135i xDrive | M Sportpakket | Innovation Pack | 18 inch | Stuurwielverwarming | Comfort Access | Elektrisch verstelbare stoelen | Head Up Display | HiFi,2024,26.265 km,Benzine,"52.950,-","721,-",https://www.ekris.nl/bmw/p/42614724/bmw-1-serie-5-deurs-m135i-xdrive-42614724,Ekris Arnhem
BMW iX1,eDrive20 M Sport / Harman Kardon / Parking Assistant,2024,13.868 km,Elektrisch,"52.950,-","624,-",https://www.ekris.nl/bmw/p/43835323/bmw-ix1-edrive20-43835323,Ekris Veenendaal
BMW 4 Serie,"Gran Coupe 430i High Executive | M Sportpakket | Hi-Fi audio | 19""",2023,20.820 km,Benzine,"52.950,-","721,-",https://www.ekris.nl/bmw/p/43255800/bmw-4-serie-gran-coupe-43255800,Ekris Heerlen
BMW 7 Serie,Sedan 745e High Executive | M Sportpakket | Comfort Access | Soft Close | Schuifdak | Driving Assistant Professional | Head-Up Display | Harman Kardon | 20'',2020,94.265 km,Hybride benzine,"52.950,-","721,-",https://www.ekris.nl/bmw/p/47015017/bmw-7-serie-sedan-745e-47015017,Ekris Utrecht
BMW 1-serie,M135i xDrive Comfort Access/ Stuurwielrand verwarmd/ Achteruitrijcamera/ panoramadak/ Sportstoelen/ Stoelverwarming/ Active Cruise Control/ Head-Up/ Harman-Kardon,2023,29.000 km,Benzine,"52.950,-","721,-",https://www.ekris.nl/bmw/p/47133478/bmw-1-serie-m135i-xdrive-47133478,Ekris Flevoland
BMW 2 Serie,Gran Coupé 220 | M-Sportpakket | Premium Pack | Verwarmd Stuurwiel | Comfort Access | Harman-Kardon | 18'',2025,10.840 km,Benzine,"53.150,-","700,-",https://www.ekris.nl/bmw/p/43861076/bmw-2-serie-gran-coupe-220-43861076,Ekris Arnhem
BMW 1 Serie,5-deurs 120 | M Sportpakket | Innovation Pack | Driving Assistant Plus,2025,5.200 km,Benzine,"53.177,-","700,-",https://www.ekris.nl/bmw/p/45621985/bmw-1-serie-5-deurs-120-45621985,Ekris Heerlen
BMW X1,18i sDrive Aut. M Sportpakket / Travel Pack / Comfort Acces / Sporstoelen voor / Verwarmde voorstoelen,2024,21.974 km,Benzine,"53.450,-","728,-",https://www.ekris.nl/bmw/p/39122372/bmw-x1-18i-sdrive-aut-39122372,Ekris Arnhem
BMW i4,eDrive35 High Executive | M Sportpakket Pro | Safety Pack | Schuifdak | Active Cruise Control | Harman Kardon | 19'',2024,18.965 km,Elektrisch,"53.695,-","633,-",https://www.ekris.nl/bmw/p/39748355/bmw-i4-edrive35-39748355,Ekris Utrecht
BMW 2 Serie,Active Tourer 225e xDrive M Sportpakket/ Premium Pack/ Stuurverwarming/ Comfort Acces/ Elektrische Trekhaak/ Panoramadak/ Harman-Kardon,2025,6.650 km,Hybride benzine,"53.795,-","708,-",https://www.ekris.nl/bmw/p/43833184/bmw-2-serie-active-tourer-225e-xdrive-43833184,Ekris Flevoland
BMW 3 Serie,Touring 320i M Sport Pro Trekhaak / Panorama Dak / Hifi / Stoelverwarming / Driving Assistant,2024,25.514 km,Benzine,"53.850,-","733,-",https://www.ekris.nl/bmw/p/39055969/bmw-3-serie-touring-320i-39055969,Ekris Veenendaal
BMW iX,xDrive40 | High Executive | Sportpakket | Comfort Access | Harman Kardon | Stoelverwarming voor & achter | Stuurverwarming | 21'' | Trekhaak,2022,35.063 km,Elektrisch,"53.895,-","636,-",https://www.ekris.nl/bmw/p/43597178/bmw-ix-xdrive40-43597178,Ekris Arnhem
BMW X3,"xDrive30e High Executive | M Sportpakket | HIFI | Laserlicht | Panoramadak | 19""",2022,34.205 km,Hybride benzine,"53.900,-","734,-",https://www.ekris.nl/bmw/p/46101005/bmw-x3-xdrive30e-46101005,Ekris Utrecht
BMW 3 Serie,Sedan 318i M sport / Trekhaak / Schuif- Kanteldak / Hifi,2025,14.545 km,Benzine,"53.900,-","709,-",https://www.ekris.nl/bmw/p/42802699/bmw-3-serie-sedan-318i-42802699,Ekris Veenendaal
BMW 5 Serie,Touring 530e | M Sportpakket Pro | Panodak | Harman Kardon | Trekhaak | Driving Assistant Prof. | Laserlight | Head-Up | Comfort Access | 19'' LMV,2023,28.350 km,Hybride benzine,"53.900,-","734,-",https://www.ekris.nl/bmw/p/46481731/bmw-5-serie-touring-530e-46481731,Ekris Nijkerk
BMW iX2,eDrive20 | M Sportpakket Pro | Premium Pack | Trekhaak | Harman Kardon | Camera | 20'' LMV,2025,11.184 km,Elektrisch,"53.900,-","609,-",https://www.ekris.nl/bmw/p/43790800/bmw-ix2-edrive20-43790800,Ekris Nijkerk
BMW X1,xDrive25e M Sportpakket | Premium Pack | Travel Pack | Achteruitrijcamera | Panoramadak | Driving Assistant Plus | Parking Assistant | Harman Kardon | 18'',2024,27.272 km,Hybride benzine,"53.900,-","734,-",https://www.ekris.nl/bmw/p/45605261/bmw-x1-xdrive25e-45605261,Ekris Utrecht
BMW 3 Serie,Touring 330e xDrive M Sportpakket | Travel Pack | Innovation Pack | Comfort Pack | Entertainment Pack | Comfort Access | Panoramadak | Elektrisch Verstelbare Sportstoelen | Active Cruise Control | Harman Kardon | 19'',2024,0 km,Hybride benzine,"53.900,-","734,-",https://www.ekris.nl/bmw/p/46950883/bmw-3-serie-touring-330e-xdrive-46950883,Ekris Utrecht
BMW X1,sDrive20i | M-Sportpakket | M-Sport Pro | 20inch | Adaptieve Led Lampen,2024,18.694 km,Benzine,"53.900,-","734,-",https://www.ekris.nl/bmw/p/43723761/bmw-x1-sdrive20i-43723761,Ekris Assen
BMW 3 Serie,Touring 330e xDrive M-Sportpakket / Panoramadak / Elektrisch Verstelbare Stoelen / Driving Assistant Professional /,2024,24.229 km,Hybride benzine,"53.900,-","734,-",https://www.ekris.nl/bmw/p/46932076/bmw-3-serie-touring-330e-xdrive-46932076,Ekris Flevoland
BMW 4 Serie,"Gran Coupé 420i M-Sportpakket/ Harman-Kardon/ 19"" LM/ Panoramadak/ Comfort Acces/ Stoelverwarming",2024,35.156 km,Benzine,"53.900,-","734,-",https://www.ekris.nl/bmw/p/47111137/bmw-4-serie-gran-coupe-420i-47111137,Ekris Flevoland
BMW 5 Serie,Touring 530e High Executive M Sport / Innovation / Trekhaak / Hifi / Panorama Dak / Head-Up / Comfort Acces,2024,25.046 km,Hybride benzine,"53.900,-","734,-",https://www.ekris.nl/bmw/p/41507892/bmw-5-serie-touring-530e-41507892,Ekris Veenendaal
BMW 3 Serie,Touring 330e xDrive | High Executive | M Sportpakket | Panodak | Harman Kardon | Elektr. Voorstoelen | Head-Up | Driving Assistant | Adaptive Cruise Control | Parking Assistant Plus | Comfort Access | 19'' LMV,2024,19.172 km,Hybride benzine,"53.900,-","734,-",https://www.ekris.nl/bmw/p/46820508/bmw-3-serie-touring-330e-xdrive-46820508,Ekris Nijkerk
BMW 2 Serie,Gran Coupé 220 M Sportpakket Pro | Premium Pack | Stuurwielrand Verwarmd | Comfort Access | Driving Assistant | Harman Kardon | 18'',2025,2.899 km,Benzine,"53.950,-","710,-",https://www.ekris.nl/bmw/p/46450828/bmw-2-serie-gran-coupe-220-46450828,Ekris Utrecht
BMW 2 Serie,Gran Coupé 220 M Sport Design Edition M Sportpakket Pro/ Stuurwielrand verwarmd/ Comfort Access/ Achteruitrijcamera/ Sportstoelen/ Stoelverwarming/ 19 inch LM,2025,1.000 km,Benzine,"54.149,-","713,-",https://www.ekris.nl/bmw/p/47135037/bmw-2-serie-gran-coupe-220-m-sport-design-edition-47135037,Ekris Flevoland
BMW iX2,eDrive20 M Sportpakket Pro | Innovation Pack | Comfort Pack | Panoramadak,2024,7.500 km,Elektrisch,"54.450,-","642,-",https://www.ekris.nl/bmw/p/40780049/bmw-ix2-edrive20-40780049,Ekris Heerlen
BMW 3 Serie,Touring 330e xDrive | M Sportpakket | Innovation Pack | Driving Assistant Professional,2024,28.232 km,Hybride benzine,"54.450,-","741,-",https://www.ekris.nl/bmw/p/42883436/bmw-3-serie-touring-330e-xdrive-42883436,Ekris Heerlen
BMW X3,xDrive30e Business Edition Plus | Panoramadak | Elektr. Trekhaak,2023,32.318 km,Hybride benzine,"54.750,-","746,-",https://www.ekris.nl/bmw/p/46653088/bmw-x3-xdrive30e-46653088,Ekris Maastricht
BMW 1 Serie,5-Deurs 128ti M Sport Pro / Harman Kadron / Panorama Dak / Head-Up / Comfort Acces,2025,8.942 km,Benzine,"54.850,-","722,-",https://www.ekris.nl/bmw/p/42802839/bmw-1-serie-5-deurs-128ti-42802839,Ekris Veenendaal
BMW 3 Serie,Sedan 318i M Sport / Panorama Dak / Stoel- en Stuurverwarming,2025,10.231 km,Benzine,"54.850,-","722,-",https://www.ekris.nl/bmw/p/43019063/bmw-3-serie-sedan-318i-43019063,Ekris Veenendaal
BMW i4,M50 | High Executive | Comfort Access | Schuif-/kanteldak | Stoelverwarming | Stoelventilatie | Harman Kardon | Parking Assistant Plus | 20'' | Trekhaak,2023,52.947 km,Elektrisch,"54.895,-","647,-",https://www.ekris.nl/bmw/p/46199195/bmw-i4-m50-46199195,Ekris Arnhem
BMW 3 Serie,Sedan 320i M Sportpakket / Harman Kardon / Comfort Access / Elektrische trekhaak / Verwarmde stuurwielrand,2024,23.617 km,Benzine,"54.895,-","748,-",https://www.ekris.nl/bmw/p/39708786/bmw-3-serie-sedan-320i-39708786,Ekris Arnhem
BMW 2 Serie,"Active Tourer 230e xDrive Aut. Panoramadak / Harman Kardon / Innovation Pack / 19"" LMV / Driving Assistant Professional",2024,20.981 km,Hybride benzine,"54.900,-","748,-",https://www.ekris.nl/bmw/p/39055964/bmw-2-serie-active-tourer-230e-xdrive-39055964,Ekris Zeist
BMW 5 Serie,Sedan 540i | M-Sportpakket | LED | Leder | Navigatie | Comfortzetels | Stoelverwarming | DAB | Harman-kardon sound | Alu 19 inch,2021,48.000 km,Benzine,"54.900,-","748,-",https://www.ekris.nl/bmw/p/43407002/bmw-5-serie-sedan-540i-43407002,Ekris Heerenveen
BMW iX,xDrive40 High Executive Sportpakket 22'' / Laserlight / Comfort Acces / Trekhaak / Harman Kardon,2023,21.027 km,Elektrisch,"54.900,-","647,-",https://www.ekris.nl/bmw/p/41812526/bmw-ix-xdrive40-41812526,Ekris Veenendaal
BMW iX,xDrive40 | Sportpakket | Laserlicht | Navigatie | Schuifdak | Trekhaak | Keyles go | DAB | Harman-kardon sound | Alu 21 inch,2023,19.000 km,Elektrisch,"54.900,-","647,-",https://www.ekris.nl/bmw/p/46425232/bmw-ix-xdrive40-46425232,Ekris Heerenveen
BMW 3 Serie,Touring 330e | Facelift !! | M-Performance | LED | Leder | HUD | Elektr. zetels | Stoelverwarming | Keyles go | DAB | Harman-kardon | Alu 19 inch,2024,15.000 km,Hybride benzine,"54.900,-","748,-",https://www.ekris.nl/bmw/p/44964952/bmw-3-serie-touring-330e-44964952,Ekris Heerenveen
BMW 5 Serie,Touring 530e | High Executive | M Sportpakket | Panodak | Trekhaak | HiFi | Laserlight | Comfort Access | Head-Up | Parking Assistant | Driving Assistant | 19''LMV,2024,44.812 km,Hybride benzine,"54.900,-","748,-",https://www.ekris.nl/bmw/p/45633131/bmw-5-serie-touring-530e-45633131,Ekris Nijkerk
BMW Z4,Roadster sDrive20i M Sportpakket,2024,26.495 km,Benzine,"54.900,-","748,-",https://www.ekris.nl/bmw/p/42353089/bmw-z4-roadster-sdrive20i-42353089,Ekris Maastricht
BMW X1,xDrive25e | M Sportpakket | Innovation Pack | Travel Pack | Trekhaak,2024,20.348 km,Hybride benzine,"54.900,-","748,-",https://www.ekris.nl/bmw/p/46946572/bmw-x1-xdrive25e-46946572,Ekris Heerlen
BMW 5 Serie,"Sedan 545e xDrive M Sportpakket | Innovationspaket | Driving Assistant Prof. | Head-Up Display | Harman Kardon | 20""",2022,77.206 km,Hybride benzine,"54.900,-","748,-",https://www.ekris.nl/bmw/p/46035185/bmw-5-serie-sedan-545e-xdrive-46035185,Ekris Utrecht
BMW 3 Serie,Touring 330e M Sportpakket / Panoramadak / Elektrische Trekhaak / Verwarmd Stuurwiel,2024,22.660 km,Hybride benzine,"54.900,-","748,-",https://www.ekris.nl/bmw/p/39038493/bmw-3-serie-touring-330e-39038493,Ekris Arnhem
BMW i4,eDrive40 High Executive M-Sportpakket 84 kWh / Harman Kardon / Extra Getint Glas / Schuif - Kanteldak,2024,28.577 km,Elektrisch,"54.900,-","647,-",https://www.ekris.nl/bmw/p/39039094/bmw-i4-edrive40-39039094,Ekris Flevoland
BMW i4,M50 M Sport Pro | Schuif-kanteldak / BMW Laserlicht / Harman Kardon / M Adaptief onderstel / M Carbon exterieurpakket / M Stoelen / Trekhaak / Elektrisch stoelen / 20 Inch / Stoelverwarming voor en achter / Parking Assistant Plus,2023,41.954 km,Elektrisch,"54.900,-","647,-",https://www.ekris.nl/bmw/p/47015018/bmw-i4-m50-47015018,Ekris Veenendaal
BMW X3,xDrive30e High Executive | M Sportpakket | Comfort Access | Panoramadak | Elektrisch Verstelbare Sportstoelen | Parking Assistant | Driving Assistant | HiFi | 21'',2022,26.000 km,Hybride benzine,"54.900,-","748,-",https://www.ekris.nl/bmw/p/46879642/bmw-x3-xdrive30e-46879642,Ekris Utrecht
BMW 4 Serie,Gran Coupé 420i | High Executive | M Sportpakket Pro | Panodak | Harman Kardon | Driving Assistant Prof. | Parking Assistant Plus | Head-Up | 19'' LMV,2024,26.918 km,Benzine,"54.900,-","748,-",https://www.ekris.nl/bmw/p/46695721/bmw-4-serie-gran-coupe-420i-46695721,Ekris Nijkerk
BMW i4,M50 High Executive | M Carbon Pakket / Schuif-kanteldak / Memory stoelen / BMW Laserlight / Harman Kardon / M Sportstoelen,2023,46.010 km,Elektrisch,"54.900,-","647,-",https://www.ekris.nl/bmw/p/47148707/bmw-i4-m50-47148707,Ekris Veenendaal
BMW X1,xDrive30e M Sportpakket 19'' / Panoramadak / Elektrisch verstelbare stoelen / Harman Kardon,2023,23.300 km,Hybride benzine,"54.900,-","748,-",https://www.ekris.nl/bmw/p/46509791/bmw-x1-xdrive30e-46509791,Ekris Veenendaal
BMW 1 Serie,"120 M Sportpakket Pro | Achteruitrijcamera | Harman-Kardon | Parking Assistant | 19""",2025,2.516 km,Benzine,"55.137,-","726,-",https://www.ekris.nl/bmw/p/46767229/bmw-1-serie-120-46767229,Ekris Utrecht
BMW 2 Serie,220 Gran Coupé | M Sportpakket Pro | Premium Pack,2025,2.500 km,Benzine,"55.216,-","727,-",https://www.ekris.nl/bmw/p/46222764/bmw-2-serie-220-gran-coupe-46222764,Ekris Groningen
BMW iX2,eDrive20 | M Sport Edition | M Sportpakket | Comfort Pack,2025,5 km,Elektrisch,"55.750,-","630,-",https://www.ekris.nl/bmw/p/45140939/bmw-ix2-edrive20-m-sport-edition-45140939,Ekris Arnhem
BMW 5 Serie,Sedan 540i | High Executive | Luxury Line | Parking Pack | 18 inch | Comfort Access | Driving Assistant | BMW Laserlight | Active Cruise Controle,2022,35.172 km,Benzine,"55.850,-","761,-",https://www.ekris.nl/bmw/p/42484536/bmw-5-serie-sedan-540i-42484536,Ekris Arnhem
BMW 1 Serie,5-deurs 120 M Sportpakket Pro 19'' / Panoramadak / Harman Kardon / Comfort Acces,2025,9.064 km,Benzine,"55.850,-","735,-",https://www.ekris.nl/bmw/p/44746628/bmw-1-serie-5-deurs-120-44746628,Ekris Veenendaal
BMW 5 Serie,Sedan 520i Travel + Comfort Pack / Panoramadak / Trekhaak / Driving Assistant / Adaptieve LED / 20'',2024,30.852 km,Benzine,"55.850,-","761,-",https://www.ekris.nl/bmw/p/39055308/bmw-5-serie-sedan-520i-39055308,Ekris Utrecht
BMW X1,xDrive30e | M Sportpakket | Innovation Pack | Verwarmd Stuurwiel | Comfort Access | Panoramadak | Stoelmassage | Stoelverwarming | Head-Up Display | Harman-Kardon | Trekhaak,2023,23.370 km,Hybride benzine,"55.895,-","761,-",https://www.ekris.nl/bmw/p/46121871/bmw-x1-xdrive30e-46121871,Ekris Arnhem
BMW 3 Serie,Sedan 320i | M-Sportpakket | LED | Leder | HUD | Keyles go | Stoelverwarming | DAB | Hifi speakers | Alu 18 inch,2024,11.000 km,Benzine,"55.900,-","761,-",https://www.ekris.nl/bmw/p/43901449/bmw-3-serie-sedan-320i-43901449,Ekris Heerenveen
BMW 2 Serie,Gran Coupé 220 M-Sportpakket / Harman-Kardon / Getint glas / Driving assistant plus / Alu wielen 19 inch,2025,2.500 km,Benzine,"55.900,-","736,-",https://www.ekris.nl/bmw/p/46798060/bmw-2-serie-gran-coupe-220-46798060,Ekris Heerenveen
BMW Z4,M40i High Executive M Sport Plus Pack 19'' / Stuurwielrand verwarmd / Harman Kardon / Elektrisch verstelbare stoelen,2019,62.280 km,Benzine,"55.900,-","761,-",https://www.ekris.nl/bmw/p/46690411/bmw-z4-m40i-46690411,Ekris Veenendaal
BMW 3 Serie,Touring 330e M Sport Pro | Innovation Pack / HIFI / BMW Live Cockpit Professional / Driving Assistant Professional,2025,13.317 km,Hybride benzine,"55.900,-","736,-",https://www.ekris.nl/bmw/p/46686081/bmw-3-serie-touring-330e-46686081,Ekris Veenendaal
BMW X3,xDrive30e High Executive M-Sportpakket / Panoramadak / Harman Kardon / Head-Up Display,2023,30.516 km,Hybride benzine,"55.900,-","761,-",https://www.ekris.nl/bmw/p/41836609/bmw-x3-xdrive30e-41836609,Ekris Maastricht
BMW i4,M50 High Executive | Parking Assistant Plus | Trekhaak,2023,34.370 km,Elektrisch,"55.900,-","659,-",https://www.ekris.nl/bmw/p/43333502/bmw-i4-m50-43333502,Ekris Maastricht
BMW 3 Serie,Sedan 320i M Sportpakket / HiFi systeem / Draadloos oplaadstation / Active Cruise Controle /,2024,24.118 km,Benzine,"55.900,-","761,-",https://www.ekris.nl/bmw/p/45395279/bmw-3-serie-sedan-320i-45395279,Ekris Arnhem
BMW i4,Gran Coupé eDrive35 M Sport Edition | M Sportremsysteem Grau | Elektrisch bediend glazen schuif-/kanteldak | Parking Assistant |,2025,4.587 km,Elektrisch,"55.900,-","632,-",https://www.ekris.nl/bmw/p/43934823/bmw-i4-gran-coupe-edrive35-43934823,Ekris Zeist
BMW X3,xDrive30e Business Edition Plus M-Sportpakket / Trekhaak / Elektrisch Verstelbare Stoelen / Panoramadak /,2022,14.460 km,Hybride benzine,"55.900,-","761,-",https://www.ekris.nl/bmw/p/47139079/bmw-x3-xdrive30e-business-edition-plus-47139079,Ekris Flevoland
BMW 2 Serie,Gran Coupé 220 M Sportpakket null,2025,501 km,Benzine,"55.950,-","736,-",https://www.ekris.nl/bmw/p/45238413/bmw-2-serie-gran-coupe-220-m-sportpakket-45238413,Ekris Zeist
BMW 3 Serie,"Touring 330i M Sportpakket Pro | Panoramadak | HIFI | Curved Display | 19""",2024,38.979 km,Benzine,"55.950,-","762,-",https://www.ekris.nl/bmw/p/44972618/bmw-3-serie-touring-330i-44972618,Ekris Utrecht
BMW 2 Serie,Gran Coupé 220 M Sportpakket 19'' / Harman Kardon / Comfort Access / Driving Assistant Plus,2025,3.200 km,Benzine,"55.950,-","736,-",https://www.ekris.nl/bmw/p/46947569/bmw-2-serie-gran-coupe-220-46947569,Ekris Veenendaal
BMW 1-serie,120 M-Sport | M-Sport Pro | Schuif-/kanteldak,2025,5.006 km,Benzine,"55.950,-","736,-",https://www.ekris.nl/bmw/p/47161871/bmw-1-serie-120-47161871,Ekris Assen
BMW 2 Serie,220 Gran Coupé | M Sportpakket Pro | Premium Pack,2025,5 km,Benzine,"56.637,-","745,-",https://www.ekris.nl/bmw/p/47012718/bmw-2-serie-220-gran-coupe-47012718,Ekris Assen
BMW X1,xDrive30e M Sportpakket | Premium Pack | Adaptief M Onderstel | Comfort Access | Trekhaak | Driving Assistant Plus | 18'',2024,10.042 km,Hybride benzine,"56.695,-","772,-",https://www.ekris.nl/bmw/p/42731001/bmw-x1-xdrive30e-42731001,Ekris Utrecht
BMW X1,xDrive30e M Sportpakket | Premium Pack | Adaptief M Onderstel | Comfort Access | Trekhaak | Driving Assistant Plus | 18'',2024,8.501 km,Hybride benzine,"56.695,-","772,-",https://www.ekris.nl/bmw/p/46329792/bmw-x1-xdrive30e-46329792,Ekris Utrecht
BMW X1,sDrive20i | M Sportpakket | Premium Pack | Comfort Pack,2025,12.739 km,Benzine,"56.750,-","747,-",https://www.ekris.nl/bmw/p/45784665/bmw-x1-sdrive20i-45784665,Ekris Maastricht
BMW 2 Serie,Gran Coupé 220 | M Sportpakket | M Sportpakket Pro | Equipment Package,2025,5 km,Benzine,"56.779,-","747,-",https://www.ekris.nl/bmw/p/44629523/bmw-2-serie-gran-coupe-220-44629523,Ekris Veenendaal
BMW 5 Serie,Touring 530e M Sportpakket | Innovation Pack | Glazen panoramadak | BMW Head-Up Display | HiFi System,2024,21.159 km,Hybride benzine,"56.850,-","774,-",https://www.ekris.nl/bmw/p/41859899/bmw-5-serie-touring-530e-41859899,Ekris Zeist
BMW X3,xDrive30e | Panoramadak | Trekhaak elektr. | Laserlicht,2023,48.065 km,Hybride benzine,"56.850,-","774,-",https://www.ekris.nl/bmw/p/47094730/bmw-x3-xdrive30e-47094730,Ekris Maastricht
BMW iX2,eDrive20 M Sportpakket Pro 20'' / Panoramadak / Trekhaak / Head-Up Display / Driving Assistant Professional,2025,6.213 km,Elektrisch,"56.900,-","643,-",https://www.ekris.nl/bmw/p/43886039/bmw-ix2-edrive20-43886039,Ekris Veenendaal
BMW 2 Serie,Active Tourer 225e xDrive M Sportpakket | Premium Pack | Stoelen pakket | Elektr. Trekhaak,2025,5.500 km,Hybride benzine,"56.900,-","749,-",https://www.ekris.nl/bmw/p/44370009/bmw-2-serie-active-tourer-225e-xdrive-44370009,Ekris Maastricht
BMW 3 Serie,Sedan 320i | High Executive | M Sportpakket Pro | Panodak | Driving Assistant Prof. | Trekhaak | Head-Up | Elektr. Stoelen | 19'' LMV,2024,22.643 km,Benzine,"56.900,-","775,-",https://www.ekris.nl/bmw/p/40954782/bmw-3-serie-sedan-320i-40954782,Ekris Nijkerk
BMW 3 Serie,Touring 330i M Sportpakket Pro | Travel Pack | Glazen panoramadak | 19 inch LM Dubbelspaak | Extra getint glas | M Sportremsysteem Rot,2024,35.854 km,Benzine,"56.900,-","775,-",https://www.ekris.nl/bmw/p/45378038/bmw-3-serie-touring-330i-45378038,Ekris Zeist
BMW iX,xDrive40 Business Edition Plus 77 kWh Sportpakket / High Executive / Comfort Access / Trekhaak met elektrisch wegklapbare kogel / panoramadak Sky Lounge / Harman Kardon,2023,19.384 km,Elektrisch,"56.900,-","671,-",https://www.ekris.nl/bmw/p/42074111/bmw-ix-xdrive40-business-edition-plus-77-kwh-42074111,Ekris Flevoland
BMW 3 Serie,Touring 330i | M Sportpakket Pro | Travel Pack | Entertainment Pack,2024,36.643 km,Benzine,"56.900,-","775,-",https://www.ekris.nl/bmw/p/44969508/bmw-3-serie-touring-330i-44969508,Ekris Heerlen
BMW X1,xDrive30e | M Sportpakket | Trekhaak | Achteruitrijcamera | Driving Assistant | 18'' LMV,2024,5.554 km,Hybride benzine,"56.900,-","775,-",https://www.ekris.nl/bmw/p/46720436/bmw-x1-xdrive30e-46720436,Ekris Nijkerk
BMW i5,eDrive40 | M-Sportpakket | LED | Navigatie | Trekhaak | Active cruise | Sportstoelen | DAB | Harman-kardon sound | Alu 20 inch,2024,31.000 km,Elektrisch,"56.900,-","671,-",https://www.ekris.nl/bmw/p/45631002/bmw-i5-edrive40-45631002,Ekris Heerenveen
BMW i4,eDrive35 M Sportpakket Pro | Comfort Pack | Stuurwielrand Verwarmd | Trekhaak | Schuif-/ Kanteldak | DAB | HiFi | 19'',2025,7.587 km,Elektrisch,"56.900,-","643,-",https://www.ekris.nl/bmw/p/44531942/bmw-i4-edrive35-44531942,Ekris Utrecht
BMW 3 Serie,Touring 320e M Sportpakket Pro | Travel Pack | Innovation Pack | Comfort Pack | Entertainment Pack | Trekhaak | Comfort Access | Elektrisch Verstelbare Stoelen | Driving Assistant Professional | Harman Kardon | 19'',2025,14.525 km,Hybride benzine,"56.900,-","749,-",https://www.ekris.nl/bmw/p/43636344/bmw-3-serie-touring-320e-43636344,Ekris Utrecht
BMW 3 Serie,Sedan 320e M Sportpakket | Travel Pack | Innovation Pack | Entertainment Pack | Stuurwielrand verwarmd | Trekhaak | Schuifdak | 18'',2025,11.587 km,Hybride benzine,"56.900,-","749,-",https://www.ekris.nl/bmw/p/43589290/bmw-3-serie-sedan-320e-43589290,Ekris Utrecht
BMW 1 Serie,5-deurs 120i M Sportpakket Pro/ Stuurwielverwarming/ Afneembare Trekhaak/ Comfort Access/ Achteruitrijcamera/ panoramadak/ Harman-Kardon/ Stoelverwarming,2025,1.000 km,Benzine,"56.929,-","749,-",https://www.ekris.nl/bmw/p/40842353/bmw-1-serie-5-deurs-120i-40842353,Ekris Flevoland
BMW 5 Serie,Touring 530e xDrive M Sportpakket | Driving Assistant | Comfort Access pakket,2024,25.576 km,Hybride benzine,"56.950,-","775,-",https://www.ekris.nl/bmw/p/40820369/bmw-5-serie-touring-530e-xdrive-40820369,Ekris Heerlen
BMW 5 Serie,Touring 530e | M Sportpakket | Innovation Pack | 19 inch | Driving Assistant | BMW Laserlight | Head Up Display | Trekhaak,2024,24.595 km,Hybride benzine,"56.985,-","776,-",https://www.ekris.nl/bmw/p/45596604/bmw-5-serie-touring-530e-45596604,Ekris Arnhem
BMW X1,xDrive25e M Sportpakket | M Adaptief onderstel | Achteruitrijcamera | Parking Assistant | 18'',2025,2.987 km,Hybride benzine,"56.995,-","750,-",https://www.ekris.nl/bmw/p/46281440/bmw-x1-xdrive25e-46281440,Ekris Utrecht
BMW 2 Serie,Active Tourer 218i | Luxury Line | Equipment Package | Comfort Pack,2025,5 km,Benzine,"57.274,-","754,-",https://www.ekris.nl/bmw/p/42980887/bmw-2-serie-active-tourer-218i-42980887,Ekris Arnhem
BMW X3,xDrive30e M Sportpakket | Comfort Access | Panoramadak | Elektrisch Verstelbare M sportstoelen | Driving Assistant | Active Cruise Control | Head-Up Display | Harman Kardon | 20'',2023,65.000 km,Hybride benzine,"57.695,-","786,-",https://www.ekris.nl/bmw/p/43722021/bmw-x3-xdrive30e-43722021,Ekris Utrecht
BMW Z4,Roadster sDrive30i High Executive | M Sport Plus Pack | Parking Pack | Adaptief M Onderstel | Active Cruise Control,2022,8.495 km,Benzine,"57.750,-","786,-",https://www.ekris.nl/bmw/p/47156068/bmw-z4-roadster-sdrive30i-47156068,Ekris Maastricht
BMW 2 Serie,Active Tourer 218i M Sport Package | Equipment Package,2025,5 km,Benzine,"57.898,-","762,-",https://www.ekris.nl/bmw/p/43566665/bmw-2-serie-active-tourer-218i-43566665,Ekris Nijkerk
BMW 1 Serie,5-deurs 120 M Sportpakket Pro / Panoramadak / Harman-Kardon / Driving Assistant Prof / Getint glas / Alu wielen 19 inch,2025,9.500 km,Benzine,"57.900,-","762,-",https://www.ekris.nl/bmw/p/43718182/bmw-1-serie-5-deurs-120-43718182,Ekris Heerenveen
BMW 3 Serie,Touring 330e M Sportpakket Pro | Innovation Pack | Comfort Pack | Stuurwielrand Verwarmd | Comfort Access | Panoramadak | Elektrisch Verstelbare Stoelen | Driving Assistant Professional | Harman Kardon | 19'',2024,24.774 km,Hybride benzine,"57.900,-","788,-",https://www.ekris.nl/bmw/p/41048824/bmw-3-serie-touring-330e-41048824,Ekris Utrecht
BMW X3,xDrive30e | M-Sportpakket | Panoramadak | HiFi | 19'',2023,49.000 km,Hybride benzine,"57.900,-","788,-",https://www.ekris.nl/bmw/p/46399469/bmw-x3-xdrive30e-46399469,Ekris Groningen
BMW 3 Serie,Touring 330e | M Sportpakket Pro | Innovation Pack | Head-Up | Driving Assistant | Hi-Fi | Parking Assistant Plus | 19'' LMV,2025,12.611 km,Hybride benzine,"57.900,-","762,-",https://www.ekris.nl/bmw/p/43790862/bmw-3-serie-touring-330e-43790862,Ekris Nijkerk
BMW X1,xDrive25e | M-sportpakket | 20inch | Trekhaak |,2025,21.500 km,Hybride benzine,"57.900,-","762,-",https://www.ekris.nl/bmw/p/43291826/bmw-x1-xdrive25e-43291826,Ekris Groningen
BMW iX1,xDrive30 67 kWh | M-Sportpakket | Trekhaak | 19inch |,2025,13.500 km,Elektrisch,"57.900,-","762,-",https://www.ekris.nl/bmw/p/43291822/bmw-ix1-xdrive30-67-kwh-43291822,Ekris Groningen
BMW 6 Serie,Gran Turismo 630i High Executive Edition | M Sport Edition | Comfort Access Pakket | Safety Pakket | Head-up Display | Panorama Dak,2022,66.648 km,Benzine,"57.900,-","788,-",https://www.ekris.nl/bmw/p/45339012/bmw-6-serie-gran-turismo-630i-high-executive-edition-45339012,Ekris Heerlen
BMW iX,xDrive40 Business Edition Plus 77 kWh Sport-Pakket / CoPilot Pack / Driving Assistant Professional / Parking Assistant Plus,2023,25.759 km,Elektrisch,"57.900,-","683,-",https://www.ekris.nl/bmw/p/41856942/bmw-ix-xdrive40-business-edition-plus-77-kwh-41856942,Ekris Flevoland
BMW 5 Serie,Touring 520d | M-Sportpakket | Laserlicht | Leder | HUD | Schuifdak | Comfortzetels | Keyles go | DAB | Hifi speakers | Alu 18 inch,2024,35.000 km,Diesel,"57.900,-","788,-",https://www.ekris.nl/bmw/p/41640798/bmw-5-serie-touring-520d-41640798,Ekris Heerenveen
BMW X5,xDrive45e | High Executive | Driving Assistant | Panodak | Adaptive Cruise Control | Head-Up | Trekhaak | 19'' LMV,2022,103.364 km,Hybride benzine,"57.900,-","788,-",https://www.ekris.nl/bmw/p/47108120/bmw-x5-xdrive45e-47108120,Ekris Nijkerk
BMW 7 Serie,730d xDrive M Sportpakket | Active Steering | Soft Close Automatic portieren | Elektrisch glazen schuif-/kanteldak | Comfortstoelen voor | Harman Kardon Surround Sound Systeem,2021,97.412 km,Diesel,"57.900,-","788,-",https://www.ekris.nl/bmw/p/46515984/bmw-7-serie-730d-xdrive-46515984,Ekris Zeist
BMW X1,xDrive25e | M-Sportpakket | LED | HUD | trekhaak | Active cruise | Elektr. zetels | DAB | Harman-kardon sound | Alu 18 inch,2025,1.500 km,Hybride benzine,"57.900,-","762,-",https://www.ekris.nl/bmw/p/47071692/bmw-x1-xdrive25e-47071692,Ekris Heerenveen
BMW 2 Serie,Gran Coupé 220 M Sportpakket Pro 19'' / Panoramadak / Comfort Access / Driving Assistant / Trekhaak,2025,2.300 km,Benzine,"57.950,-","763,-",https://www.ekris.nl/bmw/p/46253807/bmw-2-serie-gran-coupe-220-46253807,Ekris Veenendaal
BMW 2 Serie,220 Gran Coupé null,2025,5 km,Benzine,"58.075,-","764,-",https://www.ekris.nl/bmw/p/46624290/bmw-2-serie-220-gran-coupe-46624290,Ekris Groningen
BMW X1,xDrive30e M Sportpakket | Premium Pack | Adaptief M Onderstel | Comfort Access | Trekhaak | Driving Assistant Plus | 18'',2024,8.501 km,Hybride benzine,"58.195,-","792,-",https://www.ekris.nl/bmw/p/42730969/bmw-x1-xdrive30e-42730969,Ekris Utrecht
BMW 1 Serie,120 | M Sportpakket Pro | Premium Pack | Verwarmd Stuurwiel | Comfort Access | Achteruitrijcamera | Panoramadak | Isofix | Stoelverwarming | Harman-Kardon | Parking Assistant | 19'',2025,12.784 km,Benzine,"58.200,-","766,-",https://www.ekris.nl/bmw/p/47063925/bmw-1-serie-120-47063925,Ekris Arnhem
BMW 1 Serie,120 5-deurs | M Sportpakket Pro | Premium Pack,2025,5 km,Benzine,"58.297,-","767,-",https://www.ekris.nl/bmw/p/44952787/bmw-1-serie-120-5-deurs-44952787,Ekris Veenendaal
BMW iX1,eDrive20 | M Sportpakket Pro | Premium Pack | Camera | Getint Glas | Harman Kardon | Comfort Acces | 19'' LMV,2025,3.624 km,Elektrisch,"58.301,-","659,-",https://www.ekris.nl/bmw/p/45938992/bmw-ix1-edrive20-45938992,Ekris Nijkerk
BMW 2 Serie,220 Gran Coupé | M Sportpakket Pro | Premium Pack,2025,5 km,Benzine,"58.327,-","768,-",https://www.ekris.nl/bmw/p/44952327/bmw-2-serie-220-gran-coupe-44952327,Ekris Nijkerk
BMW 2 Serie,Gran Coupé 220 | M Sport Package Pro | Equipment Package,2025,5 km,Benzine,"58.327,-","768,-",https://www.ekris.nl/bmw/p/46041515/bmw-2-serie-gran-coupe-220-46041515,Ekris Flevoland
BMW 4 Serie,Gran Coupé 430i | M Sportpakket Pro | Driving Assistant Professional,2024,33.194 km,Benzine,"58.450,-","796,-",https://www.ekris.nl/bmw/p/45299253/bmw-4-serie-gran-coupe-430i-45299253,Ekris Maastricht
BMW iX2,eDrive20 M Sportpakket Pro | M port Edition | Premium Pack | Stuurwielrand Verwarmd | Driving Assistant | Harman Kardon | 20'',2025,2.541 km,Elektrisch,"58.695,-","663,-",https://www.ekris.nl/bmw/p/46675146/bmw-ix2-edrive20-46675146,Ekris Utrecht
BMW iX1,eDrive20 | M Sport Edition | M Sportpakket | Equipment Pack Pro | Travel Pack,2025,5 km,Elektrisch,"58.763,-","664,-",https://www.ekris.nl/bmw/p/47012636/bmw-ix1-edrive20-47012636,Ekris Arnhem
BMW iX1,eDrive20 | M Sport Edition | M Sportpakket | Equipment pack Pro | Travel Pack,2025,5 km,Elektrisch,"58.763,-","664,-",https://www.ekris.nl/bmw/p/47012516/bmw-ix1-edrive20-47012516,Ekris Veenendaal
BMW iX1,eDrive20 | M Sport Edition | M Sportpakket | Equipment Pack Pro | Travel Pack,2025,5 km,Elektrisch,"58.763,-","664,-",https://www.ekris.nl/bmw/p/47012669/bmw-ix1-edrive20-47012669,Ekris Flevoland
BMW iX1,eDrive20 | M Sport Edition | M Sportpakket | Equipment Pack Pro | Travel Pack,2025,5 km,Elektrisch,"58.763,-","664,-",https://www.ekris.nl/bmw/p/47012176/bmw-ix1-edrive20-47012176,Ekris Nijkerk
BMW 2 Serie,Active Tourer 225e xDrive M Sport Package | Equipement Package Pro |,2025,4.500 km,Hybride benzine,"58.781,-","774,-",https://www.ekris.nl/bmw/p/43487726/bmw-2-serie-active-tourer-225e-xdrive-43487726,Ekris Groningen
BMW i5,Sedan eDrive40 | M Sportpakket Pro | Driving Assistant Plus | Getint Glas | Harman Kardon | Camera | Iconic Glow | 21'' LMV,2024,12.681 km,Elektrisch,"58.900,-","695,-",https://www.ekris.nl/bmw/p/45635644/bmw-i5-sedan-edrive40-45635644,Ekris Nijkerk
BMW i5,Sedan eDrive40 M Sportpakket Pro 20'' / Harman Kardon / Driving Assistant Plus,2024,19.252 km,Elektrisch,"58.900,-","695,-",https://www.ekris.nl/bmw/p/46976929/bmw-i5-sedan-edrive40-46976929,Ekris Veenendaal
BMW 3 Serie,Sedan 330e M Sportpakket Pro | Stuurwielrand Verwarmd | Trekhaak | Geluidswerende Ramen | Schuifdak | Verwarmde Voorstoelen | Parking Assistant | Harman Kardon | 19'',2025,20.525 km,Hybride benzine,"58.900,-","775,-",https://www.ekris.nl/bmw/p/43590789/bmw-3-serie-sedan-330e-43590789,Ekris Utrecht
BMW 2 Serie,Gran Coupé 220 M Sportpakket | Premium Pack | Glazen panoramadak | Driving Assistant Plus | Harman-Kardon sound system,2025,2.500 km,Benzine,"58.900,-","775,-",https://www.ekris.nl/bmw/p/42671194/bmw-2-serie-gran-coupe-220-42671194,Ekris Zeist
BMW X5,xDrive45e Executive | Integral Active Steering | Panoramadak | Elektrisch Verstelbare Stoelen | Driving Assistant Professional | Bowers & Wilkins | 19'',2022,91.580 km,Hybride benzine,"58.900,-","802,-",https://www.ekris.nl/bmw/p/46999212/bmw-x5-xdrive45e-46999212,Ekris Utrecht
BMW 3 Serie,Sedan 320i | M Sportpakket Pro | Panodak | Harman Kardon | Driving Assistant | Comfort Acces | 19'' LMV,2025,19.334 km,Benzine,"58.900,-","775,-",https://www.ekris.nl/bmw/p/42544355/bmw-3-serie-sedan-320i-42544355,Ekris Nijkerk
BMW 3 Serie,Sedan 330e | M Sportpakket Pro | Driving Assistant | Head-Up | Parking Assistant Plus | Hi-Fi | Verwarmd Stuurwiel | 19'' LMV,2025,10.072 km,Hybride benzine,"58.900,-","775,-",https://www.ekris.nl/bmw/p/44754679/bmw-3-serie-sedan-330e-44754679,Ekris Nijkerk
BMW X1,xDrive30e null,2024,33.900 km,Hybride benzine,"58.900,-","802,-",https://www.ekris.nl/bmw/p/47149051/bmw-x1-xdrive30e-47149051,Ekris Veenendaal
BMW 3 Serie,Touring 330e | M-Sportpakket | Driving Assistant Professional | Panoramadak | Harman/Kardon | Trekhaak,2024,28.937 km,Hybride benzine,"58.950,-","803,-",https://www.ekris.nl/bmw/p/43419404/bmw-3-serie-touring-330e-43419404,Ekris Assen
BMW X3,xDrive30e | M Sportpakket | Panoramadak | Harman Kardon,2023,29.250 km,Hybride benzine,"58.950,-","803,-",https://www.ekris.nl/bmw/p/43734581/bmw-x3-xdrive30e-43734581,Ekris Heerlen
BMW i4,M50 84 kWh High Executive M Sportpakket / Schuifdak / Harman Kardon / Laserlight / Active Cruise Control / 21'',2024,16.560 km,Elektrisch,"58.950,-","695,-",https://www.ekris.nl/bmw/p/39055449/bmw-i4-m50-84-kwh-39055449,Ekris Utrecht
BMW 2 Serie Gran Coupé,Gran Coupé 220 | M Sportpakket | M Sportpakket Pro | Equipment Pack,2025,5 km,Benzine,"58.983,-","776,-",https://www.ekris.nl/bmw/p/46450114/bmw-2-serie-gran-coupe-gran-coupe-220-46450114,Ekris Arnhem
BMW 5 Serie,Sedan 545e xDrive | High Executive | M Sportpakket | Verwarmd Stuurwiel | Comfort Access | Schuif-/kanteldak | Stoelverwarming | Head-Up Display | Harman Kardon | 20'',2021,22.904 km,Hybride benzine,"58.995,-","803,-",https://www.ekris.nl/bmw/p/46538021/bmw-5-serie-sedan-545e-xdrive-46538021,Ekris Arnhem
BMW 2 Serie Active Tourer,"225e xDrive M Sportpakket | Achteruitrijcamera | Elektrisch verstelbare stoelen | Harman-Kardon | 18""",2025,2.500 km,Hybride benzine,"59.104,-","778,-",https://www.ekris.nl/bmw/p/46767478/bmw-2-serie-active-tourer-225e-xdrive-46767478,Ekris Utrecht
BMW 2 Serie,220 Gran Coupé | M Sportpakket Pro | Innovation Pack,2025,5 km,Benzine,"59.204,-","779,-",https://www.ekris.nl/bmw/p/45493540/bmw-2-serie-220-gran-coupe-45493540,Ekris Veenendaal
BMW 2 Serie,Gran Coupé 220 | M Sportpakket | M Sportpakket Pro | Equipment Package,2025,5 km,Benzine,"59.340,-","781,-",https://www.ekris.nl/bmw/p/46846626/bmw-2-serie-gran-coupe-220-46846626,Ekris Heerlen
BMW X3,xDrive30e High Executive | M Sportpakket |,2023,14.409 km,Hybride benzine,"59.450,-","810,-",https://www.ekris.nl/bmw/p/45679169/bmw-x3-xdrive30e-45679169,Ekris Maastricht
BMW 3 Serie,Touring 330e M-Sportpakket / Innovation pack / Comfort pack | BMW Hybride Deals,2025,8.006 km,Hybride benzine,"59.450,-","783,-",https://www.ekris.nl/bmw/p/43737633/bmw-3-serie-touring-330e-43737633,Ekris Assen
BMW 3 Serie,Touring 330e | M Sport Package | Innovation Pack | Comfort Pack,2025,14.102 km,Hybride benzine,"59.450,-","783,-",https://www.ekris.nl/bmw/p/43737121/bmw-3-serie-touring-330e-43737121,Ekris Assen
BMW 2 Serie,Gran Coupé 220 M Sport Package Pro | Equipment Package,2025,5 km,Benzine,"59.503,-","783,-",https://www.ekris.nl/bmw/p/46041281/bmw-2-serie-gran-coupe-220-46041281,Ekris Arnhem
BMW iX1,eDrive20 | Model xLine | Innovation Package | Travel Package,2025,5 km,Elektrisch,"59.664,-","674,-",https://www.ekris.nl/bmw/p/44480993/bmw-ix1-edrive20-44480993,Ekris Utrecht
BMW 3 Serie,Sedan 320i M Sportpakket/ Entertainment Pack/ Elektrische Trekhaak/ Sportstoelen/ Active Cruise Control/ Harman Kardon,2025,14.000 km,Benzine,"59.695,-","786,-",https://www.ekris.nl/bmw/p/39039144/bmw-3-serie-sedan-320i-39039144,Ekris Flevoland
BMW i5,Sedan eDrive40 | M Sportpakket Pro | Travel Pack | Trekhaak elektr. | Driving Assistant Plus,2024,24.435 km,Elektrisch,"59.750,-","705,-",https://www.ekris.nl/bmw/p/45906971/bmw-i5-sedan-edrive40-45906971,Ekris Maastricht
BMW X1,xDrive30e M Sportpakket Pro | Innovation Pack | Comfort Pack | Driving Assistant Plus | Harman-Kardon,2024,8.430 km,Hybride benzine,"59.750,-","814,-",https://www.ekris.nl/bmw/p/46477947/bmw-x1-xdrive30e-46477947,Ekris Maastricht
BMW 3-serie,320i Sedan M Sportpakket / Adaptive LED / Stoelverwarming / Glazen panoramadak,2025,14.201 km,Benzine,"59.795,-","787,-",https://www.ekris.nl/bmw/p/42522379/bmw-3-serie-320i-42522379,Ekris Arnhem
BMW i5,Sedan eDrive40 | M Sportpakket Pro | Travel Pack | Comfort Access | Panoramadak | Harman-Kardon | Stoelverwarming & -ventilatie | Trekhaak | 21'',2023,45.553 km,Elektrisch,"59.850,-","706,-",https://www.ekris.nl/bmw/p/44318511/bmw-i5-sedan-edrive40-44318511,Ekris Arnhem
BMW X1,xDrive30e M Sportpakket Panoramadak / Comfort Acces / Trekhaak / Stuurwielrand verwarmd,2025,501 km,Hybride benzine,"59.850,-","788,-",https://www.ekris.nl/bmw/p/46343283/bmw-x1-xdrive30e-46343283,Ekris Veenendaal
BMW 7 Serie,745e | M-Sportpakket | Laserlicht | Leder | HUD | Schuifdak | Active steering | DAB | Harman-kardon sound | Alu 20 inch,2022,71.000 km,Hybride benzine,"59.900,-","816,-",https://www.ekris.nl/bmw/p/42816565/bmw-7-serie-745e-42816565,Ekris Heerenveen
BMW X1,sDrive18i M Sport / Innovation / Travel Pack / Trekhaak/ Driving Assistant Professional / Elektrische Stoelen,2025,3.500 km,Benzine,"59.900,-","788,-",https://www.ekris.nl/bmw/p/43884985/bmw-x1-sdrive18i-43884985,Ekris Veenendaal
BMW 3 Serie,Touring 330e | Individual Lak | M-Sportpakket | LED | HUD | Trekhaak | Elektr. zetels | DAB | Harman-kardon sound | Alu 19 inch,2024,15.000 km,Hybride benzine,"59.900,-","816,-",https://www.ekris.nl/bmw/p/44880429/bmw-3-serie-touring-330e-44880429,Ekris Heerenveen
BMW X3,xDrive30e | LED | Navigatie | Schuifdak | Sportstoelen | PDC | DAB | Hifi speakers | Alu 18 inch,2024,25.000 km,Hybride benzine,"59.900,-","816,-",https://www.ekris.nl/bmw/p/45427540/bmw-x3-xdrive30e-45427540,Ekris Heerenveen
BMW iX1,eDrive20 M-Sportpakket Pro / Driving assistant plus / Premium Pack / Comfort Pack / Travel Pack / Alu wielen 19 inch,2025,1.500 km,Elektrisch,"59.900,-","677,-",https://www.ekris.nl/bmw/p/45910219/bmw-ix1-edrive20-45910219,Ekris Heerenveen
BMW iX1,eDrive20 M Sportpakket Pro | Travel Pack | 19 inch LM M Dubbelspaak (Styling 871 M) | Trekhaak met elektrisch wegklapbare kogel | Glazen panoramadak | Driving Assistant Plus,2025,2.500 km,Elektrisch,"59.900,-","677,-",https://www.ekris.nl/bmw/p/46040560/bmw-ix1-edrive20-46040560,Ekris Zeist
BMW 2 Serie,Coupé M240i xDrive | High Executive | M Sportpakket Pro | Panodak | Head-Up | Harman Kardon | M Performance | Parking Assistant Plus | Driving Assistant | M Stoelen | 19'' LMV,2022,54.518 km,Benzine,"59.900,-","816,-",https://www.ekris.nl/bmw/p/42527309/bmw-2-serie-coupe-m240i-xdrive-42527309,Ekris Nijkerk
BMW 2 Serie,Gran Coupé 220 M Sportpakket Pro | Innovation Pack | Trekhaak met afneembare kogel | Stuurwielrand verwarmd | Glazen panoramadak | Driving Assistant Professional,2025,2.500 km,Benzine,"59.900,-","788,-",https://www.ekris.nl/bmw/p/46806945/bmw-2-serie-gran-coupe-220-46806945,Ekris Zeist
BMW 3 Serie,Touring 320e | M-Sportpakket | LED | HUD | Schuifdak | Trekhaak | Sportstoelen | DAB | Hifi speakers | Alu 19 inch,2024,15.000 km,Hybride benzine,"59.900,-","816,-",https://www.ekris.nl/bmw/p/41276911/bmw-3-serie-touring-320e-41276911,Ekris Heerenveen
BMW 3 Serie,Touring 320d xDrive M-Sportpakket/ Elektrische trekhaak/ Comfort Acces/ Innovation Pack,2024,18.412 km,Diesel,"59.900,-","816,-",https://www.ekris.nl/bmw/p/43721122/bmw-3-serie-touring-320d-xdrive-43721122,Ekris Flevoland
BMW i5 Touring,eDrive40 | M-Sportpakket | LED | Navigatie | Active cruise | Sportstoelen | Stoelverwarming | DAB | Harman-kardon sound | Alu 20 inch,2024,14.000 km,Elektrisch,"59.900,-","706,-",https://www.ekris.nl/bmw/p/42726488/bmw-i5-touring-edrive40-42726488,Ekris Heerenveen
BMW i5,Sedan eDrive40 84 kWh | M-Sportpakket | LED | HUD | Schuifdak | Trekhaak | Active cruise | DAB | Harman-kardon sound | Alu 20 inch,2024,26.000 km,Elektrisch,"59.900,-","706,-",https://www.ekris.nl/bmw/p/46932220/bmw-i5-sedan-edrive40-84-kwh-46932220,Ekris Heerenveen
BMW iX,xDrive50 Sportpakket 22'' / Panoramadak Sky Lounge / Soft Close / Warmte Comfortpakket voor en achter,2022,111.566 km,Elektrisch,"59.900,-","706,-",https://www.ekris.nl/bmw/p/46629280/bmw-ix-xdrive50-46629280,Ekris Veenendaal
BMW X3,M40i xDrive | M-Sportpakket | LED | Leder | HUD | Schuifdak | Trekhaak | DAB | Hifi speakers | Alu 20 inch,2021,83.000 km,Benzine,"59.900,-","816,-",https://www.ekris.nl/bmw/p/47116662/bmw-x3-m40i-xdrive-47116662,Ekris Heerenveen
BMW 7 Serie,740Ld xDrive High Executive | M Sportpakket | Individual Stratus Grau |,2021,134.226 km,Diesel,"59.950,-","816,-",https://www.ekris.nl/bmw/p/45851104/bmw-7-serie-740ld-xdrive-high-executive-45851104,Ekris Groningen
BMW iX2,eDrive20 M Sport Pro | Trekhaak / Adaptief M onderstel / Head-up / Harman Kardon / Comfort Access / Dodehoek detectie / Cruise control adaptief met Stop&Go,2025,3.500 km,Elektrisch,"59.950,-","678,-",https://www.ekris.nl/bmw/p/46295608/bmw-ix2-edrive20-46295608,Ekris Veenendaal
BMW 2 Serie,Gran Coupé 223 xDrive | M-Sport | Comfort Access | Harman Kardon | Adaptive Cruise | Stoelverwarming |,2025,5.750 km,Benzine,"59.950,-","789,-",https://www.ekris.nl/bmw/p/44527055/bmw-2-serie-gran-coupe-223-xdrive-44527055,Ekris Groningen
BMW 5 Serie,520i Sedan M-Sportpakket | Innovation Pack | Panoramadak | Leder | 20inch,2024,20.467 km,Benzine,"59.950,-","816,-",https://www.ekris.nl/bmw/p/43291395/bmw-5-serie-520i-sedan-43291395,Ekris Assen
BMW 3 Serie,Sedan 330e Driving Assistant | Entertainment Pack | Parking Pack | Elektr. Trekhaak,2024,4.500 km,Hybride benzine,"59.950,-","816,-",https://www.ekris.nl/bmw/p/42172690/bmw-3-serie-sedan-330e-42172690,Ekris Heerlen
BMW iX1,eDrive20 67 kWh null,2025,501 km,Elektrisch,"59.950,-","678,-",https://www.ekris.nl/bmw/p/45238473/bmw-ix1-edrive20-67-kwh-45238473,Ekris Zeist
BMW 4 Serie,Gran Coupé M440i Parking Assistant Plus | HiFi System | Variable Sport Steering | Extra getint glas | M Sportremsysteem Blau | M Sportdifferentieel,2022,57.841 km,Benzine,"59.950,-","816,-",https://www.ekris.nl/bmw/p/46467090/bmw-4-serie-gran-coupe-m440i-46467090,Ekris Zeist
BMW M4,Coupé Competition Harman Kardon / Head-Up Display / Driver's Package / Adaptief M onderstel,2018,102.710 km,Benzine,"59.950,-","816,-",https://www.ekris.nl/bmw/p/46629424/bmw-m4-coupe-46629424,Ekris Veenendaal
BMW 3 Serie,Touring 320i | M Sportpakket | Elektrisch verwarmde voorstoelen | Sportstoelen,2025,23.124 km,Benzine,"59.995,-","790,-",https://www.ekris.nl/bmw/p/42245316/bmw-3-serie-touring-320i-42245316,Ekris Arnhem
BMW iX1,eDrive20 67 kWh M-Sportpakket / Travel Pack / Premium Pack / Comfort Pack / 19'' /,2025,3.050 km,Elektrisch,"60.093,-","679,-",https://www.ekris.nl/bmw/p/45258586/bmw-ix1-edrive20-67-kwh-45258586,Ekris Flevoland
BMW 1 Serie,120 | Individual Lak | M Sportpakket Pro | Harman Kardon | Panoramadak | Sportstoelen | Innovation Pack,2025,0 km,Benzine,"60.248,-","793,-",https://www.ekris.nl/bmw/p/46972045/bmw-1-serie-46972045,Ekris Zeist
BMW 2 Serie,Active Tourer 220i Luxury Line | Equipment Package | Comfort Pack | Travel Pack,2025,5 km,Benzine,"60.480,-","796,-",https://www.ekris.nl/bmw/p/43566684/bmw-2-serie-active-tourer-220i-43566684,Ekris Veenendaal
BMW iX1,eDrive20 | M Sportpakket | Innovation Pack | Verwarmd Stuurwiel | Comfort Access | Panoramadak | Stoelverwarming | Head-Up Display,2025,7.148 km,Elektrisch,"60.600,-","685,-",https://www.ekris.nl/bmw/p/45240335/bmw-ix1-edrive20-45240335,Ekris Arnhem
BMW 2 Serie,Active Tourer 218i | M Sport Package | Equipment Package,2025,5 km,Benzine,"60.630,-","798,-",https://www.ekris.nl/bmw/p/43431301/bmw-2-serie-active-tourer-218i-43431301,Ekris Assen
BMW 2 Serie Active Tourer,218i | M Sport Package | Equipment Package,2025,5 km,Benzine,"60.630,-","798,-",https://www.ekris.nl/bmw/p/44433361/bmw-2-serie-active-tourer-218i-44433361,Ekris Assen
BMW iX1,eDrive20 | M Sport Edition | M Sportpakket | Equipment Pack Pro | Travel Pack,2025,5 km,Elektrisch,"60.658,-","756,-",https://www.ekris.nl/bmw/p/47012809/bmw-ix1-edrive20-47012809,Ekris Assen
BMW iX1,eDrive20 | M Sport Edition | M Sportpakket | Equipment Pack Pro | Travel Pack,2025,5 km,Elektrisch,"60.658,-","686,-",https://www.ekris.nl/bmw/p/47012918/bmw-ix1-edrive20-47012918,Ekris Heerenveen
BMW iX1,eDrive20 | M Sport Edition | M Sportpakket | Equipment Pack Pro | Travel Pack,2025,5 km,Elektrisch,"60.658,-","686,-",https://www.ekris.nl/bmw/p/47013005/bmw-ix1-edrive20-47013005,Ekris Veenendaal
BMW iX1,eDrive20 | M Sport Edition | M Sportpakket | Equipment Pack Pro | Travel Pack,2025,5 km,Elektrisch,"60.658,-","686,-",https://www.ekris.nl/bmw/p/47012724/bmw-ix1-edrive20-47012724,Ekris Veenendaal
BMW iX,xDrive40 | High Executive | Luchtvering | Driving Assistant Professional | Glazen panoramadak Sky Lounge | Parking Assistent Plus | BMW Laserlight | Trekhaak,2024,23.784 km,Elektrisch,"60.700,-","716,-",https://www.ekris.nl/bmw/p/42324508/bmw-ix-xdrive40-42324508,Ekris Arnhem
BMW 2 Serie,Gran Coupé 220 M Sportpakket Pro | Panoramadak | Driving Assistant Professional,2025,2.500 km,Benzine,"60.761,-","800,-",https://www.ekris.nl/bmw/p/46360034/bmw-2-serie-gran-coupe-220-46360034,Ekris Maastricht
BMW iX2,xDrive30 M Sportpakket Pro | Innovation Pack | Comfort Pack | Glazen panoramadak | Parking Assistant Plus | BMW Head-Up Display,2025,6.589 km,Elektrisch,"60.900,-","688,-",https://www.ekris.nl/bmw/p/43934973/bmw-ix2-xdrive30-43934973,Ekris Zeist
BMW iX1,eDrive20 M Sportpakket Pro 19'' / Panoramadak / Driving Assistant Plus / Harman Kardon,2025,2.300 km,Elektrisch,"60.950,-","689,-",https://www.ekris.nl/bmw/p/46253440/bmw-ix1-edrive20-46253440,Ekris Veenendaal
BMW iX1,eDrive20 M Sportpakket Pro 19'' / Panoramadak / Harman Kardon / Comfort Access,2025,2.300 km,Elektrisch,"60.950,-","689,-",https://www.ekris.nl/bmw/p/46253586/bmw-ix1-edrive20-46253586,Ekris Veenendaal
BMW 2 Serie,Gran Coupé 220 | M Sport Package Pro | Equipment Package,2025,5 km,Benzine,"61.116,-","804,-",https://www.ekris.nl/bmw/p/46871625/bmw-2-serie-gran-coupe-220-46871625,Ekris Nijkerk
BMW 2 Serie,Active Tourer 220i M Sport Package | Equipment Package | Comfort Pack | Travel Pack,2025,5 km,Benzine,"61.240,-","806,-",https://www.ekris.nl/bmw/p/44480966/bmw-2-serie-active-tourer-220i-44480966,Ekris Veenendaal
BMW 2 Serie,Active Tourer 225e xDrive | M Sportpakket Pro | Equipment Pack | Travel Pack,2025,5 km,Hybride benzine,"61.274,-","750,-",https://www.ekris.nl/bmw/p/39931279/bmw-2-serie-active-tourer-225e-xdrive-39931279,Ekris Maastricht
BMW 2 Serie,220 Gran Coupé | M Sportpakket Pro | Innovation Pack,2025,5 km,Benzine,"61.278,-","807,-",https://www.ekris.nl/bmw/p/46624340/bmw-2-serie-220-gran-coupe-46624340,Ekris Heerenveen
BMW 2 Serie,Gran Coupé 220 M Sportpakket Pro/ Stuurwielverwarming/ Comfort Access/ panoramadak/ Sportstoelen/ Stoelverwarming/ Harman-Kardon/ Head-Up/ Elektrische stoelen,2025,1.000 km,Benzine,"61.289,-","807,-",https://www.ekris.nl/bmw/p/45851735/bmw-2-serie-gran-coupe-220-45851735,Ekris Flevoland
BMW iX1,eDrive20 67 kWh M Sport Edition Panoramadak | Elektrische verst. voorstoelen | Harman/Kardon Sound,2025,6.470 km,Elektrisch,"61.376,-","808,-",https://www.ekris.nl/bmw/p/45991581/bmw-ix1-edrive20-67-kwh-m-sport-edition-45991581,Ekris Assen
BMW iX1,eDrive20 67 kWh | M Sport Pro | Travel Pack | Comfort Pack | Premium Pack |,2025,2.500 km,Elektrisch,"61.442,-","809,-",https://www.ekris.nl/bmw/p/45289473/bmw-ix1-edrive20-67-kwh-45289473,Ekris Groningen
BMW iX1,eDrive20 M-Sport Edition / Comfort Pack / Travel Pack,2025,5 km,Elektrisch,"61.442,-","694,-",https://www.ekris.nl/bmw/p/44845323/bmw-ix1-edrive20-44845323,Ekris Heerenveen
BMW iX1,eDrive20 | M Sport Edition | M Sportpakket Pro | Travel Pack | Premium Pack | Comfort Pack,2025,5 km,Elektrisch,"61.442,-","694,-",https://www.ekris.nl/bmw/p/47122861/bmw-ix1-edrive20-47122861,Ekris Heerenveen
BMW X1,xDrive23i | M Sportpakket Pro | Premium Pack | Travel Pack | Comfort Pack,2024,35.033 km,Benzine,"61.450,-","837,-",https://www.ekris.nl/bmw/p/45140285/bmw-x1-xdrive23i-45140285,Ekris Maastricht
BMW i5 Touring,eDrive40 84 kWh | M Sportpakket | Trekhaak | Driving Assistant Plus |,2024,29.981 km,Elektrisch,"61.450,-","837,-",https://www.ekris.nl/bmw/p/45401800/bmw-i5-touring-edrive40-84-kwh-45401800,Ekris Groningen
BMW iX3,High Executive Edition 80 kWh BMW iX3 High Executive Edition | Parking Pack | Safety Pack | Shadow Line Pack | High Executive,2025,9.585 km,Elektrisch,"61.450,-","809,-",https://www.ekris.nl/bmw/p/44273877/bmw-ix3-high-executive-edition-80-kwh-44273877,Ekris Assen
BMW iX1,eDrive20 M Sportpakket Pro | Travel & Premium Pack | Driving Assitant Plus,2025,2.500 km,Elektrisch,"61.493,-","695,-",https://www.ekris.nl/bmw/p/45409827/bmw-ix1-edrive20-45409827,Ekris Maastricht
BMW 5 Serie,Touring 540i xDrive | M Sportpakket | Panoramadak | Verwarmd Stuurwiel | Stoelverwarming | Head-Up Display,2022,58.228 km,Benzine,"61.495,-","837,-",https://www.ekris.nl/bmw/p/44317353/bmw-5-serie-touring-540i-xdrive-44317353,Ekris Arnhem
BMW iX2,eDrive20 | M Sport Edition | M Sportpakket Pro | Equipment Pack Pro | Comfort Pack,2025,5 km,Elektrisch,"61.646,-","697,-",https://www.ekris.nl/bmw/p/46626079/bmw-ix2-edrive20-46626079,Ekris Utrecht
BMW iX1,eDrive20 67 kWh | M Sportpakket Pro | Comfort Pack | Panoramadak | Harman/Kardon |,2025,7.054 km,Elektrisch,"61.742,-","813,-",https://www.ekris.nl/bmw/p/45491628/bmw-ix1-edrive20-67-kwh-45491628,Ekris Assen
BMW 1 Serie,5-deurs 123 xDrive | M Sportpakket Pro | Premium Pack,2025,7.500 km,Benzine,"61.822,-","814,-",https://www.ekris.nl/bmw/p/44789955/bmw-1-serie-5-deurs-123-xdrive-44789955,Ekris Maastricht
BMW 2 Serie,220 Gran Coupé | Glazendak | 19inch | Elektrisch verstelbare stoelen | Panoramadak | Trekhaak,2025,1.500 km,Benzine,"61.841,-","814,-",https://www.ekris.nl/bmw/p/43291796/bmw-2-serie-220-gran-coupe-43291796,Ekris Groningen
BMW 3 Serie,Touring 330e null,2025,26.003 km,Hybride benzine,"61.850,-","814,-",https://www.ekris.nl/bmw/p/47149022/bmw-3-serie-touring-330e-47149022,Ekris Veenendaal
BMW 2 Serie,225e xDrive Active Tourer | M Sportpakket Pro | Premium Pack | Travel Pack | Comfort Pack,2025,5 km,Hybride benzine,"61.897,-","757,-",https://www.ekris.nl/bmw/p/45159843/bmw-2-serie-225e-xdrive-active-tourer-45159843,Ekris Arnhem
BMW 4 Serie,Coupé 420i High Executive M Sport Pro 19'' / Harman Kardon / CoPilot Pack / M Peformance Pack,2024,15.759 km,Benzine,"61.900,-","843,-",https://www.ekris.nl/bmw/p/39058477/bmw-4-serie-coupe-420i-39058477,Ekris Veenendaal
BMW i4,M50 High Executive 84 kWh | M-Sportpakket | Laserlight | Glazendak | Driving Assistant Professional,2024,32.692 km,Elektrisch,"61.900,-","843,-",https://www.ekris.nl/bmw/p/43329871/bmw-i4-m50-high-executive-84-kwh-43329871,Ekris Groningen
BMW i4,eDrive35 M Sportpakket Pro 20'' / Glazen schuif-/kanteldak / Harman Kardon / Stuurwielrand verwarmd,2024,9.300 km,Elektrisch,"61.900,-","730,-",https://www.ekris.nl/bmw/p/43387299/bmw-i4-edrive35-43387299,Ekris Veenendaal
BMW iX2,eDrive20 M Sportpakket Pro | Comfort Pack | Glazen panoramadak | Parking Assistant Plus | Harman-Kardon sound system,2025,2.500 km,Elektrisch,"61.900,-","700,-",https://www.ekris.nl/bmw/p/46041105/bmw-ix2-edrive20-46041105,Ekris Zeist
BMW X5,xDrive45e | M-Sportpakket | LED | Leder | Navigatie | Schuifdak | Comfortzetels | Chrome line | DAB | Hifi speakers | Alu 22 inch,2021,59.000 km,Hybride benzine,"61.900,-","843,-",https://www.ekris.nl/bmw/p/46674949/bmw-x5-xdrive45e-46674949,Ekris Heerenveen
BMW i4,xDrive40 84 kWh LCI | M Sport Pro | Indiviual uitgebreid Leder | Glazen schuif-/kanteldak | Active Cruise Control | Harman Kardon,2025,13.367 km,Elektrisch,"61.900,-","815,-",https://www.ekris.nl/bmw/p/46650893/bmw-i4-xdrive40-84-kwh-46650893,Ekris Assen
BMW iX1,eDrive20 | M Sport Edition | M Sportpakket | M Sportpakket Pro | Equipment Pack Pro | Travel Pack,2025,0 km,Elektrisch,"61.919,-","700,-",https://www.ekris.nl/bmw/p/44913469/bmw-ix1-edrive20-44913469,Ekris Arnhem
BMW X1,xDrive23i | M-Sportpakket | 19inch | Innovation Pack |,2024,14.734 km,Benzine,"61.950,-","844,-",https://www.ekris.nl/bmw/p/43357771/bmw-x1-xdrive23i-43357771,Ekris Groningen
BMW iX1,eDrive20 M Sportpakket Pro | Premium Pack | Comfort Pack | Travel Pack | Stuurwiel Verwarmd | Panoramadak | Elektrisch Verstelbare Stoelen | Driving Assistant Plus | DAB | Harman Kardon | 19'',2025,2.698 km,Elektrisch,"61.950,-","700,-",https://www.ekris.nl/bmw/p/45330422/bmw-ix1-edrive20-45330422,Ekris Utrecht
BMW iX1,eDrive20 M Sportpakket Pro | Premium Pack | Comfort Pack | Travel Pack | Stuurwiel Verwarmd | Panoramadak | Elektrisch Verstelbare Stoelen | Driving Assistant Plus | DAB | Harman Kardon | 19'',2025,7.147 km,Elektrisch,"61.950,-","700,-",https://www.ekris.nl/bmw/p/45330530/bmw-ix1-edrive20-45330530,Ekris Utrecht
BMW iX1,eDrive20 | M Sport Edition | M Sportpakket | Premium Pack | Comfort Pack | Travel Pack,2025,5 km,Elektrisch,"62.261,-","704,-",https://www.ekris.nl/bmw/p/44926274/bmw-ix1-edrive20-44926274,Ekris Maastricht
BMW iX2,eDrive20 | M Sport Edition | M Sportpakket Pro | Equipment Pack Pro | Comfort Pack,2025,5 km,Elektrisch,"62.456,-","706,-",https://www.ekris.nl/bmw/p/46846684/bmw-ix2-edrive20-46846684,Ekris Maastricht
BMW iX1,eDrive20 | xLine | Innovation Pack | Travel Pack,2025,5 km,Elektrisch,"62.473,-","706,-",https://www.ekris.nl/bmw/p/45677477/bmw-ix1-edrive20-45677477,Ekris Veenendaal
BMW 7 Serie,Limousine 740Ld xDrive | High Executive | Comfort Access | Harman Kardon | Panoramadak | Soft Close | Head-Up Display | 19'',2021,99.092 km,Diesel,"62.495,-","851,-",https://www.ekris.nl/bmw/p/43884589/bmw-7-serie-limousine-740ld-xdrive-43884589,Ekris Arnhem
BMW iX1,eDrive20 67 kWh M Sport Edition null,2025,15 km,Elektrisch,"62.528,-","780,-",https://www.ekris.nl/bmw/p/45915212/bmw-ix1-edrive20-67-kwh-m-sport-edition-45915212,Ekris Groningen
BMW 4 Serie,Gran Coupé 420i High Executive/ M Sportpakket Pro/ Business Edition Plus/ Safety Pack/ Active Guard Plus/ Active Cruise Control,2025,16.585 km,Benzine,"62.695,-","825,-",https://www.ekris.nl/bmw/p/42563091/bmw-4-serie-gran-coupe-420i-42563091,Ekris Flevoland
BMW i4,eDrive40 | M Sportpakket | Innovation Pack | Comfort Pack,2025,16.385 km,Elektrisch,"62.750,-","709,-",https://www.ekris.nl/bmw/p/45784669/bmw-i4-edrive40-45784669,Ekris Maastricht
BMW X3,xDrive20i High Executive | M Sportpakket | Elektrische trekhaak | Driving Assistant,2023,35.719 km,Benzine,"62.750,-","854,-",https://www.ekris.nl/bmw/p/45964249/bmw-x3-xdrive20i-45964249,Ekris Maastricht
BMW 2 Serie Active Tourer,225e xDrive | Luxury Line | Innovation Pack | Comfort Pack | Travel Pack,2025,5 km,Hybride benzine,"62.791,-","768,-",https://www.ekris.nl/bmw/p/45677481/bmw-2-serie-active-tourer-225e-xdrive-45677481,Ekris Arnhem
BMW X3,xDrive30e M-Pakket | Panoramadak | Comfort Access | HiFi Sound,2024,28.759 km,Hybride benzine,"62.850,-","856,-",https://www.ekris.nl/bmw/p/43406534/bmw-x3-xdrive30e-43406534,Ekris Assen
BMW 3 Serie,Touring 330e | M Sportpakket Pro | Panodak | Trekhaak | Harman Kardon | Parking Assistant Plus | Adaptive Cruise Control | Comfort Access | Elektr. Voorstoelen | Driving Assistant | Adaptive Onderstel | 19'' LMV,2025,24.771 km,Hybride benzine,"62.850,-","827,-",https://www.ekris.nl/bmw/p/47093531/bmw-3-serie-touring-330e-47093531,Ekris Nijkerk
BMW 4 Serie,Gran Coupe 420i | High Executive | M Sportpakket | Safety Pack,2025,11.500 km,Benzine,"62.900,-","828,-",https://www.ekris.nl/bmw/p/39039756/bmw-4-serie-gran-coupe-420i-39039756,Ekris Maastricht
BMW i5,Sedan eDrive40 | M Sportpakket Pro | Innovation Pack | Driving Assistant Plus | Panodak | Head-Up | Harman Kardon | Comfortstoelen | Parking Assistant Plus | 21'' LMV,2024,23.885 km,Elektrisch,"62.900,-","742,-",https://www.ekris.nl/bmw/p/45874118/bmw-i5-sedan-edrive40-45874118,Ekris Nijkerk
BMW 4 Serie,Gran Coupé 420i M Sport Pro / Harman Kardon / Schuif- Kanteldak / Stuurverwarming / Driving Assistant Professional,2025,11.059 km,Benzine,"62.900,-","828,-",https://www.ekris.nl/bmw/p/42802634/bmw-4-serie-gran-coupe-420i-42802634,Ekris Veenendaal
BMW 1 Serie,5-deurs M135 xDrive | M-Sportpakket | LED | Leder | HUD | Schuifdak | Elektr. zetels | DAB | Harman-kardon sound | Alu 18 inch,2024,30.000 km,Benzine,"62.900,-","857,-",https://www.ekris.nl/bmw/p/46969928/bmw-1-serie-5-deurs-m135-xdrive-46969928,Ekris Heerenveen
BMW X3,xDrive20i | High Executive | M Sportpakket | Panodak | Trekhaak | Hi-Fi | Driving Assistant | Comfort Access | Stuurwielverwarming | 20'' LMV,2023,67.461 km,Benzine,"62.900,-","857,-",https://www.ekris.nl/bmw/p/46986897/bmw-x3-xdrive20i-46986897,Ekris Nijkerk
BMW iX1,xDrive30 M Sportpakket Pro | Premium Pack | Travel Pack | M Sportremsysteem Rot | Glazen panoramadak | Comfort Access,2025,6.521 km,Elektrisch,"62.900,-","711,-",https://www.ekris.nl/bmw/p/43935693/bmw-ix1-xdrive30-43935693,Ekris Zeist
BMW Z4,Roadster sDrive20i | M-Sportpakket | LED | Leder | HUD | Stoelverwarming | Active cruise | Keyles go | DAB | Harman-kardon sound | Alu 18 inch,2025,21.000 km,Benzine,"62.900,-","828,-",https://www.ekris.nl/bmw/p/47015025/bmw-z4-roadster-sdrive20i-47015025,Ekris Heerenveen
BMW iX3,High Executive Edition 80 kWh Parking Pack/ Safety Pack/ Verwarmd Stuuriel/ Comfort Access/ Elektrische Trekhaak/ Sportstoelen/ Head-Up/,2025,12.233 km,Elektrisch,"62.900,-","711,-",https://www.ekris.nl/bmw/p/42969374/bmw-ix3-high-executive-edition-80-kwh-42969374,Ekris Flevoland
BMW iX,xDrive40 High Executive 77 kWh | Harman/Kardon Surround | Laserlicht | Glazen panoramadak Sky Lounge,2024,39.561 km,Elektrisch,"62.900,-","857,-",https://www.ekris.nl/bmw/p/46519503/bmw-ix-xdrive40-high-executive-77-kwh-46519503,Ekris Assen
BMW 2 Serie,Gran Coupé 220 M Sportpakket Pro 19'' / Panoramadak / Driving Assistant Professional / Stuurwiel verwarmd,2025,3.200 km,Benzine,"62.950,-","829,-",https://www.ekris.nl/bmw/p/42980859/bmw-2-serie-gran-coupe-220-42980859,Ekris Veenendaal
BMW 5 Serie,"Sedan 540i M Sportpakket | Laserlicht | Head-Up Display | Harman Kardon | Elek. Stoelen met Geheugen | 20""",2022,38.200 km,Benzine,"62.950,-","857,-",https://www.ekris.nl/bmw/p/43967725/bmw-5-serie-sedan-540i-43967725,Ekris Utrecht
BMW 2 Serie,Coupé M2 Competition | M-Performance Carbon | 19'' | Comfort Access | Achteruitrijcamera | Schuif-/kanteldak | Stoelverwarming | Harman-Kardon | Remus Uitlaatsysteem,2020,91.993 km,Benzine,"62.995,-","858,-",https://www.ekris.nl/bmw/p/45856177/bmw-2-serie-coupe-m2-competition-45856177,Ekris Arnhem
BMW 5 Serie,Sedan 530e M Sportpakket / 20 inch / Glazen panoramadak / Verwarmde stoelen voor en achter / Harman Kardon,2024,34.988 km,Hybride benzine,"62.995,-","858,-",https://www.ekris.nl/bmw/p/39038410/bmw-5-serie-sedan-530e-39038410,Ekris Arnhem
BMW iX1,eDrive20 xLine | Equipment Pack | Comfort Pack | Travel Pack,2025,5 km,Elektrisch,"63.081,-","787,-",https://www.ekris.nl/bmw/p/46625634/bmw-ix1-edrive20-46625634,Ekris Assen
BMW X1,sDrive18i | M Sportpakket | Premium Pack,2025,5 km,Benzine,"63.292,-","833,-",https://www.ekris.nl/bmw/p/46831279/bmw-x1-sdrive18i-46831279,Ekris Assen
BMW 2 Serie,Active Tourer 220i M Sportpakket | Premium Pack | Travel Pack | Elektr. Trekhaak,2025,2.500 km,Benzine,"63.340,-","834,-",https://www.ekris.nl/bmw/p/46285664/bmw-2-serie-active-tourer-220i-46285664,Ekris Maastricht
BMW 2 Serie,Active Tourer 225e xDrive M Sportpakket | Equipment Pack | Comfort Pack | Travel Pack,2025,0 km,Hybride benzine,"63.406,-","776,-",https://www.ekris.nl/bmw/p/40908571/bmw-2-serie-active-tourer-225e-xdrive-40908571,Ekris Utrecht
BMW iX2,eDrive20 | M Sport Edition | M Sportpakket Pro | Equipment Pack Pro | Comfort Pack,2025,5 km,Elektrisch,"63.407,-","717,-",https://www.ekris.nl/bmw/p/46626274/bmw-ix2-edrive20-46626274,Ekris Veenendaal
BMW iX2,eDrive20 | M Sport Edition | M Sportpakket Pro | Equipment Pack Pro | Comfort Pack,2025,5 km,Elektrisch,"63.407,-","717,-",https://www.ekris.nl/bmw/p/46846694/bmw-ix2-edrive20-46846694,Ekris Flevoland
BMW 8 Serie,Gran Coupé 840i M Sportpakket | High Executive | Glazen panoramadak | Parking Assistant Plus | Harman Kardon Surround Sound Systeem,2020,102.982 km,Benzine,"63.450,-","864,-",https://www.ekris.nl/bmw/p/44341161/bmw-8-serie-gran-coupe-840i-44341161,Ekris Zeist
BMW iX1,eDrive20 | M Sportpakket Pro | Premium Pack | Verwarmd Stuurwiel | Comfort Access | Achteruitrijcamera | Panoramadak | Stoelverwarming | Harman-Kardon,2025,6.178 km,Elektrisch,"63.500,-","718,-",https://www.ekris.nl/bmw/p/45131038/bmw-ix1-edrive20-45131038,Ekris Arnhem
BMW i4,Gran Coupé eDrive35 Comfort Pack | Sportremsysteem Grau,2025,5 km,Elektrisch,"63.562,-","718,-",https://www.ekris.nl/bmw/p/41797223/bmw-i4-gran-coupe-edrive35-41797223,Ekris Heerenveen
BMW iX1,eDrive20 M Sportpakket Pro | Travel Pack | Elektr. Trekhaak,2025,3.500 km,Elektrisch,"63.668,-","720,-",https://www.ekris.nl/bmw/p/44511802/bmw-ix1-edrive20-44511802,Ekris Maastricht
BMW i4,eDrive40 | M Sportpakket | Innovation Pack | Trekhaak elektr. | Panoramadak,2025,14.253 km,Elektrisch,"63.750,-","721,-",https://www.ekris.nl/bmw/p/45962218/bmw-i4-edrive40-45962218,Ekris Maastricht
BMW i4,eDrive40 M Sportpakket Pro | Innovation pack | Driving Assitant | Comfort Pack,2025,5.500 km,Elektrisch,"63.900,-","722,-",https://www.ekris.nl/bmw/p/43932740/bmw-i4-edrive40-43932740,Ekris Maastricht
BMW 5 Serie,Touring 530e M Sportpakket | Travel Pack | Comfort Access | Extra Getint Glas Achter | Trekhaak | Driving Assistant Plus | DAB | 20'',2024,27.463 km,Hybride benzine,"63.900,-","870,-",https://www.ekris.nl/bmw/p/46059787/bmw-5-serie-touring-530e-46059787,Ekris Utrecht
BMW 5 Serie,Sedan 530e M Sportpakket | Innovation Pack | Travel Pack | Comfort Pack| Stuurwielrand Verwarmd | Trekhaak | Panoramadak | 4-zone airconditioning | Driving Assistant Plus | Harman Kardon,2024,32.850 km,Hybride benzine,"63.900,-","870,-",https://www.ekris.nl/bmw/p/41942823/bmw-5-serie-sedan-530e-41942823,Ekris Utrecht
BMW 4 Serie,Gran Coupé 420i M Sportpakket Pro | High Executive | Safety Pack | Elektrisch bediend glazen schuif-/kanteldak | BMW Laserlight,2025,9.012 km,Benzine,"63.900,-","841,-",https://www.ekris.nl/bmw/p/42711753/bmw-4-serie-gran-coupe-420i-42711753,Ekris Zeist
BMW 5 Serie,Touring 530e | M-Sportpakket | LED | HUD | Schuifdak | Active cruise | Surround view | DAB | harman-kardon sound | Alu 20 inch,2024,36.000 km,Hybride benzine,"63.900,-","870,-",https://www.ekris.nl/bmw/p/47051776/bmw-5-serie-touring-530e-47051776,Ekris Heerenveen
BMW X5,xDrive45e High Executive M Sportpakket/ 22 inch LM/ Luchtvering/ Comfort Access/ Head-Up/ Harman-Kardon/ panoramadak/,2021,69.598 km,Hybride benzine,"63.900,-","870,-",https://www.ekris.nl/bmw/p/44349975/bmw-x5-xdrive45e-high-executive-44349975,Ekris Flevoland
BMW 5 Serie,520i M Sportpakket Pro/ Comfort Access/ Achteruitrijcamera/ Panoramadak/ Stoelventilatie/ Comfortstoelen/ Driving Assistant Plus/ Harman-Kardon/ Stoelverwarming,2024,23.116 km,Benzine,"63.900,-","870,-",https://www.ekris.nl/bmw/p/47111076/bmw-5-serie-520i-47111076,Ekris Flevoland
BMW i5,eDrive40 84 kWh M Sport Pro | Trekhaak | Panoramadak | Stoelventilatie | Driving Assistant Professional | 21'' |,2024,9.686 km,Elektrisch,"63.900,-","870,-",https://www.ekris.nl/bmw/p/46385823/bmw-i5-edrive40-84-kwh-46385823,Ekris Groningen
BMW iX1,eDrive20 | M Sport Edition | M Sportpakket Pro | Equipment Pack Pro | Comfort Pack | Travel Pack,2025,5 km,Elektrisch,"63.947,-","797,-",https://www.ekris.nl/bmw/p/46625733/bmw-ix1-edrive20-46625733,Ekris Groningen
BMW i4,eDrive40 M Sport Edition 20'' / Harman Kardon / Schuif-/kanteldak / Comfort Acces / Active Cruise Control,2025,7.000 km,Elektrisch,"63.950,-","723,-",https://www.ekris.nl/bmw/p/44745812/bmw-i4-edrive40-44745812,Ekris Veenendaal
BMW 5 Serie,Sedan 520i | M Sportpakket Pro | Driving Assistant Plus,2025,14.440 km,Benzine,"63.950,-","842,-",https://www.ekris.nl/bmw/p/45621742/bmw-5-serie-sedan-520i-45621742,Ekris Heerlen
BMW X1,"xDrive25e M Sportpakket | Premium Pack | Comfort Pack | Travel Pack | Achteruitrijcamera | Harman-Kardon |18""",2025,2.501 km,Hybride benzine,"63.995,-","842,-",https://www.ekris.nl/bmw/p/45824756/bmw-x1-xdrive25e-45824756,Ekris Utrecht
BMW iX1,eDrive20 xLine | Equipment Pack | Comfort Pack | Travel Pack,2025,5 km,Elektrisch,"64.129,-","725,-",https://www.ekris.nl/bmw/p/46625681/bmw-ix1-edrive20-46625681,Ekris Flevoland
BMW iX2,eDrive20 | M Sport Edition | M Sportpakket Pro | Equipment Pack Pro | Comfort Pack,2025,5 km,Elektrisch,"64.155,-","725,-",https://www.ekris.nl/bmw/p/46626032/bmw-ix2-edrive20-46626032,Ekris Nijkerk
BMW iX2,eDrive20 | M Sport Edition | M Sportpakket Pro | Equipment Pack Pro | Comfort Pack,2025,5 km,Elektrisch,"64.241,-","726,-",https://www.ekris.nl/bmw/p/46625791/bmw-ix2-edrive20-46625791,Ekris Heerlen
BMW iX2,eDrive20 | M Sport Edition | M Sportpakket Pro | Equipment Pack Pro | Comfort Pack,2025,5 km,Elektrisch,"64.241,-","726,-",https://www.ekris.nl/bmw/p/46625865/bmw-ix2-edrive20-46625865,Ekris Maastricht
BMW iX1,eDrive20 | M Sport Edition | M Sportpakket Pro | Innovation Pack | Comfort Pack | Travel Pack,2025,5 km,Elektrisch,"64.251,-","726,-",https://www.ekris.nl/bmw/p/46695788/bmw-ix1-edrive20-46695788,Ekris Heerlen
BMW 1 Serie,123 xDrive 5-deurs | M Sportpakket Pro | Innovation Pack,2025,5 km,Benzine,"64.274,-","846,-",https://www.ekris.nl/bmw/p/46498389/bmw-1-serie-123-xdrive-5-deurs-46498389,Ekris Maastricht
BMW 2 Serie,Active Tourer 218i | M Sport Package | Equipment Package Pro | Comfort Pack | Travel Package,2025,5 km,Benzine,"64.742,-","852,-",https://www.ekris.nl/bmw/p/43569596/bmw-2-serie-active-tourer-218i-43569596,Ekris Heerlen
BMW 5 Serie,Touring 530e M Sportpakket | Driving Assistant Plus | Travel Pack | Elektr. Trekhaak,2024,13.646 km,Hybride benzine,"64.750,-","882,-",https://www.ekris.nl/bmw/p/41584356/bmw-5-serie-touring-530e-41584356,Ekris Maastricht
BMW iX,xDrive40 | Sportpakket | Panoramadak | Trekhaak elektr. | Luchtvering,2024,24.305 km,Elektrisch,"64.750,-","764,-",https://www.ekris.nl/bmw/p/46253041/bmw-ix-xdrive40-46253041,Ekris Maastricht
BMW iX,xDrive40 Sport pakket 21'' / CoPilot Pack / Soft-Close / Warmte Comfortpakket / Harman Kardon,2024,21.268 km,Elektrisch,"64.900,-","765,-",https://www.ekris.nl/bmw/p/42595206/bmw-ix-xdrive40-42595206,Ekris Veenendaal
BMW X2,sDrive18d | M-Sportpakket | LED | Navigatie | Schuifdak | Trekhaak | Elektr. zetels | DAB | Harman-kardon sound | Alu 20 inch,2024,25.000 km,Diesel,"64.900,-","884,-",https://www.ekris.nl/bmw/p/41275135/bmw-x2-sdrive18d-41275135,Ekris Heerenveen
BMW X1,xDrive30e | M Sportpakket Pro | Innovation Pack | Panodak | Trekhaak | Elektr. Stoelen | Driving Assistant Prof. | Head-Up | Harman Kardon | 19'' LMV,2025,9.724 km,Hybride benzine,"64.900,-","854,-",https://www.ekris.nl/bmw/p/45296568/bmw-x1-xdrive30e-45296568,Ekris Nijkerk
BMW 4 Serie,Coupé 420i | M Sportpakket Pro | Innovation Pack | Comfort Pack | Schuifdak | Comfort Access | Driving Assistant Professional | DAB | HiFi| 19'',2025,11.254 km,Benzine,"64.900,-","854,-",https://www.ekris.nl/bmw/p/39055343/bmw-4-serie-coupe-420i-39055343,Ekris Utrecht
BMW i4,eDrive35 M Sport Edition 70 kWh | Comfort Pack | Glazendak | Getint Glas | 19inch |,2025,9.944 km,Elektrisch,"64.926,-","855,-",https://www.ekris.nl/bmw/p/44528202/bmw-i4-edrive35-m-sport-edition-70-kwh-44528202,Ekris Groningen
BMW 6 Serie,Gran Turismo 630i High Executive M Sportpakket 19'' / Panoramadak / Soft-Close / Laserlight / Stoelverwarming-ventilatie,2023,45.949 km,Benzine,"64.950,-","884,-",https://www.ekris.nl/bmw/p/43476774/bmw-6-serie-gran-turismo-630i-43476774,Ekris Veenendaal
BMW iX1,eDrive20 M Sport Pro | Adaptief M onderstel / Head-up / Trekhaak / Panoramadak / Harman Kardon / Comfort Access,2025,3.500 km,Elektrisch,"64.950,-","734,-",https://www.ekris.nl/bmw/p/46295618/bmw-ix1-edrive20-46295618,Ekris Veenendaal
BMW iX1,eDrive20 | M Sportpakket Pro | Panodak | Trekhaak | Driving Assistant Prof. | Head-Up | Elektr. Stoelen | Harman Kardon | 19'' LMV,2025,3.614 km,Elektrisch,"65.431,-","740,-",https://www.ekris.nl/bmw/p/45994226/bmw-ix1-edrive20-45994226,Ekris Nijkerk
BMW 2 Serie,225e xDrive Active Tourer | M Sportpakket | Innovation Pack | Comfort Pack | Travel Pack,2025,5 km,Hybride benzine,"65.497,-","801,-",https://www.ekris.nl/bmw/p/46624404/bmw-2-serie-225e-xdrive-active-tourer-46624404,Ekris Assen
BMW 3 Serie,330e Sedan | M Sportpakket | Comfort Pack,2025,5 km,Hybride benzine,"65.588,-","802,-",https://www.ekris.nl/bmw/p/46624462/bmw-3-serie-330e-sedan-46624462,Ekris Assen
BMW X1,xDrive30e | M Sportpakket | Innovation Pack | Travel Pack | Comfort Pack,2025,7.067 km,Hybride benzine,"65.750,-","865,-",https://www.ekris.nl/bmw/p/45401724/bmw-x1-xdrive30e-45401724,Ekris Maastricht
BMW i4,eDrive35 | M Sport Edition | M Sportpakket | Comfort Pack,2025,5 km,Elektrisch,"65.752,-","743,-",https://www.ekris.nl/bmw/p/46625401/bmw-i4-edrive35-46625401,Ekris Heerlen
BMW X1,xDrive25e | M Sport Package | Equipment Package| Comfort Pack | Travel Package,2025,5 km,Hybride benzine,"65.764,-","805,-",https://www.ekris.nl/bmw/p/46046985/bmw-x1-xdrive25e-46046985,Ekris Nijkerk
BMW 3 Serie,Touring 330e | M-Sportpakket | Trekhaak,2024,14.500 km,Hybride benzine,"65.900,-","897,-",https://www.ekris.nl/bmw/p/43291814/bmw-3-serie-touring-330e-43291814,Ekris Groningen
BMW 3 Serie,Touring M340i xDrive | High Executive | M Sport | Panodak | Driving Assistant Prof. | Head-Up | Trekhaak | M Stoelen | Laserlight | Parking Assistant Plus | Elektr. Stoelen | Harman Kardon | 19'' LMV,2021,51.100 km,Benzine,"65.900,-","897,-",https://www.ekris.nl/bmw/p/46269317/bmw-3-serie-touring-m340i-xdrive-46269317,Ekris Nijkerk
BMW 7 Serie,745e | High Executive | M Sportpakket incl. Design Pure Excellence | Panodak | Head-Up | Comfortstoelen Achter | Harman Kardon | Soft Close | 20'' LMV,2022,61.014 km,Hybride benzine,"65.900,-","897,-",https://www.ekris.nl/bmw/p/46778072/bmw-7-serie-745e-46778072,Ekris Nijkerk
BMW 5 Serie,Sedan 520i | M Sportpakket Pro | Innovation Pack | Travel Pack,2025,12.721 km,Benzine,"65.900,-","867,-",https://www.ekris.nl/bmw/p/42123540/bmw-5-serie-sedan-520i-42123540,Ekris Maastricht
BMW 5 Serie,Touring 530e | M Sportpakket | Trekhaak | Driving Assistant Plus,2024,26.523 km,Hybride benzine,"65.900,-","897,-",https://www.ekris.nl/bmw/p/45378643/bmw-5-serie-touring-530e-45378643,Ekris Zeist
BMW X2,sDrive20i | M Sportpakket | Premium Pack,2025,5 km,Benzine,"65.906,-","867,-",https://www.ekris.nl/bmw/p/46129663/bmw-x2-sdrive20i-46129663,Ekris Utrecht
BMW 5 Serie,"Touring 530d xDrive M Sportpakket | Panoramadak | Head-Up Display | HIFI | 18""",2023,8.125 km,Diesel,"65.950,-","898,-",https://www.ekris.nl/bmw/p/43721402/bmw-5-serie-touring-530d-xdrive-43721402,Ekris Utrecht
BMW i4,eDrive35 | M Sportpakket | Comfort Pack | Achteruitrijcamera | Comfort Access | Schuif-/kanteldak | Stoelverwarming | Parking Assistant,2025,10.578 km,Elektrisch,"65.950,-","745,-",https://www.ekris.nl/bmw/p/44939169/bmw-i4-edrive35-44939169,Ekris Arnhem
BMW iX2,eDrive20 M Sportpakket Pro | Driving Assitant Plus | Elektr. Trekhaak | Premium & Comfort Pack,2025,2.500 km,Elektrisch,"66.234,-","749,-",https://www.ekris.nl/bmw/p/45223011/bmw-ix2-edrive20-45223011,Ekris Maastricht
BMW X1,xDrive25e | xLine | Equipment Package | Comfort Pack | Travel Package,2025,5 km,Hybride benzine,"66.259,-","811,-",https://www.ekris.nl/bmw/p/47011808/bmw-x1-xdrive25e-47011808,Ekris Heerenveen
BMW 3 Serie,330e Sedan | M Sportpakket | Comfort Pack,2025,5 km,Hybride benzine,"66.499,-","814,-",https://www.ekris.nl/bmw/p/46672550/bmw-3-serie-330e-sedan-46672550,Ekris Assen
BMW X1,xDrive25e M Sportpakket Pro | Premium Pack | Travel Pack | Trekhaak,2025,5 km,Hybride benzine,"66.536,-","814,-",https://www.ekris.nl/bmw/p/46828526/bmw-x1-xdrive25e-46828526,Ekris Veenendaal
BMW X1,xDrive25e M Sportpakket Pro | Travel Pack | Premium Pack | Trekhaak,2025,5 km,Hybride benzine,"66.536,-","814,-",https://www.ekris.nl/bmw/p/46828696/bmw-x1-xdrive25e-46828696,Ekris Assen
BMW X1,xDrive25e M Sportpakket Pro | Premium Pack | Travel Pack | Trekhaak,2025,5 km,Hybride benzine,"66.536,-","814,-",https://www.ekris.nl/bmw/p/46828618/bmw-x1-xdrive25e-46828618,Ekris Zeist
BMW X1,xDrive25e M Sportpakket Pro | Premium Pakket | Trekhaak,2025,5 km,Hybride benzine,"66.789,-","817,-",https://www.ekris.nl/bmw/p/46827081/bmw-x1-xdrive25e-46827081,Ekris Utrecht
BMW X1,xDrive25e M Sportpakket Pro | Premium Pack | Trekhaak,2025,5 km,Hybride benzine,"66.789,-","817,-",https://www.ekris.nl/bmw/p/46827426/bmw-x1-xdrive25e-46827426,Ekris Flevoland
BMW X1,xDrive25e M Sportpakket Pro | Premium Pack | Trekhaak,2025,5 km,Hybride benzine,"66.789,-","817,-",https://www.ekris.nl/bmw/p/46827298/bmw-x1-xdrive25e-46827298,Ekris Arnhem
BMW X1,xDrive25e M Sportpakket pro | Premium Pack | Trekhaak,2025,5 km,Hybride benzine,"66.789,-","817,-",https://www.ekris.nl/bmw/p/46827368/bmw-x1-xdrive25e-46827368,Ekris Assen
BMW X1,xDrive25e M Sportpakket Pro | Travel Pack | Premium Pack | Trekhaak,2025,5 km,Hybride benzine,"66.789,-","817,-",https://www.ekris.nl/bmw/p/46828741/bmw-x1-xdrive25e-46828741,Ekris Veenendaal
BMW X1,xDrive25e M Sportpakket Pro | Premium Pack | Travel Pack | Trekhaak,2025,5 km,Hybride benzine,"66.789,-","817,-",https://www.ekris.nl/bmw/p/46828773/bmw-x1-xdrive25e-46828773,Ekris Nijkerk
BMW X1,xDrive25e M Sportpakket Pro | Premium Pack | Travel Pack | Trekhaak,2025,5 km,Hybride benzine,"66.789,-","817,-",https://www.ekris.nl/bmw/p/46828829/bmw-x1-xdrive25e-46828829,Ekris Heerenveen
BMW 1 Serie,5-deurs M135i xDrive | Comfort Pro Pack | M Performance Pack | Travel Pack,2025,14.381 km,Benzine,"66.850,-","880,-",https://www.ekris.nl/bmw/p/39055237/bmw-1-serie-5-deurs-m135i-xdrive-39055237,Ekris Veenendaal
BMW 4 Serie,Coupé M440i Elektrisch bediend glazen schuif-/kanteldak | BMW Head-Up Display | HiFi System | Parking Assistant Plus | Adaptief M Onderstel,2023,35.901 km,Benzine,"66.850,-","910,-",https://www.ekris.nl/bmw/p/46467556/bmw-4-serie-coupe-m440i-46467556,Ekris Zeist
BMW 3 Serie,Sedan 318i M Sportpakket | Comfort Pack,2025,0 km,Benzine,"66.888,-","880,-",https://www.ekris.nl/bmw/p/42502707/bmw-3-serie-sedan-318i-42502707,Ekris Maastricht
BMW 5 Serie,Sedan 520i | M Sportpakket | Innovation Pack | Travel Pack,2025,12.789 km,Benzine,"66.895,-","881,-",https://www.ekris.nl/bmw/p/42572628/bmw-5-serie-sedan-520i-42572628,Ekris Arnhem
BMW 3 Serie,Touring 330e M Sportpakket Pro | Comfort Pack | HiFi System | Extra getint glas in achterportierruiten en achterruit | Achteruitrijcamera,2025,2.500 km,Hybride benzine,"66.900,-","881,-",https://www.ekris.nl/bmw/p/46513875/bmw-3-serie-touring-330e-46513875,Ekris Zeist
BMW 3 Serie,Sedan 330d xDrive | M-Sportpakket | LED | Navigatie | Schuifdak | Elektr. zetels | Sportstoelen | DAB | Hifi speakers | Alu 18 inch,2024,20.000 km,Diesel,"66.900,-","911,-",https://www.ekris.nl/bmw/p/43268063/bmw-3-serie-sedan-330d-xdrive-43268063,Ekris Heerenveen
BMW i4,Gran Coupé eDrive35 M Sportpakket Pro | Comfort Pack | Elektrisch bediend glazen schuif-/kanteldak | HiFi System | 19 inch LM M Y-spaak (styling 859 M),2025,3.952 km,Elektrisch,"66.900,-","756,-",https://www.ekris.nl/bmw/p/46040025/bmw-i4-gran-coupe-edrive35-46040025,Ekris Zeist
BMW iX1,xDrive30 | M Sportpakket Pro | Innovation Pack | Travel Pack,2025,6.500 km,Elektrisch,"66.900,-","756,-",https://www.ekris.nl/bmw/p/44407586/bmw-ix1-xdrive30-44407586,Ekris Heerlen
BMW 5 Serie,520i M Sportpakket/ Innovation Pack/ Travel Pack/ Verwarmd Stuurwiel/ Comfort Access/ panoramadak/ Travel en Comfort System/ Harman Kardon/ Parking Assistant Plus,2025,16.730 km,Benzine,"66.900,-","881,-",https://www.ekris.nl/bmw/p/42563263/bmw-5-serie-520i-42563263,Ekris Flevoland
BMW 3 Serie,Touring M340i xDrive | Trekhaak | Head-Up | Panoramadak | Elektrische stoelen | Harman Kardon |,2022,75.755 km,Benzine,"66.950,-","912,-",https://www.ekris.nl/bmw/p/44215383/bmw-3-serie-touring-m340i-xdrive-44215383,Ekris Groningen
BMW 3 Serie,Touring 330i xDrive | M Sportpakket | Innovation Pack | Travel Pack,2024,15.331 km,Benzine,"66.950,-","912,-",https://www.ekris.nl/bmw/p/43619840/bmw-3-serie-touring-330i-xdrive-43619840,Ekris Heerlen
BMW i4,"eDrive40 84 kWh M Sportpakket Pro/ Comfort Access/ 20"" LMV/ Harman-Kardon/ Panoramadak/ Innovation Pack",2025,5.530 km,Elektrisch,"66.950,-","757,-",https://www.ekris.nl/bmw/p/44377756/bmw-i4-edrive40-84-kwh-44377756,Ekris Flevoland
BMW i4,eDrive35 | M Sport Edition | M Sportpakket,2025,5 km,Elektrisch,"66.974,-","757,-",https://www.ekris.nl/bmw/p/45492881/bmw-i4-edrive35-45492881,Ekris Utrecht
BMW X3,xDrive30e | High Executive | M Sportpakket | Comfort Acces | Harman Kardon | Head-Up Display | Elektrische Trekhaak | 20'' | Panoramadak,2024,35.794 km,Hybride benzine,"66.995,-","912,-",https://www.ekris.nl/bmw/p/46223679/bmw-x3-xdrive30e-46223679,Ekris Arnhem
BMW 2 Serie,230e xDrive Active Tourer | M Sportpakket | Innovation Pack | Comfort Pack | Travel Pack,2025,5 km,Hybride benzine,"67.217,-","822,-",https://www.ekris.nl/bmw/p/47012674/bmw-2-serie-230e-xdrive-active-tourer-47012674,Ekris Arnhem
BMW 1 Serie,123 xDrive 5-deurs | M Sportpakket Pro | Premium Pack,2025,5 km,Benzine,"67.306,-","886,-",https://www.ekris.nl/bmw/p/45141819/bmw-1-serie-123-xdrive-5-deurs-45141819,Ekris Arnhem
BMW X1,xDrive25e M Sportpakket Pro | Premium Pack | Travel Pack | Trekhaak,2025,5 km,Hybride benzine,"67.381,-","824,-",https://www.ekris.nl/bmw/p/46828315/bmw-x1-xdrive25e-46828315,Ekris Nijkerk
BMW X1,xDrive25e M Sportpakket Pro | Premium Pack | Trekhaak,2025,5 km,Hybride benzine,"67.381,-","824,-",https://www.ekris.nl/bmw/p/46827646/bmw-x1-xdrive25e-46827646,Ekris Groningen
BMW X1,xDrive25e M Sportpakket Pro | Premium Pack | Travel Pack | Trekhaak,2025,5 km,Hybride benzine,"67.381,-","824,-",https://www.ekris.nl/bmw/p/46828449/bmw-x1-xdrive25e-46828449,Ekris Utrecht
BMW X1,xDrive25e M Sportpakket Pro 19'' / Head-Up Display / Harman Kardon / Trekhaak / Driving Assistant Plus,2025,12.186 km,Hybride benzine,"67.450,-","888,-",https://www.ekris.nl/bmw/p/45130099/bmw-x1-xdrive25e-45130099,Ekris Veenendaal
BMW 2 Serie,Coupé M240i xDrive | High Executive | M Adaptief onderstel | HIFI System Harman Kardon |,2023,8.055 km,Benzine,"67.450,-","918,-",https://www.ekris.nl/bmw/p/45158252/bmw-2-serie-coupe-m240i-xdrive-45158252,Ekris Maastricht
BMW i4,Gran Coupé eDrive35 | M Sport Edition | M Sportpakket | Innovation Pack | Comfort Pack,2025,5 km,Elektrisch,"67.518,-","763,-",https://www.ekris.nl/bmw/p/44431741/bmw-i4-gran-coupe-edrive35-44431741,Ekris Nijkerk
BMW i4,Gran Coupé eDrive35 | M Sport Edition | M Sportpakket | Innovation Pack | Comfort Pack,2025,5 km,Elektrisch,"67.518,-","763,-",https://www.ekris.nl/bmw/p/47011751/bmw-i4-gran-coupe-edrive35-47011751,Ekris Veenendaal
BMW 2 Serie,Active Tourer 225e xDrive | M Sportpakket | Comfort Pack | Travel Pack,2025,5 km,Hybride benzine,"67.590,-","827,-",https://www.ekris.nl/bmw/p/43934021/bmw-2-serie-active-tourer-225e-xdrive-43934021,Ekris Flevoland
BMW X1,xDrive25e M Sportpakket Pro | Premium Pack | Trekkaak,2025,5 km,Hybride benzine,"67.634,-","828,-",https://www.ekris.nl/bmw/p/46828239/bmw-x1-xdrive25e-46828239,Ekris Maastricht
BMW X1,xDrive25e M Sportpakket Pro | Premium Pack | Trekhaak,2025,5 km,Hybride benzine,"67.634,-","828,-",https://www.ekris.nl/bmw/p/46828178/bmw-x1-xdrive25e-46828178,Ekris Heerlen
BMW X1,xDrive25e M Sportpakket Pro | Premium Pack | Trekhaak,2025,5 km,Hybride benzine,"67.634,-","828,-",https://www.ekris.nl/bmw/p/46828025/bmw-x1-xdrive25e-46828025,Ekris Heerenveen
BMW X1,xDrive25e | M Sportpakket Pro | Innovation Pack | Comfort Pack |,2025,6.500 km,Hybride benzine,"67.643,-","890,-",https://www.ekris.nl/bmw/p/43680827/bmw-x1-xdrive25e-43680827,Ekris Groningen
BMW X1,xDrive25e M Sportpakket Pro | Innovation Pack | Travel Pack | Driving Assistant Plus,2025,2.500 km,Hybride benzine,"67.661,-","891,-",https://www.ekris.nl/bmw/p/46302045/bmw-x1-xdrive25e-46302045,Ekris Maastricht
BMW i4,eDrive35 Gran Coupé | Business Edition | Comfort Pack,2025,5 km,Elektrisch,"67.676,-","765,-",https://www.ekris.nl/bmw/p/47012763/bmw-i4-edrive35-gran-coupe-47012763,Ekris Zeist
BMW X2,sDrive20i | Equipment Pack | Comfort Pack,2025,5 km,Benzine,"67.713,-","891,-",https://www.ekris.nl/bmw/p/47012069/bmw-x2-sdrive20i-47012069,Ekris Groningen
BMW X1,xDrive25e M-Sportpakket / Comfortpack / Travelpack / Equipment package Professional,2025,5 km,Hybride benzine,"67.832,-","830,-",https://www.ekris.nl/bmw/p/44670026/bmw-x1-xdrive25e-44670026,Ekris Heerenveen
BMW 5 Serie,Sedan 530i | M-Sportpakket | Laserlicht | Leder | Navigatie | Schuifdak | Trekhaak | DAB | Hifi speakers | Alu 20 inch,2024,53.000 km,Benzine,"67.900,-","925,-",https://www.ekris.nl/bmw/p/46805604/bmw-5-serie-sedan-530i-46805604,Ekris Heerenveen
BMW Z4,Roadster sDrive20i M Sport Plus Pack | 19'' LMV Jet Black | Harman Kardon Audio | Active Cruise Control,2025,5.634 km,Benzine,"67.900,-","894,-",https://www.ekris.nl/bmw/p/42859564/bmw-z4-roadster-sdrive20i-42859564,Ekris Maastricht
BMW 3 Serie,Touring M340i xDrive | Innovationspakket | Parking Assistant | Verwarmd Stuurwiel | Comfort Access | Achteruitrijcamera | Harman Kardon | Panoramadak | Head-Up Display | 19'' | Trekhaak,2022,56.800 km,Benzine,"67.900,-","925,-",https://www.ekris.nl/bmw/p/46540094/bmw-3-serie-touring-m340i-xdrive-46540094,Ekris Arnhem
BMW X1,xDrive30e M-Sportpakket Pro/ stoelen-pakket/ Comfort-Pack/ Stuurwiel verwarming/ cruise control adaptief,2025,2.712 km,Hybride benzine,"67.900,-","894,-",https://www.ekris.nl/bmw/p/43719966/bmw-x1-xdrive30e-43719966,Ekris Flevoland
BMW 5 Serie,Touring 530e | M Sport Edition | M Sportpakket | Travel Pack | Comfort Pack | Driving Assistant Plus,2025,16.000 km,Hybride benzine,"67.900,-","894,-",https://www.ekris.nl/bmw/p/42758800/bmw-5-serie-touring-530e-42758800,Ekris Zeist
BMW 5 Serie,Sedan 530e | M-Sportpakket | LED | Navigatie | Sportstoelen | Chrome line | Active cruise | DAB | Bowers @ Wilkins sound | Alu 20 inch,2025,13.000 km,Hybride benzine,"67.900,-","894,-",https://www.ekris.nl/bmw/p/46970270/bmw-5-serie-sedan-530e-46970270,Ekris Heerenveen
BMW iX,xDrive40 Sportpakket | Driving Assistant Professional,2024,30.589 km,Elektrisch,"67.950,-","801,-",https://www.ekris.nl/bmw/p/42410454/bmw-ix-xdrive40-42410454,Ekris Heerlen
BMW X1,xDrive23i | xLine | Innovation Pack | Comfort Pack,2025,5.600 km,Benzine,"67.950,-","894,-",https://www.ekris.nl/bmw/p/46101477/bmw-x1-xdrive23i-46101477,Ekris Heerlen
BMW X3,xDrive30e High Executive M Sportpakket/ 20''LMV/ Comfort Access/ panoramadak/ Sportstoelen/ Harman Kardon/ Stoelverwarming/ Active Cruise Control/ Head-Up,2024,23.601 km,Hybride benzine,"67.950,-","925,-",https://www.ekris.nl/bmw/p/46204918/bmw-x3-xdrive30e-high-executive-46204918,Ekris Flevoland
BMW iX,xDrive50 Sportpakket | 22 inch LM Aerodynamic | Stoelventilatie voor beide voorstoelen | Driving Assistant | BMW Laserlight | Parking Assistant Professional,2023,36.980 km,Elektrisch,"67.950,-","801,-",https://www.ekris.nl/bmw/p/45262534/bmw-ix-xdrive50-45262534,Ekris Zeist
BMW X1,xDrive25e | M Sport Package Pro | Equipment Package | Comfort Pack | Travel Package,2025,5 km,Hybride benzine,"67.975,-","832,-",https://www.ekris.nl/bmw/p/46059191/bmw-x1-xdrive25e-46059191,Ekris Utrecht
BMW 5 Serie,Touring 530e | M Sportpakket | Travel Pack | Elektrische Trekhaak | Driving Assistant Plus | Comfort Acces,2025,25.981 km,Hybride benzine,"67.995,-","895,-",https://www.ekris.nl/bmw/p/42712075/bmw-5-serie-touring-530e-42712075,Ekris Arnhem
BMW X1,xDrive25e Premium Pack | Comfort Pack | Travel Pack | Elektr. Trekhaak,2025,2.500 km,Hybride benzine,"68.006,-","895,-",https://www.ekris.nl/bmw/p/46279291/bmw-x1-xdrive25e-46279291,Ekris Maastricht
BMW X1,xDrive25e M-Sportpakket | Panoramadak |Elektr. verst. voorstoelen | Getint Glas,2025,7.390 km,Hybride benzine,"68.124,-","897,-",https://www.ekris.nl/bmw/p/45995846/bmw-x1-xdrive25e-45995846,Ekris Assen
BMW 2 Serie,218i Coupé | M Sportpakket Pro | Premium Pack,2025,5 km,Benzine,"68.287,-","899,-",https://www.ekris.nl/bmw/p/45187235/bmw-2-serie-218i-coupe-45187235,Ekris Veenendaal
BMW X1,xDrive25e xLine | Equipment Pack Pro | Comfort Pack | Travel Pack,2025,5 km,Hybride benzine,"68.453,-","838,-",https://www.ekris.nl/bmw/p/45493422/bmw-x1-xdrive25e-45493422,Ekris Veenendaal
BMW i4,Gran Coupé eDrive35 | M Sport Edition | M Sportpakket | Innovation Pack | Comfort Pack,2025,5 km,Elektrisch,"68.468,-","774,-",https://www.ekris.nl/bmw/p/44431779/bmw-i4-gran-coupe-edrive35-44431779,Ekris Arnhem
BMW X1,xDrive25e M Sportpakket Pro/ Harman-Kardon/ Elektrische Trekhaak/ Head-Up/ Comfort Access/ Panoramadak/ Elektische stoelen/ Stoelverwarming,2025,1.736 km,Hybride benzine,"68.484,-","901,-",https://www.ekris.nl/bmw/p/45851500/bmw-x1-xdrive25e-45851500,Ekris Flevoland
BMW X1,xDrive30e | M Sportpakket | Equipment Pack | Comfort Pack,2025,5 km,Hybride benzine,"68.616,-","840,-",https://www.ekris.nl/bmw/p/46625463/bmw-x1-xdrive30e-46625463,Ekris Veenendaal
BMW X1,xDrive25e M-Sportpakket Pro / Comfort Pack / Travel Pack,2025,5 km,Hybride benzine,"68.677,-","840,-",https://www.ekris.nl/bmw/p/44678883/bmw-x1-xdrive25e-44678883,Ekris Heerenveen
BMW i4,eDrive35 M Sport Edition | M Sportpakket | Innovation Pack | Comfort Pack,2025,9.500 km,Elektrisch,"68.813,-","778,-",https://www.ekris.nl/bmw/p/41841930/bmw-i4-edrive35-41841930,Ekris Maastricht
BMW 4 Serie,"Cabrio M440i xDrive M Sportpakket | Laserlicht | Stuurwielverwarming | Nekverwarmer | Head-Up Display | 19""",2022,40.400 km,Benzine,"68.850,-","938,-",https://www.ekris.nl/bmw/p/46100420/bmw-4-serie-cabrio-m440i-xdrive-46100420,Ekris Utrecht
BMW X1,xDrive25e | M Sport Package Pro | Equipment Package | Comfort Pack | Travel Package,2025,5 km,Hybride benzine,"68.887,-","843,-",https://www.ekris.nl/bmw/p/46041663/bmw-x1-xdrive25e-46041663,Ekris Groningen
BMW 5 Serie,Touring 530e | M Sportpakket | Travel Pack | Verwarmd Stuurwiel | Harman-Kardon | Elektrisch Verwarmde Voorstoelen | 20'',2025,12.845 km,Hybride benzine,"68.895,-","907,-",https://www.ekris.nl/bmw/p/43431100/bmw-5-serie-touring-530e-43431100,Ekris Arnhem
BMW 5 Serie,Touring 530e M Sportpakket 19'' / Panoramadak / Harman Kardon / Trekhaak / Comfort Acces,2025,1.261 km,Hybride benzine,"68.900,-","907,-",https://www.ekris.nl/bmw/p/43901754/bmw-5-serie-touring-530e-43901754,Ekris Veenendaal
BMW 7 Serie,745e High Executive | M-Sportpakket | Co-Pilot | Bowers & Wilkins | Active Steering | Massage | Stoelkoeling V+A | Panoramadak | Soft Close | Head-Up | Comfort Access | Laserlight |,2021,38.205 km,Hybride benzine,"68.900,-","938,-",https://www.ekris.nl/bmw/p/46602720/bmw-7-serie-745e-high-executive-46602720,Ekris Groningen
BMW 3 Serie,330e Sedan | M Sportpakket Pro | Comfort Pack,2025,5 km,Hybride benzine,"68.944,-","844,-",https://www.ekris.nl/bmw/p/46624540/bmw-3-serie-330e-sedan-46624540,Ekris Flevoland
BMW 5 Serie,Sedan 520i M Sportpakket | Innovation Pack | Travel Pack | Comfort Pack | Adaptief onderstel professional | Comfortstoelen | Stoelventilatie | Driving Assistant Professional | Harman Kardon | 20'',2025,5.124 km,Benzine,"68.950,-","908,-",https://www.ekris.nl/bmw/p/42712162/bmw-5-serie-sedan-520i-42712162,Ekris Utrecht
BMW 3 Serie,330e Sedan | M Sportpakket | Comfort Pack,2025,5 km,Hybride benzine,"68.953,-","844,-",https://www.ekris.nl/bmw/p/46129560/bmw-3-serie-330e-sedan-46129560,Ekris Utrecht
BMW i4,eDrive40 84 kWh M Sportpakket/ Comfort Access/ Achteruitrijcamera/ Elektrische Stoelen/ Stoelverwarming/ Harman-Kardon/ Active Cruise Control,2025,1.000 km,Elektrisch,"68.961,-","779,-",https://www.ekris.nl/bmw/p/45759287/bmw-i4-edrive40-84-kwh-45759287,Ekris Flevoland
BMW iX,xDrive50 | High Executive | Sportpakket | Comfort Access | Soft Close | Sky Lounge | Stoelventilatie | Harman Kardon | Trekhaak,2023,80.380 km,Elektrisch,"68.995,-","814,-",https://www.ekris.nl/bmw/p/45877849/bmw-ix-xdrive50-45877849,Ekris Arnhem
BMW X1,"xDrive25e M Sportpakket Pro | Innovation Pack | Comfort Pack | Travel Pack | Panoramadak | Head-Up Display | 19""",2025,4.125 km,Hybride benzine,"68.995,-","908,-",https://www.ekris.nl/bmw/p/45824641/bmw-x1-xdrive25e-45824641,Ekris Utrecht
BMW 5 Serie,Sedan 520i | M Sportpakket | Innovation Pack | Travel Pack | Comfort Pack - Hi Five,2025,13.800 km,Benzine,"68.995,-","908,-",https://www.ekris.nl/bmw/p/39038545/bmw-5-serie-sedan-520i-39038545,Ekris Arnhem
BMW i4,eDrive35 M sportpakket Pro Schuif-/kanteldak / Comfort Access / Active Cruise Control / Stuur-stoelverwarming,2025,10.614 km,Elektrisch,"69.450,-","785,-",https://www.ekris.nl/bmw/p/45131476/bmw-i4-edrive35-45131476,Ekris Veenendaal
BMW i4,eDrive35 | M Sport Edition | M Sportpakket Pro | Comfort Pack,2025,5 km,Elektrisch,"69.536,-","786,-",https://www.ekris.nl/bmw/p/44480737/bmw-i4-edrive35-m-sport-edition-44480737,Ekris Maastricht
BMW X1,xDrive25e | M Sportpakket Pro | Innovation Pack | Comfort Pack | Travel Pack,2025,5 km,Hybride benzine,"69.560,-","851,-",https://www.ekris.nl/bmw/p/45169924/bmw-x1-xdrive25e-45169924,Ekris Arnhem
BMW 3 Serie,Sedan 330e | M Sportpakket Pro | Comfort Pack,2025,5 km,Hybride benzine,"69.590,-","851,-",https://www.ekris.nl/bmw/p/46846609/bmw-3-serie-sedan-330e-46846609,Ekris Flevoland
BMW iX1,xDrive30 M Sport Edition | M Sportpakket Pro | Premium Pack | Travel Pack,2025,5 km,Elektrisch,"69.621,-","787,-",https://www.ekris.nl/bmw/p/46668769/bmw-ix1-xdrive30-46668769,Ekris Heerenveen
BMW X1,sDrive18i M Sportpakket Pro | Premium Pack | Travel Pack,2025,5 km,Benzine,"69.623,-","916,-",https://www.ekris.nl/bmw/p/46669752/bmw-x1-sdrive18i-46669752,Ekris Arnhem
BMW 3 Serie,Touring 330e M Sportpakket Pro | Artic Race Blue | 19'' LMV | Comfort Access,2025,2.500 km,Hybride benzine,"69.651,-","917,-",https://www.ekris.nl/bmw/p/46302134/bmw-3-serie-touring-330e-46302134,Ekris Maastricht
BMW i4,eDrive40 | M Sport Edition | M Sportpakket | Comfort Pack,2025,5 km,Elektrisch,"69.690,-","788,-",https://www.ekris.nl/bmw/p/46625509/bmw-i4-edrive40-46625509,Ekris Arnhem
BMW X5,xDrive45e High Executive M-Sportpakket/ Driving Assistant Plus/ Elektrische Trekhaak/ Panoramadak/ Luchtvering,2022,70.410 km,Hybride benzine,"69.695,-","949,-",https://www.ekris.nl/bmw/p/43733226/bmw-x5-xdrive45e-high-executive-43733226,Ekris Flevoland
BMW 2 Serie,Coupé 220i | M Sportpakket Pro | Premium Pack,2025,5 km,Benzine,"69.829,-","919,-",https://www.ekris.nl/bmw/p/44431101/bmw-2-serie-coupe-220i-44431101,Ekris Maastricht
BMW iX,xDrive50 | High Executive | Sportpakket | Comfort Access | 22 inch | Glazen panoramadak Sky Lounge | Trekhaak,2023,36.498 km,Elektrisch,"69.850,-","824,-",https://www.ekris.nl/bmw/p/42453278/bmw-ix-xdrive50-42453278,Ekris Arnhem
BMW i5,eDrive40 | M Sport Package Pro | Travel Package,2025,10.000 km,Elektrisch,"69.900,-","920,-",https://www.ekris.nl/bmw/p/43619507/bmw-i5-edrive40-43619507,Ekris Groningen
BMW 4 Serie,Cabrio M440i xDrive High Executive | 19inch | M-Sportpakket,2022,30.799 km,Benzine,"69.900,-","952,-",https://www.ekris.nl/bmw/p/43314188/bmw-4-serie-cabrio-m440i-xdrive-high-executive-43314188,Ekris Groningen
BMW X5,xDrive45e High Executive | M Sportpakket | Panorama Dak | Driving Assistant Plus,2022,53.000 km,Hybride benzine,"69.900,-","952,-",https://www.ekris.nl/bmw/p/46199528/bmw-x5-xdrive45e-high-executive-46199528,Ekris Heerlen
BMW 5 Serie,Touring 530d | M-Sportpakket | Laserlicht | Leder | HUD | Schuifdak | Standkachel | Comfortzetels | DAB | Hifi speakers | Alu 20 inch,2024,17.000 km,Diesel,"69.900,-","952,-",https://www.ekris.nl/bmw/p/41411954/bmw-5-serie-touring-530d-41411954,Ekris Heerenveen
BMW X1,M35i | M Sport | Innovation Pack | Head-Up | Harman Kardon | Elektr. Stoelen | Parking Assistant Plus | Comfort Acces | Stuurwielverwarming | 19'' LMV,2024,40.000 km,Benzine,"69.900,-","952,-",https://www.ekris.nl/bmw/p/46447784/bmw-x1-m35i-46447784,Ekris Nijkerk
BMW 5 Serie,Touring 530e M Sport Edition | Trekhaak | Comfort Access | 19inch |,2025,9.500 km,Hybride benzine,"69.900,-","920,-",https://www.ekris.nl/bmw/p/43792729/bmw-5-serie-touring-530e-m-sport-edition-43792729,Ekris Groningen
BMW 1 Serie,5-deurs M135 xDrive | Innovation Pack | Stoelen-Pack,2025,26.549 km,Benzine,"69.900,-","920,-",https://www.ekris.nl/bmw/p/47062701/bmw-1-serie-5-deurs-m135-xdrive-47062701,Ekris Maastricht
BMW 5 Serie,Touring 530e | M Sport Edition | M Sportpakket Pro | Travel Pack,2025,14.896 km,Hybride benzine,"69.900,-","920,-",https://www.ekris.nl/bmw/p/43331404/bmw-5-serie-touring-530e-43331404,Ekris Assen
BMW 5 Serie,Touring 520d | M-Sportpakket | LED | HUD | Trekhaak | Panoramadak | Elektr. zetels | Keyles go | DAB | Harman-kardon sound | Alu 20 inch,2024,29.000 km,Diesel,"69.900,-","952,-",https://www.ekris.nl/bmw/p/41885884/bmw-5-serie-touring-520d-41885884,Ekris Heerenveen
BMW X3,xDrive20d | M-Sportpakket | Laserlicht | HUD | Schuifdak | Trekhaak | Elektr. zetels | Active cruise | DAB | Hifi speakers | Alu 20 inch,2024,19.000 km,Diesel,"69.900,-","952,-",https://www.ekris.nl/bmw/p/43449135/bmw-x3-xdrive20d-43449135,Ekris Heerenveen
BMW X5,xDrive45e | High Executive | M Sportpakket | Panodak | Head-Up | Driving Assistant | Adaptive Cruise Control | Hi-Fi | Laserlight | Comfort Access | 21'' LMV,2022,65.000 km,Hybride benzine,"69.900,-","952,-",https://www.ekris.nl/bmw/p/47107715/bmw-x5-xdrive45e-47107715,Ekris Nijkerk
BMW 4 Serie,Cabrio M440i xDrive | Innovationspakket | Parking Assistant Plus | Verwarmd Stuurwiel | Comfort Access | Head-Up Display | 19'',2022,38.800 km,Benzine,"69.900,-","952,-",https://www.ekris.nl/bmw/p/46072204/bmw-4-serie-cabrio-m440i-xdrive-46072204,Ekris Arnhem
BMW i5,Sedan xDrive40 BMW i5 Sedan eDrive40 | M Sportpakket | Travel Pack | 4x4 aandrijving,2025,13.795 km,Elektrisch,"69.900,-","920,-",https://www.ekris.nl/bmw/p/43736646/bmw-i5-sedan-xdrive40-43736646,Ekris Assen
BMW i4,eDrive40 M Sport Edition 18'' / Comfort Access / Driving Assistant / HiFi System,2025,12.576 km,Elektrisch,"69.950,-","791,-",https://www.ekris.nl/bmw/p/44746191/bmw-i4-edrive40-44746191,Ekris Veenendaal
BMW i4,eDrive35 | M Sport Edition | M Sportpakket | Innovation Pack | Comfort Pack,2025,5 km,Elektrisch,"70.069,-","792,-",https://www.ekris.nl/bmw/p/45358355/bmw-i4-edrive35-m-sport-edition-45358355,Ekris Flevoland
BMW 1 Serie,123 xDrive 5-deurs | M Sportpakket Pro | Innovation Pack,2025,5 km,Benzine,"70.216,-","924,-",https://www.ekris.nl/bmw/p/43653453/bmw-1-serie-123-xdrive-5-deurs-43653453,Ekris Nijkerk
BMW X1,sDrive18i | M Sportpakket Pro | Premium Pack | Travel Pack,2025,5 km,Benzine,"70.371,-","926,-",https://www.ekris.nl/bmw/p/46673099/bmw-x1-sdrive18i-46673099,Ekris Groningen
BMW i4,eDrive35 | M Sport Edition | M Sportpakket Pro | Comfort Pack,2025,5 km,Elektrisch,"70.444,-","796,-",https://www.ekris.nl/bmw/p/43676239/bmw-i4-edrive35-m-sport-edition-43676239,Ekris Flevoland
BMW X1,sDrive18i | M Sportpakket Pro | Premium Pack | Travel Pack,2025,5 km,Benzine,"70.676,-","930,-",https://www.ekris.nl/bmw/p/46955740/bmw-x1-sdrive18i-46955740,Ekris Arnhem
BMW i4,eDrive35 | M Sport Edition | M Sportpakket | Innovation Pack | Comfort Pack,2025,5 km,Elektrisch,"70.802,-","883,-",https://www.ekris.nl/bmw/p/46625290/bmw-i4-edrive35-46625290,Ekris Groningen
BMW iX1,xDrive30 | M Sport Edition | M Sportpakket Pro | Innovation Pack | Comfort Pack | Travel Pack,2025,5 km,Elektrisch,"71.023,-","803,-",https://www.ekris.nl/bmw/p/47012995/bmw-ix1-xdrive30-47012995,Ekris Utrecht
BMW X1,xDrive30e M Sport Package Pro | Equipment Package | Travel Package,2025,5 km,Hybride benzine,"71.219,-","871,-",https://www.ekris.nl/bmw/p/46972008/bmw-x1-xdrive30e-46972008,Ekris Arnhem
BMW X3,xDrive30e | M Sportpakket | Live Cockpit Professional | Driving Assistant Professional,2024,17.740 km,Hybride benzine,"71.450,-","973,-",https://www.ekris.nl/bmw/p/43619986/bmw-x3-xdrive30e-43619986,Ekris Heerlen
BMW X2,sDrive20i | M Sportpakket Pro | Comfort Pakket | Innovation Pakket,2025,5 km,Benzine,"71.546,-","942,-",https://www.ekris.nl/bmw/p/46668614/bmw-x2-46668614,Ekris Assen
BMW i4,eDrive40 | M Sport Edition | M Sportpakket | Innovation Pack | Comfort Pack,2025,5 km,Elektrisch,"71.682,-","810,-",https://www.ekris.nl/bmw/p/46899552/bmw-i4-edrive40-46899552,Ekris Zeist
BMW X1,xDrive25e | M Sportpakket | M Sportpakket Pro | Equipment Pack Pro | Comfort Pack | Travel Pack,2025,5 km,Hybride benzine,"71.697,-","877,-",https://www.ekris.nl/bmw/p/45493229/bmw-x1-xdrive25e-45493229,Ekris Veenendaal
BMW X2,sDrive20i M Sportpakket Pro | Comfort Pack | Innovation Pack,2025,5 km,Benzine,"71.848,-","946,-",https://www.ekris.nl/bmw/p/46668640/bmw-x2-sdrive20i-46668640,Ekris Heerenveen
BMW 5 Serie,"Touring 520d M Sportpakket | Innovation Pack | Travel Pack | Comfort Pack | Trekhaak | Harman-Kardon | 19""",2024,36.770 km,Diesel,"71.900,-","979,-",https://www.ekris.nl/bmw/p/45957887/bmw-5-serie-touring-520d-45957887,Ekris Utrecht
BMW X3,xDrive20i | M-Sportpakket | LED | Leder | HUD | Schuifdak | Elektr. zetels | Keyles go | DAB | Harman-kardon sound | Alu 20 inch,2024,26.400 km,Benzine,"71.900,-","979,-",https://www.ekris.nl/bmw/p/46256834/bmw-x3-xdrive20i-46256834,Ekris Heerenveen
BMW i5,eDrive40 | M Sportpakket Pro | Comfort Pack | Driving Assistant Plus | Bowers & Wilkins | Iconic Glow | 20'' LMV,2025,14.256 km,Elektrisch,"71.900,-","813,-",https://www.ekris.nl/bmw/p/42258417/bmw-i5-edrive40-42258417,Ekris Nijkerk
BMW X5,xDrive45e | High Executive | M Sportpakket | Innovationspakket | Comfort Access | Panoramadak | Stoelverwarming | Head-Up Display | 21'',2022,58.700 km,Hybride benzine,"71.900,-","979,-",https://www.ekris.nl/bmw/p/46996716/bmw-x5-xdrive45e-46996716,Ekris Arnhem
BMW 3 Serie,Sedan 330e M Sportpakket Pro | Comfort Pack | Stuurwielrand Verwarmd | Trekhaak | Schuifdak | Elektrisch Verstelbare Sportstoelen | Active Cruise Control | Harman Kardon | 19'',2025,3.123 km,Hybride benzine,"71.950,-","947,-",https://www.ekris.nl/bmw/p/46451944/bmw-3-serie-sedan-330e-46451944,Ekris Utrecht
BMW X3,xDrive30d M Sportpakket | Innovation Pack | Panoramadak | Laserlight | HIFI | Head-Up Display |,2023,30.600 km,Diesel,"71.950,-","980,-",https://www.ekris.nl/bmw/p/43721509/bmw-x3-xdrive30d-43721509,Ekris Utrecht
BMW i4,eDrive40 | M Sport Edition | M Sportpakket Pro | Comfort Pack,2025,5 km,Elektrisch,"72.017,-","814,-",https://www.ekris.nl/bmw/p/47011846/bmw-i4-edrive40-47011846,Ekris Heerenveen
BMW iX1,xDrive30 | M Sport Edition | M Sportpakket | Premium Pack | Comfort Pack | Travel Pack,2025,5 km,Elektrisch,"72.091,-","815,-",https://www.ekris.nl/bmw/p/45161998/bmw-ix1-xdrive30-m-sport-edition-45161998,Ekris Flevoland
BMW 2 Serie,223 xDrive Gran Coupé | M Sportpakket Pro | Innovation Pack,2025,5 km,Benzine,"72.122,-","949,-",https://www.ekris.nl/bmw/p/46673143/bmw-2-serie-223-xdrive-gran-coupe-46673143,Ekris Arnhem
BMW X2,"sDrive20i M Sport Pro Pakket/ Innovation Pack/ 20""LMV/ Comfort Access/ Elektrische Trekhaak/ panoramadak",2025,3.322 km,Benzine,"72.172,-","950,-",https://www.ekris.nl/bmw/p/45357541/bmw-x2-sdrive20i-45357541,Ekris Flevoland
BMW i4,eDrive40 Gran Coupé | M Sport Edition | M Sportpakket | Innovation Pack | Comfort Pack,2025,5 km,Elektrisch,"72.263,-","901,-",https://www.ekris.nl/bmw/p/46955929/bmw-i4-edrive40-gran-coupe-46955929,Ekris Groningen
BMW X1,xDrive25e | Individual Lak | M Sportpakket Pro | Trekhaak | Comfort Pack | Panoramadak,2025,5 km,Hybride benzine,"72.276,-","884,-",https://www.ekris.nl/bmw/p/46972259/bmw-x1-46972259,Ekris Zeist
BMW i4,Gran Coupé eDrive35 | M Sport Edition | M Sportpakket Pro | Comfort Pack,2025,0 km,Elektrisch,"72.322,-","817,-",https://www.ekris.nl/bmw/p/40908565/bmw-i4-gran-coupe-40908565,Ekris Arnhem
BMW X1,xDrive30e | M Sportpakket Pro | Innovation Pack | Comfort Pack,2025,5 km,Hybride benzine,"72.376,-","886,-",https://www.ekris.nl/bmw/p/46972023/bmw-x1-xdrive30e-46972023,Ekris Groningen
BMW i4,M50 xDrive | High Executive | M Sportpakket Pro | Personal CoPilot Pack | Safety Pack,2025,10.945 km,Elektrisch,"72.450,-","954,-",https://www.ekris.nl/bmw/p/43736943/bmw-i4-m50-xdrive-43736943,Ekris Assen
BMW 3 Serie,Touring 330e M Sport Package Pro | Innovation Pack | Comfort Pack,2025,5 km,Hybride benzine,"72.461,-","887,-",https://www.ekris.nl/bmw/p/46830052/bmw-3-serie-touring-330e-46830052,Ekris Veenendaal
BMW 3-serie,330e | M-Sport pakket | Panoramadak | Adaptive Cruise | HiFi | Comfort Access |,2025,15 km,Hybride benzine,"72.471,-","887,-",https://www.ekris.nl/bmw/p/46645157/bmw-3-serie-330e-46645157,Ekris Groningen
BMW X2,sDrive20i M Sportpakket Pro | Innovation Pack | Comfort Pack | Trekhaak,2025,5 km,Benzine,"72.596,-","956,-",https://www.ekris.nl/bmw/p/46668718/bmw-x2-sdrive20i-46668718,Ekris Nijkerk
BMW X2,sDrive20i M Sportpakket Pro | Innovation Pack | Comfort Pack,2025,5 km,Benzine,"72.596,-","956,-",https://www.ekris.nl/bmw/p/46668681/bmw-x2-sdrive20i-46668681,Ekris Zeist
BMW 3 Serie,330e Sedan | M Sportpakket Pro | Innovation Pack | Comfort Pack,2025,5 km,Hybride benzine,"72.608,-","888,-",https://www.ekris.nl/bmw/p/46672502/bmw-3-serie-330e-sedan-46672502,Ekris Arnhem
BMW X1,xDrive25e | M Sportpakket Pro | Innovation Pack | Comfort Pack | Travel Pack,2025,5 km,Hybride benzine,"72.700,-","889,-",https://www.ekris.nl/bmw/p/45492941/bmw-x1-xdrive25e-45492941,Ekris Veenendaal
BMW i4,Gran Coupé eDrive35 | M Sport Edition | M Sportpakket Pro | Innovation Pack | Comfort Pack,2025,5 km,Elektrisch,"72.744,-","907,-",https://www.ekris.nl/bmw/p/44431623/bmw-i4-gran-coupe-edrive35-44431623,Ekris Assen
BMW 2 Serie,Coupé 218i | M Sportpakket | Innovation Pack | Comfort Pack,2025,5 km,Benzine,"72.825,-","959,-",https://www.ekris.nl/bmw/p/42945511/bmw-2-serie-coupe-218i-42945511,Ekris Heerlen
BMW 3 Serie,330e Sedan | M Sportpakket Pro | Innovation Pack | Comfort Pack,2025,5 km,Hybride benzine,"72.855,-","891,-",https://www.ekris.nl/bmw/p/44926069/bmw-3-serie-330e-sedan-44926069,Ekris Groningen
BMW i4,eDrive40 | M Sport Edition | M Sportpakket Pro | Comfort Pack,2025,5 km,Elektrisch,"72.899,-","824,-",https://www.ekris.nl/bmw/p/46628937/bmw-i4-edrive40-46628937,Ekris Heerlen
BMW 5 Serie,Touring 540i xDrive | M-Sportpakket | Laserlicht | Leder | HUD | Sportstoelen | Keyles go | DAB | Hifi speakers | Alu 19 inch,2023,22.000 km,Benzine,"72.900,-","993,-",https://www.ekris.nl/bmw/p/43781598/bmw-5-serie-touring-540i-xdrive-43781598,Ekris Heerenveen
BMW X5,xDrive45e High Executive | M-Sportpakket | Trekhaak | Driving Assistant Plus | Comfort Acces |,2023,79.153 km,Hybride benzine,"72.900,-","993,-",https://www.ekris.nl/bmw/p/45214596/bmw-x5-xdrive45e-high-executive-45214596,Ekris Groningen
BMW X3,M40i xDrive High Executive 21'' / Laserlight / Panoramadak / Trekhaak,2022,72.191 km,Benzine,"72.900,-","993,-",https://www.ekris.nl/bmw/p/46257733/bmw-x3-m40i-xdrive-46257733,Ekris Veenendaal
BMW 4 Serie,Gran Coupé M440i xDrive | High Executive | M Sportpakket Pro | Panodak | Trekhaak | Driving Assistant Prof. | Stoelventilatie | Harman Kardon | Head-Up | Parking Assistant Plus | 20'' LMV,2023,29.205 km,Benzine,"72.900,-","993,-",https://www.ekris.nl/bmw/p/46987437/bmw-4-serie-gran-coupe-m440i-xdrive-46987437,Ekris Nijkerk
BMW 8 Serie,Cabrio 840i M Sportpakket 20'' / Active Steering / Soft Close / Laserlicht / Warmte Comfortpakket voor,2020,59.163 km,Benzine,"72.950,-","993,-",https://www.ekris.nl/bmw/p/44753846/bmw-8-serie-cabrio-840i-44753846,Ekris Veenendaal
BMW X3,"xDrive20d M Sportpakket | Innovation Pack | Trekhaak | Panoramadak | Head- Up Display | Laserlight | 20""",2024,11.838 km,Diesel,"72.950,-","993,-",https://www.ekris.nl/bmw/p/44433459/bmw-x3-xdrive20d-44433459,Ekris Utrecht
BMW i4,eDrive40 | M Sport Edition | M Sportpakket | Innovation Pack | Comfort Pack,2025,5 km,Elektrisch,"72.963,-","825,-",https://www.ekris.nl/bmw/p/46629244/bmw-i4-edrive40-46629244,Ekris Nijkerk
BMW 3 Serie,Touring 330e M Sportpakket | Innovation Pack | Comfort Pack | Stuurwielrand Verwarmd | Trekhaak | Panoramadak | Driving Assistant Professional | HiFi | 18'',2025,3.958 km,Hybride benzine,"72.995,-","961,-",https://www.ekris.nl/bmw/p/46451769/bmw-3-serie-touring-330e-46451769,Ekris Utrecht
BMW X3,30e xDrive | Innovation Pack,2025,5 km,Hybride benzine,"73.089,-","894,-",https://www.ekris.nl/bmw/p/46759933/bmw-x3-30e-xdrive-46759933,Ekris Flevoland
BMW 3 Serie,Touring 330e M Sport Package Pro | Innovation Pack | Comfort Pack,2025,5 km,Hybride benzine,"73.162,-","895,-",https://www.ekris.nl/bmw/p/46829348/bmw-3-serie-touring-330e-46829348,Ekris Veenendaal
BMW 2 Serie,Coupé 220i M Sportpakket Pro 19'' / Schuif-/kanteldak / Harman Kardon / Stuur-stoelverwarming / M Sportremsysteem,2025,10.632 km,Benzine,"73.350,-","965,-",https://www.ekris.nl/bmw/p/45131408/bmw-2-serie-coupe-220i-45131408,Ekris Veenendaal
BMW iX1,xDrive30 | M Sport Edition | M Sportpakket Pro | Innovation Pack | Travel Pack | Comfort Pack,2025,5 km,Elektrisch,"73.484,-","916,-",https://www.ekris.nl/bmw/p/45159028/bmw-ix1-xdrive30-m-sport-edition-45159028,Ekris Assen
BMW 3 Serie,Touring 320e | M Sportpakket | Innovation Pack | Stuurwielrand Verwarmd | Trekhaak | Glazen Panoramadak | Sportstoelen,2025,8.468 km,Hybride benzine,"73.500,-","967,-",https://www.ekris.nl/bmw/p/43360347/bmw-3-serie-touring-320e-43360347,Ekris Arnhem
BMW i4,eDrive35 | M Sport Edition | M Sportpakket Pro | Innovation Pack | Comfort Pack,2025,5 km,Elektrisch,"73.652,-","832,-",https://www.ekris.nl/bmw/p/45289050/bmw-i4-edrive35-m-sport-edition-45289050,Ekris Veenendaal
BMW X1,xDrive30e M Sport Package Pro | Equipment Package Pro | Comfort Pack | Travel Pack,2025,5 km,Hybride benzine,"73.666,-","901,-",https://www.ekris.nl/bmw/p/46829091/bmw-x1-xdrive30e-46829091,Ekris Veenendaal
BMW 3 Serie,330e Touring | M Sportpakket Pro | Comfort Pack | Innovation Pack,2025,0 km,Hybride benzine,"73.711,-","902,-",https://www.ekris.nl/bmw/p/46899440/bmw-3-serie-330e-touring-46899440,Ekris Utrecht
BMW X2,sDrive20i | M Sportpakket Pro | Innovation Pack,2025,5 km,Benzine,"73.753,-","971,-",https://www.ekris.nl/bmw/p/46129761/bmw-x2-sdrive20i-46129761,Ekris Veenendaal
BMW 2 Serie,220i Coupé | M Sportpakket Pro | Innovation Pack | Premium Pack,2025,5 km,Benzine,"73.805,-","971,-",https://www.ekris.nl/bmw/p/44482974/bmw-2-serie-220i-coupe-44482974,Ekris Maastricht
BMW 2 Serie,Coupé 220i | M Sportpakket Pro | Innovation Pack | Premium Pack,2025,5 km,Benzine,"73.887,-","973,-",https://www.ekris.nl/bmw/p/46129472/bmw-2-serie-coupe-220i-46129472,Ekris Heerlen
BMW iX3,High Executive Edition Parking Pack | Safety Pack | Shadow Line Pack | High Executive,2025,9.332 km,Elektrisch,"73.900,-","835,-",https://www.ekris.nl/bmw/p/39854902/bmw-ix3-high-executive-edition-39854902,Ekris Veenendaal
BMW 8 Serie,Cabrio 840i High Executive M Sportpakket 20'' / CoPilot Pack / Soft Close,2021,109.231 km,Benzine,"73.900,-","1.006,-",https://www.ekris.nl/bmw/p/39055959/bmw-8-serie-cabrio-840i-39055959,Ekris Veenendaal
BMW 8 Serie,Gran Coupé 840i xDrive High Executive | M Sportpakket | Active Steering | Glazen panoramadak,2022,56.135 km,Benzine,"73.900,-","1.006,-",https://www.ekris.nl/bmw/p/42128536/bmw-8-serie-gran-coupe-840i-xdrive-42128536,Ekris Maastricht
BMW i5,Touring eDrive40 | M Sportpakket Pro | Innovation Pack | Travel Pack | Comfort Pack | Stuurwielrand Verwarmd | Comfort Access | Trekhaak | Panoramadak | Driving Assistant Professional | Bowers & Wilkins | 20'',2024,17.410 km,Elektrisch,"73.900,-","872,-",https://www.ekris.nl/bmw/p/41055010/bmw-i5-touring-41055010,Ekris Utrecht
BMW iX1,xDrive30 M Sportpakket Pro 20'' / Panoramadak / Elektrisch verstelbare stoelen / Harman Kardon / Head-Up Display,2025,3.200 km,Elektrisch,"73.950,-","836,-",https://www.ekris.nl/bmw/p/46417888/bmw-ix1-xdrive30-46417888,Ekris Veenendaal
BMW iX,"xDrive50 Executive 112 kWh Sportpakket/ 22"" LMV/ Stoelventilatie/ Stoelverwarming/ Elektrische Stoelen/ Achteruitrij camera",2024,12.398 km,Elektrisch,"73.950,-","872,-",https://www.ekris.nl/bmw/p/45465741/bmw-ix-xdrive50-executive-112-kwh-45465741,Ekris Flevoland
BMW X4 M Competition,High Executive Head up display/ Panoramadak elektrisch/ Driving Assistant Plus/ Comfort Access/ Harman/Kardon Surround Sound systeem,2020,42.600 km,Benzine,"73.950,-","1.007,-",https://www.ekris.nl/bmw/p/44282347/bmw-x4-m-competition-high-executive-44282347,Ekris Flevoland
BMW iX2,xDrive30 M Sportpakket | Premium pack | Elektr. Trekhaak,2025,2.500 km,Elektrisch,"73.999,-","836,-",https://www.ekris.nl/bmw/p/39039720/bmw-ix2-xdrive30-39039720,Ekris Maastricht
BMW iX2,xDrive30 | M Sport Package | Equipment Package Pro | Comfort Pack,2025,5 km,Elektrisch,"74.014,-","837,-",https://www.ekris.nl/bmw/p/42482505/bmw-ix2-xdrive30-42482505,Ekris Nijkerk
BMW 3 Serie,320i | M Sportpakket Pro | M Sportpakket | Harman Kardon | Trekhaak,2025,5 km,Benzine,"74.096,-","975,-",https://www.ekris.nl/bmw/p/47010302/bmw-3-serie-320i-47010302,Ekris Heerenveen
BMW i4,eDrive40 | M Sport Edition | M Sportpakket | Comfort Pack,2025,5 km,Elektrisch,"74.142,-","838,-",https://www.ekris.nl/bmw/p/46625564/bmw-i4-edrive40-46625564,Ekris Veenendaal
BMW 4 Serie,420i Coupé | M Sportpakket Pro | Comfort Pack,2025,5 km,Benzine,"74.427,-","980,-",https://www.ekris.nl/bmw/p/44018479/bmw-4-serie-420i-coupe-44018479,Ekris Arnhem
BMW 3 Serie,Touring 330e | M Sportpakket | Innovation Pack | Comfort Pack,2025,7.700 km,Hybride benzine,"74.447,-","980,-",https://www.ekris.nl/bmw/p/45621964/bmw-3-serie-touring-330e-45621964,Ekris Heerlen
BMW 3 Serie,Touring 330e M Sportpakket Pro | Innovation Pack | Comfort Pack,2025,5 km,Hybride benzine,"74.478,-","911,-",https://www.ekris.nl/bmw/p/47012016/bmw-3-serie-touring-330e-47012016,Ekris Maastricht
BMW iX2,xDrive30 | M Sportpakket Pro | Premium Pack,2025,5 km,Elektrisch,"74.537,-","842,-",https://www.ekris.nl/bmw/p/45193737/bmw-ix2-xdrive30-45193737,Ekris Heerlen
BMW X1,xDrive30e M Sport Package Pro | Equipment Package Pro | Comfort Pack | Travel Pack,2025,5 km,Hybride benzine,"74.789,-","915,-",https://www.ekris.nl/bmw/p/46828926/bmw-x1-xdrive30e-46828926,Ekris Veenendaal
BMW 2 Serie,Coupé 220i | M Sportpakket Pro | Innovation Pack | Premium Pack,2025,5 km,Benzine,"74.819,-","985,-",https://www.ekris.nl/bmw/p/43331088/bmw-2-serie-coupe-220i-43331088,Ekris Utrecht
BMW X3,xDrive30i High Executive | M Sportpakket | Trekhaak | Panoramadak | Driving Assistant | Active Cruise Control | Head-Up Display | Harman Kardon | 20'',2024,28.541 km,Benzine,"74.850,-","1.019,-",https://www.ekris.nl/bmw/p/45850882/bmw-x3-xdrive30i-45850882,Ekris Utrecht
BMW i5,"Touring eDrive40 M Sportpakket Pro | Panoramadak | Stoelverstelling elektrisch met memory | Bowers & Wilkins | 20""",2025,14.866 km,Elektrisch,"74.850,-","846,-",https://www.ekris.nl/bmw/p/46100621/bmw-i5-touring-edrive40-46100621,Ekris Utrecht
BMW i4,M50 xDrive | High Executive | M Sportpakket Pro | Safety Pack | Personal CoPilot Pack |,2025,11.500 km,Elektrisch,"74.900,-","986,-",https://www.ekris.nl/bmw/p/43619504/bmw-i4-m50-xdrive-43619504,Ekris Groningen
BMW X5,xDrive45e | M Sportpakket | Comfort Access | Panoramadak | Head-Up Display | Harman Kardon | Stoelverwarming | 22'' | Trekhaak,2022,57.900 km,Hybride benzine,"74.900,-","1.020,-",https://www.ekris.nl/bmw/p/47071798/bmw-x5-xdrive45e-47071798,Ekris Arnhem
BMW 5 Serie,Touring 530e | M Sportpakket Pro | Panodak | Driving Assistant Plus | Head-Up | Parking Assistant Plus | Stoelventilatie | Comfortstoelen | 21'' LMV,2025,19.071 km,Hybride benzine,"74.900,-","986,-",https://www.ekris.nl/bmw/p/42759436/bmw-5-serie-touring-530e-42759436,Ekris Nijkerk
BMW 4 Serie,Cabrio M440i xDrive | High Executive | M Sport | Driving Assistant Prof. | Harman Kardon | Head-Up | Comfort Acces | Laserlight | Parking Assistant Plus | 19'' LMV,2023,49.800 km,Benzine,"74.900,-","1.020,-",https://www.ekris.nl/bmw/p/45986802/bmw-4-serie-cabrio-m440i-xdrive-45986802,Ekris Nijkerk
BMW Z4,Roadster sDrive30i | M Sportpakket | Harman/Kardon | Lederen bekleding | Head-Up Display |,2025,11.927 km,Benzine,"74.900,-","986,-",https://www.ekris.nl/bmw/p/45489715/bmw-z4-roadster-sdrive30i-45489715,Ekris Assen
BMW i5,Touring eDrive40 | M Sportpakket Pro | Elektr. Wegklapbare Trekhaak | Glazen Panormadak | Innovation Pack | Travel Pack | Comfort Pack,2024,23.180 km,Elektrisch,"74.950,-","884,-",https://www.ekris.nl/bmw/p/41226615/bmw-i5-touring-41226615,Ekris Flevoland
BMW 3 Serie,Touring 330e M Sportpakket Pro | Panoramadak | Elektr. Trekhaak | BMW Individual Dravit Grau Metallic,2025,2.500 km,Hybride benzine,"75.067,-","988,-",https://www.ekris.nl/bmw/p/46198050/bmw-3-serie-touring-330e-46198050,Ekris Maastricht
BMW i4,eDrive40 Gran Coupé | M Sport Edition | M Sportpakket Pro | Innovation Pack,2025,5 km,Elektrisch,"75.181,-","850,-",https://www.ekris.nl/bmw/p/46955872/bmw-i4-edrive40-gran-coupe-46955872,Ekris Flevoland
BMW 3 Serie,Touring 330e | M Sport Package | Innovation Pack | Comfort Pack,2025,5 km,Hybride benzine,"75.322,-","922,-",https://www.ekris.nl/bmw/p/43962429/bmw-3-serie-touring-330e-43962429,Ekris Assen
BMW 3 Serie,Touring 330e M Sportpakket Pro | Comfort Pack | Stuurwielrand Verwarmd | Trekhaak | Panoramadak | Driving Assistant | Active Cruise Control | Harman Kardon | 19'',2025,3.104 km,Hybride benzine,"75.695,-","996,-",https://www.ekris.nl/bmw/p/46451014/bmw-3-serie-touring-330e-46451014,Ekris Utrecht
BMW X3,30e xDrive | Innovation Pack | Premium Pack,2025,5 km,Hybride benzine,"75.833,-","928,-",https://www.ekris.nl/bmw/p/46759883/bmw-x3-30e-xdrive-46759883,Ekris Arnhem
BMW i5,Sedan eDrive40 | M Sport Edition | M Sportpakket,2025,5 km,Elektrisch,"75.856,-","946,-",https://www.ekris.nl/bmw/p/44430754/bmw-i5-sedan-edrive40-44430754,Ekris Assen
BMW 4 Serie,Cabrio 430i xDrive | M-Sportpakket | LED | Leder | Navigatie | Elektr. zetels | Sportstoelen | DAB | Alu 19 inch,2025,27.000 km,Benzine,"75.900,-","999,-",https://www.ekris.nl/bmw/p/46713969/bmw-4-serie-cabrio-430i-xdrive-46713969,Ekris Heerenveen
BMW iX,M60 112 kWh | Trekhaak | Luchtvering |,2022,63.911 km,Elektrisch,"75.900,-","1.034,-",https://www.ekris.nl/bmw/p/43388048/bmw-ix-m60-112-kwh-43388048,Ekris Groningen
BMW X3,xDrive30i M Sportpakket | Innovation Pack | Glazen panoramadak | HIFI System Harman Kardon,2024,22.257 km,Benzine,"75.950,-","1.034,-",https://www.ekris.nl/bmw/p/41859726/bmw-x3-xdrive30i-41859726,Ekris Zeist
BMW 3 Serie,Touring 330e | M Sportpakket Pro | Comfort Pack | Trekhaak,2025,5 km,Hybride benzine,"76.099,-","931,-",https://www.ekris.nl/bmw/p/46629277/bmw-3-serie-touring-46629277,Ekris Maastricht
BMW 3 Serie,Touring 330e | M Sportpakket Pro | Comfort Pack | Innovation Pack |,2025,5 km,Hybride benzine,"76.099,-","931,-",https://www.ekris.nl/bmw/p/46629234/bmw-3-serie-touring-46629234,Ekris Flevoland
BMW i4,eDrive40 | M Sport Edition | M Sportpakket Pro | Innovation Pack | Comfort Pack,2025,5 km,Elektrisch,"76.176,-","861,-",https://www.ekris.nl/bmw/p/46629226/bmw-i4-edrive40-46629226,Ekris Maastricht
BMW 3 Serie,Touring 330e M-Sportpakket Pro / Panoramadak / Harman-Kardon / Innovation Pack / Comfort Pack,2025,5 km,Hybride benzine,"76.251,-","933,-",https://www.ekris.nl/bmw/p/46494028/bmw-3-serie-touring-330e-46494028,Ekris Heerenveen
BMW 4 Serie,420i Gran Coupé | M Sportpakket Pro | Comfort Pack,2025,5 km,Benzine,"76.688,-","1.009,-",https://www.ekris.nl/bmw/p/45187852/bmw-4-serie-420i-gran-coupe-45187852,Ekris Utrecht
BMW i5,M60 xDrive | M Sportpakket Pro | Innovation Pack | Travel Pack | Comfort Pack,2024,22.275 km,Elektrisch,"76.750,-","905,-",https://www.ekris.nl/bmw/p/46252811/bmw-i5-m60-xdrive-46252811,Ekris Maastricht
BMW 5 Serie,Sedan 530e | M Sportpakket | Innovation Pack | Travel Pack,2025,17.401 km,Hybride benzine,"76.895,-","1.012,-",https://www.ekris.nl/bmw/p/42175799/bmw-5-serie-sedan-530e-42175799,Ekris Arnhem
BMW X3,20 xDrive | M Sportpakket | Trekhaak | Harman Kardon | Head-Up | Driving Assistant Plus | Parking Assistant Prof. | Comfort Access | Stoelventilatie | Elektr. Voorstoelen | 20'' LMV,2024,5.927 km,Benzine,"76.900,-","1.047,-",https://www.ekris.nl/bmw/p/45112019/bmw-x3-20-xdrive-45112019,Ekris Nijkerk
BMW i5,Touring eDrive40 | M Sportpakket Pro | Innovation Pack | Verwarmd Stuurwiel | Comfort Access | Panoramadak | Stoelventilatie | Bowers & Wilkins | 21'' | Trekhaak,2025,4.380 km,Elektrisch,"76.900,-","869,-",https://www.ekris.nl/bmw/p/46199464/bmw-i5-touring-edrive40-46199464,Ekris Arnhem
BMW i5,eDrive40 | M Sport Package | M Sport Package Pro | Equipment Package Pro | Travel Package | Comfort Package,2025,8.500 km,Elektrisch,"76.900,-","1.012,-",https://www.ekris.nl/bmw/p/43619537/bmw-i5-edrive40-43619537,Ekris Groningen
BMW X5,xDrive45e M Sportpakket | Driving Assistant Professional | Glazen panoramadak | Trekhaak met elektrisch wegklapbare kogel | HIFI System Harman Kardon | Head-Up Display | Stoelventilatie voor beide voorstoelen,2023,58.047 km,Hybride benzine,"76.900,-","1.047,-",https://www.ekris.nl/bmw/p/46939407/bmw-x5-xdrive45e-46939407,Ekris Zeist
BMW X5,xDrive45e High Executive M-Sportpakket/ Comfort Acces/ Soft-Close/ Panoramadak/ Stoelverwarming voor en achter/ Head-Up,2022,40.911 km,Hybride benzine,"76.900,-","1.047,-",https://www.ekris.nl/bmw/p/43718379/bmw-x5-xdrive45e-high-executive-43718379,Ekris Flevoland
BMW i5,eDrive40 | Business Edition,2025,5 km,Elektrisch,"76.938,-","870,-",https://www.ekris.nl/bmw/p/42776522/bmw-i5-edrive40-42776522,Ekris Nijkerk
BMW X6,xDrive40i M Sportpakket 22'' / Panoramadak / Driving Assistant Professional / Head-Up Display,2022,109.100 km,Benzine,"76.950,-","1.048,-",https://www.ekris.nl/bmw/p/47033636/bmw-x6-xdrive40i-47033636,Ekris Veenendaal
BMW i4,eDrive40 | M Sport Edition | M Sportpakket Pro | Innovation Pack | Comfort Pack,2025,5 km,Elektrisch,"77.136,-","872,-",https://www.ekris.nl/bmw/p/46624032/bmw-i4-edrive40-46624032,Ekris Maastricht
BMW i4,eDrive40 Gran Coupé | M Sport Edition | M Sportpakket Pro | Innovation Pack | Comfort Pack,2025,5 km,Elektrisch,"77.148,-","872,-",https://www.ekris.nl/bmw/p/47012862/bmw-i4-edrive40-gran-coupe-47012862,Ekris Arnhem
BMW i5,Sedan eDrive40 | M Sport Edition | M Sportpakket | Travel Pack,2025,5 km,Elektrisch,"77.225,-","873,-",https://www.ekris.nl/bmw/p/44431035/bmw-i5-sedan-edrive40-44431035,Ekris Zeist
BMW 3 Serie,330e Sedan | M Sportpakket Pro | Innovation Pack | Comfort Pack,2025,5 km,Hybride benzine,"77.553,-","949,-",https://www.ekris.nl/bmw/p/44954325/bmw-3-serie-330e-sedan-44954325,Ekris Groningen
BMW 3 Serie,Touring 330e M-Sportpakket Pro / Innovation Pack / Comfort Pack / Panoramadak / Trekhaak wegklapbaar,2025,5 km,Hybride benzine,"77.694,-","951,-",https://www.ekris.nl/bmw/p/46756952/bmw-3-serie-touring-330e-46756952,Ekris Heerenveen
BMW i4,eDrive35 M Sportpakket Pro | Innovation Pack | Comfort Pack | Stuurwielrand Verwarmd | Comfort Access | Elektrisch Verstelbare Sportstoelen | Driving Assistant Professional | DAB | Harman Kardon | 19'',2025,3.021 km,Elektrisch,"77.695,-","878,-",https://www.ekris.nl/bmw/p/45481579/bmw-i4-edrive35-45481579,Ekris Utrecht
BMW 5 Serie,530e | M Sport Edition | M Sportpakket | Travel Pack,2025,5 km,Hybride benzine,"77.733,-","951,-",https://www.ekris.nl/bmw/p/46625245/bmw-5-serie-530e-46625245,Ekris Veenendaal
BMW iX,M60 | High Executive | Bowers & Wilkins | Panoramadak | Parking Assistant Professional | Stoelverwaming & -ventilatie | 22'',2023,70.369 km,Elektrisch,"77.850,-","918,-",https://www.ekris.nl/bmw/p/43457800/bmw-ix-m60-43457800,Ekris Arnhem
BMW X5,xDrive45e High Executive M-Sportpakket | 22inch | Panoramadak | Head Up,2022,47.480 km,Hybride benzine,"77.850,-","1.060,-",https://www.ekris.nl/bmw/p/45104477/bmw-x5-xdrive45e-high-executive-45104477,Ekris Assen
BMW Z4,Roadster M40i M Sportremsysteem Blau | M Sportdifferentieel | Adaptief M Onderstel | BMW Head-Up Display | HiFi System,2024,27.500 km,Benzine,"77.850,-","1.060,-",https://www.ekris.nl/bmw/p/43762470/bmw-z4-roadster-m40i-43762470,Ekris Zeist
BMW 2 Serie,"Coupé M240i xDrive M Sportdifferentieel | M Adaptief onderstel | Widescreen Display | Achteruitrijcamera | HIFI | Active Cruise Control | 19""",2025,5.277 km,Benzine,"77.850,-","1.025,-",https://www.ekris.nl/bmw/p/45942665/bmw-2-serie-coupe-m240i-xdrive-45942665,Ekris Utrecht
BMW iX3,High Executive Edition 80 kWh Leder / Trekhaak / Harman-Kardon / Adaptive LED / Getint Glas / Alu wielen 20 inch,2025,7.000 km,Elektrisch,"77.900,-","880,-",https://www.ekris.nl/bmw/p/42877489/bmw-ix3-high-executive-edition-80-kwh-42877489,Ekris Heerenveen
BMW X5,xDrive45e High Executive | M Sportpakket | Integral Active Steering | Trekhaak | Panoramadak | M Multifunctionele voorstoelen | Driving Assistant Professional | Laserlight | Head-Up Display | Bowers & Wilkins | 21'',2023,67.059 km,Hybride benzine,"77.900,-","1.061,-",https://www.ekris.nl/bmw/p/46694366/bmw-x5-xdrive45e-46694366,Ekris Utrecht
BMW X5,xDrive45e High Executive M-Sportpakket / Harman Kardon / panoramadak / Trekhaak / 21 '' / Head Up Display /,2023,45.477 km,Hybride benzine,"77.900,-","1.061,-",https://www.ekris.nl/bmw/p/46920085/bmw-x5-xdrive45e-high-executive-46920085,Ekris Flevoland
BMW X5,xDrive45e High Executive M Sportpakket 22'' / Panoramadak / Laserlight / Head-Up Display / Trekhaak,2023,65.000 km,Hybride benzine,"77.900,-","1.061,-",https://www.ekris.nl/bmw/p/46510119/bmw-x5-xdrive45e-46510119,Ekris Veenendaal
BMW X3,"30e xDrive NW MODEL | M-Sportpakket | Head Up | Lederen Bekleding | Professional Pack | NW prijs 86.898,-",2025,3.450 km,Hybride benzine,"77.950,-","1.026,-",https://www.ekris.nl/bmw/p/46602771/bmw-x3-30e-xdrive-46602771,Ekris Assen
BMW 5 Serie,Touring 530e M Sportpakket Pro | Innovation Pack | Travel Pack | Comfort Pack | Trekhaak | Panoramadak | Comfortstoelen | Driving Assistant Professional | Bowers & Wilkins | 20'',2024,28.654 km,Hybride benzine,"77.950,-","1.061,-",https://www.ekris.nl/bmw/p/40812558/bmw-5-serie-touring-530e-40812558,Ekris Utrecht
BMW 3 Serie,Touring 330e M-Sportpakket Pro / Trekhaak / Panoramadak / Comfort Pack / Harman-Kardon / Innovation Pack,2025,5 km,Hybride benzine,"78.233,-","957,-",https://www.ekris.nl/bmw/p/46494182/bmw-3-serie-touring-330e-46494182,Ekris Heerenveen
BMW X3,30e xDrive M Sportpakket Pro | Professional Pack | Comfort Pack | Premium Pack | Glazen panoramadak | Driving Assistant Plus | Parking Assistant Plus,2025,9.233 km,Hybride benzine,"78.900,-","1.039,-",https://www.ekris.nl/bmw/p/46992963/bmw-x3-30e-xdrive-46992963,Ekris Maastricht
BMW X3,30e xDrive M Sportpakket Pro | Comfort Pack | Premium Pack | Trekhaak | Panoramadak | Stoelventilatie | Driving Assistant Plus | Harman Kardon | 19'' LMV,2025,12.000 km,Hybride benzine,"78.900,-","1.039,-",https://www.ekris.nl/bmw/p/46529596/bmw-x3-30e-xdrive-46529596,Ekris Nijkerk
BMW iX,M60 | High Executive | Sportpakket | Panodak Skylounge | Driving Assistant Prof. | Bowers & Wilkins | Trekhaak | Soft-Close | 22'' LMV,2023,11.639 km,Elektrisch,"78.900,-","931,-",https://www.ekris.nl/bmw/p/43624363/bmw-ix-m60-43624363,Ekris Nijkerk
BMW 5 Serie,"530e Touring M Sport Edition | Travel Pack | Trekhaak | Achteruitrijcamera | Driving Assistant Plus | 20""",2025,8.741 km,Hybride benzine,"78.995,-","1.040,-",https://www.ekris.nl/bmw/p/45825357/bmw-5-serie-530e-touring-45825357,Ekris Utrecht
BMW 5 Serie,Touring 530e M Sport Edition | M Sportpakket | Travel Pack,2025,0 km,Hybride benzine,"79.056,-","967,-",https://www.ekris.nl/bmw/p/41972056/bmw-5-serie-touring-530e-41972056,Ekris Flevoland
BMW 5 Serie,Touring 530e M Sport Edition | M Sportpakket | Travel Pack,2025,0 km,Hybride benzine,"79.056,-","967,-",https://www.ekris.nl/bmw/p/41972069/bmw-5-serie-touring-530e-41972069,Ekris Arnhem
BMW 3 Serie,320i Sedan | M Sportpakket Pro | Innovation Pack | Comfort Pack,2025,5 km,Benzine,"79.198,-","1.042,-",https://www.ekris.nl/bmw/p/47011676/bmw-3-serie-320i-sedan-47011676,Ekris Utrecht
BMW iX3,High Executive Edition | Parking Pack | Safety Pack | Shadowline Pack,2025,5 km,Elektrisch,"79.413,-","898,-",https://www.ekris.nl/bmw/p/46759694/bmw-ix3-high-executive-edition-46759694,Ekris Veenendaal
BMW X3,xDrive30e 20'' / Panoramadak / Elektrisch verstelbare stoelen / Trekhaak / HiFi System,2025,6.200 km,Hybride benzine,"79.414,-","1.045,-",https://www.ekris.nl/bmw/p/39244940/bmw-x3-xdrive30e-39244940,Ekris Veenendaal
BMW 3 Serie,320i M Sportpakket Pro | Innovation Pack ll,2025,5 km,Benzine,"79.432,-","1.046,-",https://www.ekris.nl/bmw/p/47010333/bmw-3-serie-320i-47010333,Ekris Flevoland
BMW i5,eDrive40 Sedan | M Sport Edition | M Sportpakket | Innovation Pack | Travel Pack,2025,5 km,Elektrisch,"79.732,-","901,-",https://www.ekris.nl/bmw/p/46672705/bmw-i5-edrive40-sedan-46672705,Ekris Arnhem
BMW i5,eDrive40 Sedan | M Sport Edition | M Sportpakket | Innovation Pack | Travel Pack,2025,5 km,Elektrisch,"79.732,-","901,-",https://www.ekris.nl/bmw/p/46672762/bmw-i5-edrive40-sedan-46672762,Ekris Heerlen
BMW i5,eDrive40 Sedan | M Sport Edition | M Sportpakket | Innovation Pack | Travel Pack,2025,5 km,Elektrisch,"79.732,-","901,-",https://www.ekris.nl/bmw/p/46672842/bmw-i5-edrive40-sedan-46672842,Ekris Maastricht
BMW iX,xDrive40 Sport Edition | Driving Assistant Professional | Elektr. Trekhaak,2025,2.233 km,Elektrisch,"79.750,-","901,-",https://www.ekris.nl/bmw/p/46514228/bmw-ix-xdrive40-46514228,Ekris Maastricht
BMW X6,xDrive40i M Sportpakket | Soft-Close | Elek. trekhaak | Stoelventilatie | Driving Assistant Professional | Parking Assistant Plus,2020,64.461 km,Benzine,"79.750,-","1.086,-",https://www.ekris.nl/bmw/p/46341359/bmw-x6-xdrive40i-46341359,Ekris Maastricht
BMW 3 Serie,Touring 330e M Sportpakket Pro | Comfort Pack | Innovation Pack,2025,5 km,Hybride benzine,"79.775,-","976,-",https://www.ekris.nl/bmw/p/46826970/bmw-3-serie-touring-330e-46826970,Ekris Utrecht
BMW 4 Serie,420i Gran Coupé | M Sportpakket Pro | Comfort Pack,2025,5 km,Benzine,"79.828,-","1.051,-",https://www.ekris.nl/bmw/p/47013093/bmw-4-serie-420i-gran-coupe-47013093,Ekris Groningen
BMW iX3,High Executive Edition | Parking Pack | Safety Pack | Shadow Line Pack,2025,5 km,Elektrisch,"79.872,-","903,-",https://www.ekris.nl/bmw/p/43850086/bmw-ix3-43850086,Ekris Utrecht
BMW iX3,High Executive Edition | Parking Pack | Safety Pack | Shadow Line Pack | High Executive,2025,5 km,Elektrisch,"79.872,-","903,-",https://www.ekris.nl/bmw/p/41384476/bmw-ix3-41384476,Ekris Veenendaal
BMW iX,M60 | Sportpakket | Laserlicht | HUD | trekhaak | Schuifdak | Luchtvering | Active cruise | DAB | Harman-kardon sound | Alu 22 inch,2023,22.000 km,Elektrisch,"79.900,-","942,-",https://www.ekris.nl/bmw/p/43999287/bmw-ix-m60-43999287,Ekris Heerenveen
BMW 5 Serie,Touring 520d | M-Sportpakket | LED | HUD | Trekhaak | Active cruise | Keyles go | DAB | Harman-kardon sound | Alu 20 inch,2025,5.000 km,Diesel,"79.900,-","1.052,-",https://www.ekris.nl/bmw/p/45084596/bmw-5-serie-touring-520d-45084596,Ekris Heerenveen
BMW 5 Serie,Touring 520d | M-Sportpakket | LED | HUD | Trekhaak | Active cruise | Keyles go | DAB | Harman-kardon sound | Alu 20 inch,2025,9.000 km,Diesel,"79.900,-","1.052,-",https://www.ekris.nl/bmw/p/45355261/bmw-5-serie-touring-520d-45355261,Ekris Heerenveen
BMW X2,M35i xDrive M Sport pro | Panoramadak | Head-Up | Driving Assistant Plus | Elektrisch verstelbare stoelen |,2024,23.457 km,Benzine,"79.900,-","1.088,-",https://www.ekris.nl/bmw/p/45412132/bmw-x2-m35i-xdrive-45412132,Ekris Groningen
BMW i5,Sedan eDrive40 Travel Pack | Comfort Pack | Glazen panoramadak | Driving Assistant Plus | Harman-Kardon sound system,2025,3.698 km,Elektrisch,"79.900,-","903,-",https://www.ekris.nl/bmw/p/46035467/bmw-i5-sedan-edrive40-46035467,Ekris Zeist
BMW 3 Serie,Touring M340i xDrive | M-Sportpakket | Panoramdak | Harman Kardon |,2024,19.451 km,Benzine,"79.900,-","1.088,-",https://www.ekris.nl/bmw/p/46399353/bmw-3-serie-touring-m340i-xdrive-46399353,Ekris Groningen
BMW X3,30e xDrive | M Sportpakket Pro | Premium Pack | Professional Pack | Comfort Pack,2025,5.900 km,Hybride benzine,"79.900,-","1.052,-",https://www.ekris.nl/bmw/p/47014904/bmw-x3-30e-xdrive-47014904,Ekris Maastricht
BMW Z4,Roadster M40i | M-Sportstoelen | LED | Leder | HUD | M-zetels | Elektr. zetels | Active cruise | DAB | Harman-kardon sound | Alu 19 inch,2024,5.000 km,Benzine,"79.900,-","1.088,-",https://www.ekris.nl/bmw/p/47052696/bmw-z4-roadster-m40i-47052696,Ekris Heerenveen
BMW i5,M60 xDrive 84 kWh | M Sport Pro | Comfort Pack | Innovation Pack | Trekhaak,2024,26.044 km,Elektrisch,"79.900,-","942,-",https://www.ekris.nl/bmw/p/46831253/bmw-i5-m60-xdrive-84-kwh-46831253,Ekris Heerlen
BMW 5 Serie,Touring 530e | M Sportpakket Pro | Trekhaak | Driving Assistant Prof. | Parking Assistant Plus | Harman Kardon | Stoelventilatie | Head-Up | Comfort Access | M Performance | 20'' LMV,2025,5.865 km,Hybride benzine,"79.900,-","1.052,-",https://www.ekris.nl/bmw/p/47093238/bmw-5-serie-touring-530e-47093238,Ekris Nijkerk
BMW X7,xDrive40i High Executive High Executive M-Sportpakket / Bowers & Wilkins / Copilot Pack / Skylounge Panoramadak / Trekhaak / 22'',2021,111.793 km,Benzine,"79.950,-","1.089,-",https://www.ekris.nl/bmw/p/45334186/bmw-x7-xdrive40i-high-executive-45334186,Ekris Flevoland
BMW 5 Serie,Touring 530e | M Sportpakket | Innovation Pack | Verwarmd Stuurwiel | Comfort Access | Panoramadak | Stoelverwarming | Bowers & Wilkins | Trekhaak,2025,16.812 km,Hybride benzine,"79.995,-","1.053,-",https://www.ekris.nl/bmw/p/45242810/bmw-5-serie-touring-530e-45242810,Ekris Arnhem
BMW i4,eDrive40 Gran Coupé | M Sport Edition | M Sportpakket Pro | innovation Pack | Comfort Pack,2025,5 km,Elektrisch,"80.029,-","998,-",https://www.ekris.nl/bmw/p/46955824/bmw-i4-edrive40-gran-coupe-46955824,Ekris Assen
BMW 5 Serie,530e M Sportpakket | Equipment Package Professional,2025,5 km,Hybride benzine,"80.755,-","988,-",https://www.ekris.nl/bmw/p/46901151/bmw-5-serie-530e-46901151,Ekris Flevoland
BMW i5,eDrive40 Sedan | M Sport Edition | M Sportpakket | Innovation Pack | Travel Pack,2025,5 km,Elektrisch,"81.013,-","916,-",https://www.ekris.nl/bmw/p/46629477/bmw-i5-edrive40-sedan-46629477,Ekris Flevoland
BMW i5,eDrive40 | M Sport Edition | M Sportpakket | Innovation Pack | Travel Pack,2025,5 km,Elektrisch,"81.013,-","916,-",https://www.ekris.nl/bmw/p/46629393/bmw-i5-edrive40-46629393,Ekris Nijkerk
BMW i5,eDrive40 Sedan | M Sport Edition | M Sportpakket | Innovation Pack | Travel Pack,2025,5 km,Elektrisch,"81.013,-","916,-",https://www.ekris.nl/bmw/p/46629442/bmw-i5-edrive40-sedan-46629442,Ekris Zeist
BMW i5,eDrive40 M Sport Edition | M Sportpakket | Equipment Package Pro | Travel Package,2025,5 km,Elektrisch,"81.013,-","916,-",https://www.ekris.nl/bmw/p/46624403/bmw-i5-edrive40-46624403,Ekris Veenendaal
BMW 4 Serie,420i Gran Coupé | M Sportpakket Pro | Innovation Pack,2025,5 km,Benzine,"81.108,-","1.068,-",https://www.ekris.nl/bmw/p/45272487/bmw-4-serie-420i-gran-coupe-45272487,Ekris Groningen
BMW 2 Serie,230i Coupé | M Sportpakket Pro | Innovation Pack | Premium Pack,2025,5 km,Benzine,"81.155,-","1.068,-",https://www.ekris.nl/bmw/p/45141593/bmw-2-serie-230i-coupe-45141593,Ekris Arnhem
BMW 2 Serie,230i Coupé | M Sportpakket Pro | Innovation Pack | Premium Pack,2025,5 km,Benzine,"81.247,-","1.069,-",https://www.ekris.nl/bmw/p/45492720/bmw-2-serie-230i-coupe-45492720,Ekris Arnhem
BMW X3,xDrive30i High Executive M Sport Harman Kardon / Panorama Dak / Trekhaak / Comfort Acces / Stoel- en Stuurverwarming,2024,12.500 km,Benzine,"81.450,-","1.109,-",https://www.ekris.nl/bmw/p/39055432/bmw-x3-xdrive30i-high-executive-m-sport-39055432,Ekris Veenendaal
BMW 3 Serie,Touring 320i | M Sport Package | Innovation Pack | Comfort Pack,2025,5 km,Benzine,"81.453,-","1.072,-",https://www.ekris.nl/bmw/p/47013061/bmw-3-serie-touring-320i-47013061,Ekris Utrecht
BMW X1,xDrive23i | M Sportpakket Pro | Innovation Pack | Comfort Pack | Travel Pack,2025,5 km,Benzine,"81.531,-","1.073,-",https://www.ekris.nl/bmw/p/46673548/bmw-x1-xdrive23i-46673548,Ekris Utrecht
BMW 4 Serie,Gran Coupé 420i | M Sportpakket Pro | Comfort Pack,2025,5 km,Benzine,"81.687,-","1.075,-",https://www.ekris.nl/bmw/p/43087626/bmw-4-serie-gran-coupe-420i-43087626,Ekris Arnhem
BMW X4,xDrive20i High Executive M Sport / Trekhaak / Head-Up / Comfort Acces,2025,7.806 km,Benzine,"81.900,-","1.078,-",https://www.ekris.nl/bmw/p/42802055/bmw-x4-xdrive20i-42802055,Ekris Veenendaal
BMW X3,30e xDrive | High Executive | M Sportpakket Pro | Trekhaak | Panodak | Harman Kardon | Head-Up | Driving Assistant Plus | Parking Assistant Plus | 21'' LMV,2025,7.856 km,Hybride benzine,"81.900,-","1.078,-",https://www.ekris.nl/bmw/p/45222928/bmw-x3-30e-xdrive-45222928,Ekris Nijkerk
BMW i4,eDrive40 M Sportpakket Pro 19'' / Schuif-/kanteldak / Harman Kardon / Driving Assistant Professional,2025,3.200 km,Elektrisch,"81.950,-","926,-",https://www.ekris.nl/bmw/p/46418612/bmw-i4-edrive40-46418612,Ekris Veenendaal
BMW X1,xDrive23i | M Sportpakket | M Sportpakket Pro | Equipment Pack Pro | Comfort Pack | Travel Pack,2025,5 km,Benzine,"82.068,-","1.080,-",https://www.ekris.nl/bmw/p/44913612/bmw-x1-xdrive23i-44913612,Ekris Veenendaal
BMW 5 Serie,530e | M Sport Edition | M Sportpakket Pro | Equipment Pack Pro | Travel Pack,2025,5 km,Hybride benzine,"82.176,-","1.005,-",https://www.ekris.nl/bmw/p/46624453/bmw-5-serie-530e-46624453,Ekris Veenendaal
BMW 4 Serie,Gran Coupé 420i M Sportpakket | Innovation Pack | Comfort Pack,2025,0 km,Benzine,"82.339,-","1.084,-",https://www.ekris.nl/bmw/p/41857886/bmw-4-serie-gran-coupe-420i-41857886,Ekris Nijkerk
BMW X3,"30e xDrive M Sportpakket/ Stuurwielverwarming/ panoramadak/ 20"" LMV/ Stoelventilatie/ Sportstoelen/ Elektrische stoelen/ Head-Up/ Harman-Kardon",2025,5.000 km,Hybride benzine,"82.786,-","1.090,-",https://www.ekris.nl/bmw/p/46204988/bmw-x3-30e-xdrive-46204988,Ekris Flevoland
BMW iX,xDrive50 Business Edition Plus 112 kWh | Sportpakket | Trekhaak | Driving Assistant Professional | Comfort Access,2024,20.292 km,Elektrisch,"82.900,-","1.129,-",https://www.ekris.nl/bmw/p/44273939/bmw-ix-xdrive50-business-edition-plus-112-kwh-44273939,Ekris Assen
BMW i4,eDrive40 M-Sportpakket Pro / Trekhaak / Schuifdak / Leder / Driving assist prof / Harman-Kardon / M Sportstoelen / Alu wielen 20 inch,2025,2.500 km,Elektrisch,"82.900,-","937,-",https://www.ekris.nl/bmw/p/45909892/bmw-i4-edrive40-45909892,Ekris Heerenveen
BMW 5 Serie,Touring 530e | M Sport Edition | M Sportpakket Pro | Innovation Pack | Comfort Pack | Travel Pack,2025,8.900 km,Hybride benzine,"82.950,-","1.092,-",https://www.ekris.nl/bmw/p/40738371/bmw-5-serie-touring-530e-40738371,Ekris Heerlen
BMW X4,"xDrive30i High Executive | M Sportpakket | Innovation Pack | Trekhaak | Head-Up Display | 21""",2024,10.722 km,Benzine,"82.950,-","1.130,-",https://www.ekris.nl/bmw/p/43653654/bmw-x4-xdrive30i-43653654,Ekris Utrecht
BMW X3,30e xDrive M-Sportpakket | Stoelventilatie | Getint Glas | Head Up,2025,6.006 km,Hybride benzine,"82.950,-","1.092,-",https://www.ekris.nl/bmw/p/47048947/bmw-x3-30e-xdrive-47048947,Ekris Assen
BMW 4 Serie,420i Gran Coupé | M Sportpakket Pro |,2025,5 km,Benzine,"83.047,-","1.093,-",https://www.ekris.nl/bmw/p/43674966/bmw-4-serie-420i-gran-coupe-43674966,Ekris Zeist
BMW 4 Serie,Coupé 420i | M Sportpakket | M Sportpakket Pro | Innovation Pack,2025,5 km,Benzine,"83.075,-","1.093,-",https://www.ekris.nl/bmw/p/44629676/bmw-4-serie-coupe-420i-44629676,Ekris Veenendaal
BMW 4 Serie,Gran Coupe 420i | M Sportpakket Pro | Innovation Pack | Comfort Pack,2025,5 km,Benzine,"83.149,-","1.094,-",https://www.ekris.nl/bmw/p/42353051/bmw-4-serie-gran-coupe-420i-42353051,Ekris Heerlen
BMW 5 Serie,530e | M Sport Edition | M Sportpakket | Equipment Pack Pro | Travel Pack,2025,5 km,Hybride benzine,"83.163,-","1.018,-",https://www.ekris.nl/bmw/p/46625096/bmw-5-serie-530e-46625096,Ekris Flevoland
BMW i5,Sedan eDrive40 | M Sport Edition | M Sportpakket | Innovation Pack | Travel Pack,2025,5 km,Elektrisch,"83.310,-","942,-",https://www.ekris.nl/bmw/p/44419833/bmw-i5-sedan-edrive40-44419833,Ekris Veenendaal
BMW 5 Serie,Touring 530e M Sportpakket | Travel Pack,2025,5 km,Hybride benzine,"83.339,-","1.020,-",https://www.ekris.nl/bmw/p/40215348/bmw-5-serie-touring-530e-40215348,Ekris Heerenveen
BMW i4,eDrive35 | M Sport Edition | M Sportpakket Pro | Innovation Pack | Comfort Pack,2025,5 km,Elektrisch,"83.471,-","943,-",https://www.ekris.nl/bmw/p/44480721/bmw-i4-edrive35-44480721,Ekris Utrecht
BMW i5,eDrive40 M Sport Edition | M Sportpakket | M Sportpakket Pro | Comfort Pack,2025,5 km,Elektrisch,"83.565,-","944,-",https://www.ekris.nl/bmw/p/45494265/bmw-i5-edrive40-45494265,Ekris Heerenveen
BMW X3,30e xDrive M Sportpakket Pro | Equipment Package Professional,2025,5 km,Hybride benzine,"83.662,-","1.024,-",https://www.ekris.nl/bmw/p/46899834/bmw-x3-30e-xdrive-46899834,Ekris Nijkerk
BMW X3,30e xDrive | M Sportpakket Pro | Innovation Pack | Premium Pack,2025,5 km,Hybride benzine,"83.662,-","1.024,-",https://www.ekris.nl/bmw/p/47014812/bmw-x3-30e-xdrive-47014812,Ekris Heerlen
BMW i4,eDrive40 | M Sport Edition | Innovation Pack | Comfort Pack,2025,5 km,Elektrisch,"83.672,-","946,-",https://www.ekris.nl/bmw/p/45238222/bmw-i4-edrive40-m-sport-edition-45238222,Ekris Utrecht
BMW X3,30e xDrive | M Sportpakket Pro | Innovation Pack | Premium Pack,2025,5 km,Hybride benzine,"83.694,-","1.024,-",https://www.ekris.nl/bmw/p/46976369/bmw-x3-30e-xdrive-46976369,Ekris Groningen
BMW X3,30e xDrive | M Sportpakket Pro | Innovation Pack | Premium Pack,2025,5 km,Hybride benzine,"83.694,-","1.024,-",https://www.ekris.nl/bmw/p/46976393/bmw-x3-30e-xdrive-46976393,Ekris Assen
BMW i5,eDrive40 Sedan | M Sport Edition | M Sportpakket Pro | Innovation Pack | Travel Pack,2025,5 km,Elektrisch,"83.785,-","1.045,-",https://www.ekris.nl/bmw/p/43676440/bmw-i5-edrive40-sedan-m-sport-edition-43676440,Ekris Assen
BMW i5,Touring M60 xDrive | M Sportpakket Pro | Trekhaak | Panodak | Driving Assistant Prof. | Parking Assistant Prof. | Bowers & Wilkins Surround Sound | Stoelventilatie | Comfort Pack | Glasapplicatie | Iconic Glow | 21''LMV,2024,42.689 km,Elektrisch,"83.900,-","989,-",https://www.ekris.nl/bmw/p/42351482/bmw-i5-touring-m60-xdrive-42351482,Ekris Nijkerk
BMW X3,30e xDrive | M Sportpakket Pro | Panodak | Professional Pack | Trekhaak | Driving Assistant Prof. | Head-Up | Adaptief Onderstel | Harman Kardon | 21'' LMV,2025,5.772 km,Hybride benzine,"83.900,-","1.104,-",https://www.ekris.nl/bmw/p/45055698/bmw-x3-30e-xdrive-45055698,Ekris Nijkerk
BMW i5,Sedan M60 xDrive | M Sportpakket pro | Innovation Pack | Panoramadak | Bowers & Wilkins | Trekhaak | 21'',2024,19.247 km,Elektrisch,"83.900,-","989,-",https://www.ekris.nl/bmw/p/43574657/bmw-i5-sedan-43574657,Ekris Utrecht
BMW i7,eDrive50 106 kWh | M Sport pro | Pano | Sky Lounge Massage |,2024,23.640 km,Elektrisch,"83.900,-","1.142,-",https://www.ekris.nl/bmw/p/46950809/bmw-i7-edrive50-106-kwh-46950809,Ekris Groningen
BMW iX,xDrive50 | Sport Edition | Bowers & Wilkins | Panoramadak Sky Lounge | Laserlight,2024,20.823 km,Elektrisch,"83.950,-","990,-",https://www.ekris.nl/bmw/p/43618961/bmw-ix-xdrive50-43618961,Ekris Heerlen
BMW i5,eDrive40 | M Sport Edition M Sportpakket/ Comfort Access/ Stoelverwarming/ Ambiance verlichting/ Innovation Pack/ Travel Pack,2025,2.220 km,Elektrisch,"83.957,-","949,-",https://www.ekris.nl/bmw/p/45186119/bmw-i5-edrive40-m-sport-edition-45186119,Ekris Flevoland
BMW 5 Serie,520i Touring | M Sportpakket | Travel pack | Comfort Pack,2025,5 km,Benzine,"84.056,-","1.106,-",https://www.ekris.nl/bmw/p/45187445/bmw-5-serie-520i-touring-45187445,Ekris Arnhem
BMW 4 Serie,Coupé 420i | M Sportpakket Pro | Innovation Pack | Comfort Pack,2025,5 km,Benzine,"84.107,-","1.107,-",https://www.ekris.nl/bmw/p/44431068/bmw-4-serie-coupe-420i-44431068,Ekris Veenendaal
BMW i5,eDrive40 Sedan | M Sport Edition | M Sportpakket Pro | Innovation Pack | Travel Pack,2025,5 km,Elektrisch,"84.172,-","951,-",https://www.ekris.nl/bmw/p/46629278/bmw-i5-edrive40-sedan-46629278,Ekris Flevoland
BMW X3,30e xDrive M Sportpakket Pro | Premium Pack | Professional Pack,2025,5 km,Hybride benzine,"84.302,-","1.031,-",https://www.ekris.nl/bmw/p/46846600/bmw-x3-30e-xdrive-46846600,Ekris Veenendaal
BMW X3,30e xDrive | M Sportpakket Pro | Equipment Pack Pro | Premium Pack,2025,5 km,Hybride benzine,"84.362,-","1.032,-",https://www.ekris.nl/bmw/p/46626540/bmw-x3-30e-xdrive-46626540,Ekris Veenendaal
BMW i4,eDrive40 | High Executive | M Sportpakket Pro | Panodak | Driving Assistant Prof. | Head-Up | Elektr. Stoelen | Harman Kardon | 20'' LMV,2025,3.614 km,Elektrisch,"84.369,-","954,-",https://www.ekris.nl/bmw/p/45992983/bmw-i4-edrive40-45992983,Ekris Nijkerk
BMW i5,eDrive40 M Sport Edition 84 kWh Harman/Kardon | Comfort access,2025,4.006 km,Elektrisch,"84.418,-","1.111,-",https://www.ekris.nl/bmw/p/47161338/bmw-i5-edrive40-m-sport-edition-84-kwh-47161338,Ekris Assen
BMW Z4,Roadster sDrive30i High Executive | Business Edition Plus | M Sport Plus Pack | Parking Pack,2025,5 km,Benzine,"84.460,-","1.112,-",https://www.ekris.nl/bmw/p/46846631/bmw-z4-roadster-sdrive30i-46846631,Ekris Assen
BMW 5 Serie,Touring 530e M Sportpakket | Travel Pack,2025,5 km,Hybride benzine,"84.654,-","1.036,-",https://www.ekris.nl/bmw/p/40503175/bmw-5-serie-touring-530e-40503175,Ekris Veenendaal
BMW i5,Sedan eDrive40 | M Sport Edition | M Sportpakket | Innovation Pack | Travel Pack,2025,5 km,Elektrisch,"84.791,-","958,-",https://www.ekris.nl/bmw/p/43087505/bmw-i5-sedan-edrive40-43087505,Ekris Heerenveen
BMW i5,eDrive40 | M Sport Package | Equipment Package Pro | Travel Package,2025,5 km,Elektrisch,"84.791,-","958,-",https://www.ekris.nl/bmw/p/42980912/bmw-i5-edrive40-42980912,Ekris Heerlen
BMW i5,xDrive40 Touring | M Sportpakket Pro | Innovation Pack | Travel Pack | Comfort Pack,2025,3.500 km,Elektrisch,"84.900,-","960,-",https://www.ekris.nl/bmw/p/44526545/bmw-i5-xdrive40-touring-44526545,Ekris Veenendaal
BMW i5,M60 M SportPro | Headup / Harman Kardon / Panoramadak / Stoelventilatie / Adaptief onderstel Professional,2024,34.042 km,Elektrisch,"84.900,-","1.001,-",https://www.ekris.nl/bmw/p/46198053/bmw-i5-m60-46198053,Ekris Veenendaal
BMW i5,M60 xDrive M Sportpakket Pro | Innovation Pack | Travel Pack | Comfort Pack | Adaptief M Onderstel Professional | Trekhaak | Panoramadak | Comfortstoelen | Driving Assistant Professional | Bowers & Wilkins | 21'',2024,31.075 km,Elektrisch,"84.900,-","1.001,-",https://www.ekris.nl/bmw/p/47114849/bmw-i5-m60-xdrive-47114849,Ekris Utrecht
BMW X3,xDrive30e M Sportpakket 20'' / Panoramadak / Harman Kardon / Trekhaak / Comfort Acces,2025,8.000 km,Hybride benzine,"84.950,-","1.118,-",https://www.ekris.nl/bmw/p/45018506/bmw-x3-xdrive30e-45018506,Ekris Veenendaal
BMW 5 Serie,530e | M Sport Edition | M Sportpakket Pro | Equipment Pack Pro | Travel Pack,2025,5 km,Hybride benzine,"85.245,-","1.043,-",https://www.ekris.nl/bmw/p/46625153/bmw-5-serie-530e-46625153,Ekris Veenendaal
BMW X3,30e xDrive M Sportpakket Pro | Equipment Package Professional | Premium Pack,2025,5 km,Hybride benzine,"85.262,-","1.043,-",https://www.ekris.nl/bmw/p/46899453/bmw-x3-30e-xdrive-46899453,Ekris Maastricht
BMW X3,30e xDrive | M Sportpakket Pro | Innovation Pack | Premium Pack,2025,5 km,Hybride benzine,"85.262,-","1.043,-",https://www.ekris.nl/bmw/p/47014793/bmw-x3-30e-xdrive-47014793,Ekris Arnhem
BMW X3,30e xDrive | M Sportpakket | M Sportpakket Pro | Equipment Pack Pro | Premium Pack,2025,5 km,Hybride benzine,"85.852,-","1.050,-",https://www.ekris.nl/bmw/p/46042191/bmw-x3-30e-xdrive-46042191,Ekris Veenendaal
BMW i5,Touring eDrive40 M Sport Edition M Sportpakket Pro | Innovation Pack | Travel Pack | Comfort Pack | Glazen panoramadak | Driving Assistant Professional,2025,12.541 km,Elektrisch,"85.900,-","971,-",https://www.ekris.nl/bmw/p/42795435/bmw-i5-touring-edrive40-m-sport-edition-42795435,Ekris Zeist
BMW X3,30e xDrive | M Sport Pro | Trekhaak | Driving Assistant Profesional |,2025,13.000 km,Hybride benzine,"85.950,-","1.131,-",https://www.ekris.nl/bmw/p/43291832/bmw-x3-30e-xdrive-43291832,Ekris Groningen
BMW 5 Serie,Sedan 550e xDrive | M Sportpakket | Innovation Pack | Comfort Pack,2024,28.981 km,Hybride benzine,"85.950,-","1.170,-",https://www.ekris.nl/bmw/p/43617422/bmw-5-serie-sedan-550e-xdrive-43617422,Ekris Heerlen
BMW 5 Serie,Touring 530e M Sport Edition,2025,24.105 km,Hybride benzine,"85.950,-","1.131,-",https://www.ekris.nl/bmw/p/42801431/bmw-5-serie-touring-530e-42801431,Ekris Veenendaal
BMW iX,xDrive50 Sportpakket | Comfort Access | Glazen panoramadak Sky Lounge | Driving Assistant Professional | HIFI System Harman Kardon | Parking Assistant Professional,2024,21.951 km,Elektrisch,"85.950,-","1.014,-",https://www.ekris.nl/bmw/p/44263598/bmw-ix-xdrive50-44263598,Ekris Zeist
BMW X3,30e xDrive M Sportpakket Pro | Professional Pack | Comfort Pack |,2025,11.254 km,Hybride benzine,"85.995,-","1.132,-",https://www.ekris.nl/bmw/p/42260589/bmw-x3-30e-xdrive-42260589,Ekris Utrecht
BMW 5 Serie,Touring 520i | M Sport Package | M Sport Package Pro | Travel Package,2025,5 km,Benzine,"86.093,-","1.133,-",https://www.ekris.nl/bmw/p/42328873/bmw-5-serie-touring-520i-42328873,Ekris Veenendaal
BMW X3,30e xDrive | M Sportpakket Pro | Equipment Pack Pro | Premium Pack,2025,5 km,Hybride benzine,"86.102,-","1.053,-",https://www.ekris.nl/bmw/p/46626343/bmw-x3-30e-xdrive-46626343,Ekris Zeist
BMW 4 Serie,Gran Coupé 420i | M Sport Package | M Sport Package Pro | Innovation Pack,2025,5 km,Benzine,"86.117,-","1.134,-",https://www.ekris.nl/bmw/p/42482513/bmw-4-serie-gran-coupe-420i-42482513,Ekris Veenendaal
BMW X3,30e xDrive | M Sportpakket Pro | Innovation Pack | Comfort Pack | Premium Pack,2025,5 km,Hybride benzine,"86.178,-","1.054,-",https://www.ekris.nl/bmw/p/46976422/bmw-x3-30e-xdrive-46976422,Ekris Utrecht
BMW 4 Serie,Gran Coupé 420i M Sportpakket Pro | Comfort Pack,2025,5 km,Benzine,"86.239,-","1.135,-",https://www.ekris.nl/bmw/p/41795342/bmw-4-serie-gran-coupe-420i-41795342,Ekris Heerenveen
BMW 4 Serie,420i Gran Coupé M Sportpakket Pro | Innovation Pack | Comfort Pack,2025,5 km,Benzine,"86.359,-","1.137,-",https://www.ekris.nl/bmw/p/45272813/bmw-4-serie-420i-gran-coupe-45272813,Ekris Maastricht
BMW 5 Serie,530e | M Sport Edition | M Sportpakket Pro | Equipment Pack Pro | Travel Pack,2025,5 km,Hybride benzine,"86.430,-","1.057,-",https://www.ekris.nl/bmw/p/46625331/bmw-5-serie-530e-46625331,Ekris Zeist
BMW 4 Serie,Gran Coupé 420i | M Sportpakket Pro | Innovation Pack | Comfort Pack,2025,5 km,Benzine,"86.636,-","1.140,-",https://www.ekris.nl/bmw/p/43431337/bmw-4-serie-gran-coupe-420i-43431337,Ekris Assen
BMW X3,30e xDrive | M Sportpakket Pro | Innovation Pack | Comfort Pack | Premium Pack,2025,5 km,Hybride benzine,"86.647,-","1.060,-",https://www.ekris.nl/bmw/p/47014797/bmw-x3-30e-xdrive-47014797,Ekris Maastricht
BMW X3,30e xDrive | M Sportpakket Pro | Innovation Pack | Comfort Pack | Premium Pack,2025,5 km,Hybride benzine,"86.758,-","1.061,-",https://www.ekris.nl/bmw/p/46956477/bmw-x3-30e-xdrive-46956477,Ekris Groningen
BMW 5 Serie,Touring 520i | M Sport Package | Equipment Package Pro | Travel Package,2025,5 km,Benzine,"86.885,-","1.144,-",https://www.ekris.nl/bmw/p/42482517/bmw-5-serie-touring-520i-42482517,Ekris Maastricht
BMW X3,30e xDrive M-Sportpakket Pro / Trekhaak / Panoramadak / Getint glas / Professional Pack / Driving assist prof / Alu wielen 21 inch,2025,3.500 km,Hybride benzine,"86.900,-","1.144,-",https://www.ekris.nl/bmw/p/46040385/bmw-x3-30e-xdrive-46040385,Ekris Heerenveen
BMW 3 Serie,Touring 330e xDrive | M Sportpakket Pro | Comfort Pack | Travel Pack | Innovation Pack | Entertainment Pack,2025,5 km,Hybride benzine,"86.929,-","1.064,-",https://www.ekris.nl/bmw/p/39745341/bmw-3-serie-touring-330e-xdrive-39745341,Ekris Arnhem
BMW 3 Serie,Touring M340i xDrive M Sportpakket Pro | Innovation Pack | Driving Assistant Professional,2024,22.862 km,Benzine,"86.950,-","1.184,-",https://www.ekris.nl/bmw/p/42410673/bmw-3-serie-touring-m340i-xdrive-42410673,Ekris Heerlen
BMW 2 Serie,Gran Coupé M235 xDrive | M Sportpakket Pro | Colorvision edition | Equipment Pack Pro | Convenience Pack | Travel Pack,2025,5 km,Benzine,"87.122,-","1.147,-",https://www.ekris.nl/bmw/p/41488528/bmw-2-serie-gran-coupe-m235-xdrive-41488528,Ekris Veenendaal
BMW X3,30e xDrive | M Sportpakket Pro | Innovation Pack | Comfort pack | Premium Pack,2025,5 km,Hybride benzine,"87.287,-","1.068,-",https://www.ekris.nl/bmw/p/46759784/bmw-x3-30e-xdrive-46759784,Ekris Heerenveen
BMW 4 Serie,420i Gran Coupé | M Sportpakket Pro | Innovation Pack | Comfort Pack,2025,5 km,Benzine,"87.512,-","1.152,-",https://www.ekris.nl/bmw/p/44018546/bmw-4-serie-420i-gran-coupe-44018546,Ekris Flevoland
BMW iX,xDrive50 High Executive 112 kWh null,2025,23.390 km,Elektrisch,"87.850,-","993,-",https://www.ekris.nl/bmw/p/47149008/bmw-ix-xdrive50-high-executive-112-kwh-47149008,Ekris Veenendaal
BMW X5,xDrive50e High Executive / Harman Kardon / Panoramadak / Trekhaak / 21'',2023,26.099 km,Hybride benzine,"87.900,-","1.197,-",https://www.ekris.nl/bmw/p/41798385/bmw-x5-xdrive50e-41798385,Ekris Flevoland
BMW X3,30e xDrive M Sportpakket Pro | Trekhaak met elektrisch wegklapbare kogel | Glazen panoramadak | Professional Pack | Comfort Pack,2025,2.500 km,Hybride benzine,"87.900,-","1.157,-",https://www.ekris.nl/bmw/p/47069528/bmw-x3-30e-xdrive-47069528,Ekris Zeist
BMW 5 Serie,Touring 530e xDrive M Sport Edition | M Sportpakket pro | Travel Pack,2025,4.006 km,Hybride benzine,"87.900,-","1.157,-",https://www.ekris.nl/bmw/p/47161602/bmw-5-serie-touring-530e-xdrive-47161602,Ekris Assen
BMW X3,M40d xDrive High Executive | M Sport Plus Pack | Safety Pack | Panoramadak | Adaptieve LED | Head-Up Display | Driving Assistant | Harman Kardon,2024,9.703 km,Diesel,"87.950,-","1.198,-",https://www.ekris.nl/bmw/p/40802027/bmw-x3-m40d-xdrive-40802027,Ekris Utrecht
BMW 4 Serie,420i Coupé | M Sportpakket Pro | Innovation Pack | Comfort Pack,2025,5 km,Benzine,"87.994,-","1.158,-",https://www.ekris.nl/bmw/p/46627232/bmw-4-serie-420i-coupe-46627232,Ekris Nijkerk
BMW X3,30e xDrive | M Sportpakket Pro | Equipment Pack Pro | Comfort Pack | Premium Pack,2025,5 km,Hybride benzine,"88.099,-","1.078,-",https://www.ekris.nl/bmw/p/46626574/bmw-x3-30e-xdrive-46626574,Ekris Heerlen
BMW X3,30e xDrive | M Sportpakket Pro | Innovation Pack | Comfort Pack | Premium Pack,2025,5 km,Hybride benzine,"88.194,-","1.079,-",https://www.ekris.nl/bmw/p/45493421/bmw-x3-30e-xdrive-45493421,Ekris Nijkerk
BMW i5,eDrive40 Sedan | M Sport Edition | M Sportpakket Pro | Innovation Pack | Comfort Pack | Travel Pack,2025,5 km,Elektrisch,"88.250,-","1.100,-",https://www.ekris.nl/bmw/p/45494249/bmw-i5-edrive40-sedan-45494249,Ekris Groningen
BMW 4 Serie,420i Coupé | M Sportpakket Pro | Innovation Pack | Comfort Pack,2025,5 km,Benzine,"88.261,-","1.162,-",https://www.ekris.nl/bmw/p/45289498/bmw-4-serie-420i-coupe-45289498,Ekris Arnhem
BMW 5 Serie,520i Sedan M Sport | Comfortstoelen / Trekhaak / Harman-Kardon / Driving + Parking Assistant Professional / Adaptief onderstel Professional / 20 Inch,2025,8.500 km,Benzine,"88.355,-","1.163,-",https://www.ekris.nl/bmw/p/46644545/bmw-5-serie-520i-sedan-46644545,Ekris Veenendaal
BMW 5 Serie,Touring 530e M Sportpakket Pro 20'' / Panoramadak / Stoelventilatie / Harman Kardon / Trekhaak,2025,3.200 km,Hybride benzine,"88.450,-","1.164,-",https://www.ekris.nl/bmw/p/46392596/bmw-5-serie-touring-530e-46392596,Ekris Veenendaal
BMW 5 Serie,Touring 520i | M Sportpakket Pro | Equipment Pack Pro | Travel Pack,2025,5 km,Benzine,"88.495,-","1.165,-",https://www.ekris.nl/bmw/p/41123324/bmw-5-serie-touring-520i-41123324,Ekris Veenendaal
BMW X3,30e xDrive null,2025,5 km,Hybride benzine,"88.499,-","1.083,-",https://www.ekris.nl/bmw/p/46626461/bmw-x3-30e-xdrive-46626461,Ekris Assen
BMW X3,xDrive30e | M Sport Package Pro | Equipment Package Pro | Comfort Package | Premium Pack,2025,5 km,Hybride benzine,"88.567,-","1.084,-",https://www.ekris.nl/bmw/p/46059331/bmw-x3-xdrive30e-46059331,Ekris Veenendaal
BMW X3,30e xDrive M Sportpakket Pro | Comfort Pakket | Premium Pakket,2025,5 km,Hybride benzine,"88.567,-","1.084,-",https://www.ekris.nl/bmw/p/46899691/bmw-x3-30e-xdrive-46899691,Ekris Veenendaal
BMW X3,30e xDrive | M Sportpakket Pro | Innovation Pack | Comfort Pack | Premium Pack,2025,5 km,Hybride benzine,"88.567,-","1.084,-",https://www.ekris.nl/bmw/p/46956398/bmw-x3-30e-xdrive-46956398,Ekris Heerenveen
BMW i5,eDrive40 | M Sport Edition | M Sportpakket Pro | Innovation Pack | Travel Pack,2025,5 km,Elektrisch,"88.693,-","1.002,-",https://www.ekris.nl/bmw/p/45288961/bmw-i5-edrive40-m-sport-edition-45288961,Ekris Maastricht
BMW X5,xDrive50e M Sportpakket | Innovation Pack | Travel Pack | Panoramadak | Driving Assistant | DAB | Harman Kardon | 21'',2023,35.500 km,Hybride benzine,"88.695,-","1.208,-",https://www.ekris.nl/bmw/p/45353275/bmw-x5-xdrive50e-45353275,Ekris Utrecht
BMW 5 Serie,530e Sedan | M Sport Edition | M Sportpakket | Innovation Pack | Travel Pack | Comfort Pack,2025,5 km,Hybride benzine,"88.882,-","1.087,-",https://www.ekris.nl/bmw/p/46955983/bmw-5-serie-530e-sedan-46955983,Ekris Assen
BMW 5 Serie,530e Sedan | M Sport Edition | M Sportpakket | Innovation Pack | Travel Pack | Comfort Pack,2025,5 km,Hybride benzine,"88.884,-","1.088,-",https://www.ekris.nl/bmw/p/46974605/bmw-5-serie-530e-sedan-46974605,Ekris Groningen
BMW X3,30e xDrive M Sportpakket Pro | Equipment Package Professional | Comfort Pakket,2025,5 km,Hybride benzine,"88.895,-","1.088,-",https://www.ekris.nl/bmw/p/46899253/bmw-x3-30e-xdrive-46899253,Ekris Heerenveen
BMW i5 Touring,M60 xDrive | M Sportpakket Pro | Innovation Pack | Verwarmd Stuurwiel | Comfort Access | Panoramadak | Stoelverwarming | Bowers & Wilkins | Trekhaak,2024,26.551 km,Elektrisch,"88.895,-","1.048,-",https://www.ekris.nl/bmw/p/46539793/bmw-i5-touring-m60-xdrive-46539793,Ekris Arnhem
BMW 5 Serie,Touring 530e null,2025,0 km,Hybride benzine,"88.995,-","1.089,-",https://www.ekris.nl/bmw/p/45876427/bmw-5-serie-touring-530e-45876427,Ekris Utrecht
BMW i5,eDrive40 Sedan M Sport Edition | M Sportpakket Pro | Innovation Pack | Comfort Pack | Travel Pack,2025,5 km,Elektrisch,"89.051,-","1.006,-",https://www.ekris.nl/bmw/p/46846677/bmw-i5-edrive40-sedan-46846677,Ekris Maastricht
BMW 5 Serie,Touring 520i | M Sportpakket Pro | Equipment Pack Pro | Travel Pack,2025,5 km,Benzine,"89.067,-","1.172,-",https://www.ekris.nl/bmw/p/46846715/bmw-5-serie-touring-520i-46846715,Ekris Maastricht
BMW X3,30e xDrive M Sportpakket Pro | Equipment Package Professional | Comfort Pakket,2025,5 km,Hybride benzine,"89.087,-","1.090,-",https://www.ekris.nl/bmw/p/46899572/bmw-x3-30e-xdrive-46899572,Ekris Zeist
BMW 5 Serie,530e | M Sport Edition | M Sportpakket Pro | Equipment Pack Pro | Travel Pack | Comfort Pack,2025,5 km,Hybride benzine,"89.102,-","1.090,-",https://www.ekris.nl/bmw/p/46624949/bmw-5-serie-530e-46624949,Ekris Arnhem
BMW 5 Serie,Touring 520i | M Sportpakket Pro | Equipment Pack Pro | Travel Pack,2025,5 km,Benzine,"89.355,-","1.176,-",https://www.ekris.nl/bmw/p/41230299/bmw-5-serie-touring-520i-41230299,Ekris Veenendaal
BMW i5,Sedan eDrive40 M Sportpakket 20'' / Panoramadak / Comfortstoelen / Harman Kardon / Driving Assistant Plus,2025,12 km,Elektrisch,"89.644,-","1.013,-",https://www.ekris.nl/bmw/p/44480847/bmw-i5-sedan-edrive40-44480847,Ekris Veenendaal
BMW 5 Serie,Touring 520i | M Sportpakket Pro | Equipment Pack Pro | Travel Pack,2025,5 km,Benzine,"89.693,-","1.181,-",https://www.ekris.nl/bmw/p/44018244/bmw-5-serie-touring-520i-44018244,Ekris Flevoland
BMW X3,30e xDrive | M Sportpakket Pro | Innovation Pack | Comfort Pack | Premium Pack,2025,5 km,Hybride benzine,"89.727,-","1.098,-",https://www.ekris.nl/bmw/p/45185931/bmw-x3-30e-xdrive-45185931,Ekris Veenendaal
BMW i4,xDrive40 | M Sportpakket Pro | Innovation Pack | Comfort Pack,2025,5 km,Elektrisch,"89.821,-","1.015,-",https://www.ekris.nl/bmw/p/45301540/bmw-i4-xdrive40-45301540,Ekris Arnhem
BMW 5 Serie,Touring 520i | M Sportpakket Pro | Equipment Pack Pro | Travel Pack,2025,5 km,Benzine,"89.874,-","1.183,-",https://www.ekris.nl/bmw/p/41230245/bmw-5-serie-touring-520i-41230245,Ekris Veenendaal
BMW X3,xDrive30d | M-Sportpakket | Laserlicht | Leder | HUD | Trekhaak | Schuifdak | Elektr. zetels | Active cruise | DAB | Harman-kardon sound | Alu 21 inch,2024,16.000 km,Diesel,"89.900,-","1.224,-",https://www.ekris.nl/bmw/p/44266245/bmw-x3-xdrive30d-44266245,Ekris Heerenveen
BMW 5 Serie,Touring 540i xDrive | M-sportpakket | Laserlicht | HUD | Schuifdak | Trekhaak | Elektr. zetels | DAB | Harman-kardon sound | Alu 19 inch,2024,12.000 km,Benzine,"89.900,-","1.224,-",https://www.ekris.nl/bmw/p/45055611/bmw-5-serie-touring-540i-xdrive-45055611,Ekris Heerenveen
BMW 3 Serie,Touring M340i xDrive | M-Sportpakket | LED | Leder | HUD | Schuifdak | Active cruise | Elektr. zetels | DAB | Harman-kardon sound | Alu 19 inch,2024,12.000 km,Benzine,"89.900,-","1.224,-",https://www.ekris.nl/bmw/p/44265310/bmw-3-serie-touring-m340i-xdrive-44265310,Ekris Heerenveen
BMW 4 Serie,Gran Coupe M440i xDrive | M-Sportpakket | LED | Leder | HUD | Schuifdak | trekhaak | Elektr. zetels | DAB | Harman-kardon sound | Alu 19 inch,2025,9.000 km,Benzine,"89.900,-","1.183,-",https://www.ekris.nl/bmw/p/46653545/bmw-4-serie-gran-coupe-m440i-xdrive-46653545,Ekris Heerenveen
BMW i5,Sedan M60 xDrive 84 kWh | M-Sportpakket | LED | HUD | Schuifdak | trekhaak | Active cruise | DAB | Bowers @ Wilkins sound | Alu 21 inch,2025,4.000 km,Elektrisch,"89.900,-","1.016,-",https://www.ekris.nl/bmw/p/46931935/bmw-i5-sedan-m60-xdrive-84-kwh-46931935,Ekris Heerenveen
BMW i5,eDrive40 M Sport Edition | M Sportpakket | M Sportpakket Pro | Equipment Pack Pro | Travel Pack | Comfort pack,2025,5 km,Elektrisch,"89.904,-","1.016,-",https://www.ekris.nl/bmw/p/45494080/bmw-i5-edrive40-45494080,Ekris Utrecht
BMW 8 Serie,Coupé 840i CoPilot / Active Steering / Laserlight / Harman Kardon,2024,19.128 km,Benzine,"89.950,-","1.225,-",https://www.ekris.nl/bmw/p/40134477/bmw-8-serie-coupe-840i-40134477,Ekris Veenendaal
BMW i5,Sedan eDrive40 | M Sportpakket Pro | Innovation Pack | Travel Pack | Comfort Pack,2025,5 km,Elektrisch,"90.034,-","1.018,-",https://www.ekris.nl/bmw/p/43951399/bmw-i5-sedan-edrive40-43951399,Ekris Heerenveen
BMW 4 Serie,420i Gran Coupé | M Sportpakket Pro | Innovation Pack | Comfort Pack,2025,5 km,Benzine,"90.128,-","1.186,-",https://www.ekris.nl/bmw/p/46625077/bmw-4-serie-420i-gran-coupe-46625077,Ekris Heerenveen
BMW X3,30e xDrive | M Sportpakket Pro | Equipment pack Pro | Comfort Pack | Premium Pack,2025,5 km,Hybride benzine,"90.240,-","1.104,-",https://www.ekris.nl/bmw/p/40646357/bmw-x3-30e-xdrive-40646357,Ekris Zeist
BMW 5 Serie,Touring 530e M Sport Edition | M Sportpakket Pro | Travel Pack | Comfort Pack,2025,5 km,Hybride benzine,"90.391,-","1.106,-",https://www.ekris.nl/bmw/p/46059384/bmw-5-serie-touring-530e-46059384,Ekris Nijkerk
BMW 5 Serie,530e | M Sport Edition | M Sportpakket Pro | Equipment Pack Pro | Travel Pack | Comfort Pack,2025,5 km,Hybride benzine,"90.592,-","1.108,-",https://www.ekris.nl/bmw/p/46624769/bmw-5-serie-530e-46624769,Ekris Heerenveen
BMW 2 Serie,Gran Coupé M235 xDrive | M Sportpakket Pro | Innovation Pack | Extra Voordeel,2025,0 km,Benzine,"90.911,-","1.197,-",https://www.ekris.nl/bmw/p/44480581/bmw-2-serie-gran-coupe-m235-xdrive-44480581,Ekris Utrecht
BMW 5 Serie,530e | M Sport Edition | M Sportpakket Pro | Equipment Pack Pro | Travel Pack | Comfort Pack,2025,5 km,Hybride benzine,"90.966,-","1.113,-",https://www.ekris.nl/bmw/p/46624513/bmw-5-serie-530e-46624513,Ekris Utrecht
BMW X3,30e xDrive M Sportpakket Pro | Equipment Package Professional | Comfortpakket,2025,5 km,Hybride benzine,"91.068,-","1.114,-",https://www.ekris.nl/bmw/p/46899998/bmw-x3-30e-xdrive-46899998,Ekris Flevoland
BMW 4 Serie,420i Cabrio | M Sportpakket Pro | Innovation Pack | Comfort Pack,2025,5 km,Benzine,"91.085,-","1.199,-",https://www.ekris.nl/bmw/p/46627291/bmw-4-serie-420i-cabrio-46627291,Ekris Veenendaal
BMW 5 Serie,Touring 530e M-Sportpakket Pro / Equipment Pack / Travel Pack / Comfort Pack / Panoramadak / Trekhaak,2025,5 km,Hybride benzine,"91.159,-","1.115,-",https://www.ekris.nl/bmw/p/46535443/bmw-5-serie-touring-530e-46535443,Ekris Heerenveen
BMW i5,Sedan eDrive40 | M Sport Edition | M Sportpakket Pro | Innovation Pack | Travel Pack | Comfort Pack,2025,5 km,Elektrisch,"91.180,-","1.031,-",https://www.ekris.nl/bmw/p/43331733/bmw-i5-sedan-edrive40-m-sport-edition-43331733,Ekris Maastricht
BMW i5,Sedan eDrive40 | M Sport Edition | M Sportpakket Pro | Innovation Pack | Travel Pack | Comfort Pack,2025,5 km,Elektrisch,"91.262,-","1.031,-",https://www.ekris.nl/bmw/p/45341367/bmw-i5-sedan-edrive40-45341367,Ekris Heerenveen
BMW 5 Serie,Touring 530e | M Sportpakket Pro | Individual Lak | Comfort Pack | Travel Pack | Trekhaak,2025,5 km,Hybride benzine,"91.267,-","1.117,-",https://www.ekris.nl/bmw/p/46625523/bmw-5-serie-touring-46625523,Ekris Heerlen
BMW 5 Serie,Touring 530e | M Sportpakket Pro | Individual Lak | Travel Pack | Comfort Pack,2025,5 km,Hybride benzine,"91.267,-","1.117,-",https://www.ekris.nl/bmw/p/46625172/bmw-5-serie-touring-46625172,Ekris Flevoland
BMW 5 Serie,Touring 530e | M Sportpakket Pro | Individual lak | Travel Pack | Innovation Pack,2025,5 km,Hybride benzine,"91.267,-","1.117,-",https://www.ekris.nl/bmw/p/46625187/bmw-5-serie-touring-46625187,Ekris Nijkerk
BMW 5 Serie,Touring 530e | M Sportpakket Pro | Individual lak | Innovation Pack,2025,5 km,Hybride benzine,"91.267,-","1.117,-",https://www.ekris.nl/bmw/p/46625202/bmw-5-serie-touring-46625202,Ekris Maastricht
BMW 5 Serie,Touring 530e | M Sportpakket Pro | Individual Lak | Innovation Pack | Comfort Pack,2025,5 km,Hybride benzine,"91.267,-","1.117,-",https://www.ekris.nl/bmw/p/46625143/bmw-5-serie-touring-46625143,Ekris Arnhem
BMW 5 Serie,Touring 530e M-Sportpakket Pro / Individual lak / Equipment Pack / Travel Pack / Comfort Pack / Harman Kardon / Trekhaak,2025,5 km,Hybride benzine,"91.267,-","1.117,-",https://www.ekris.nl/bmw/p/46535552/bmw-5-serie-touring-530e-46535552,Ekris Heerenveen
BMW i5,eDrive40 | M Sport Edition | M Sportpakket Pro | Travel Pack | Comfort Pack,2025,5 km,Elektrisch,"91.321,-","1.032,-",https://www.ekris.nl/bmw/p/45187097/bmw-i5-edrive40-m-sport-edition-45187097,Ekris Flevoland
BMW i5,eDrive40 | M Sportpakket Pro | Innovation Pack | Trekhaak | Travel Pack | Bowers & Wilkins,2025,5 km,Elektrisch,"91.812,-","1.038,-",https://www.ekris.nl/bmw/p/47010507/bmw-i5-47010507,Ekris Nijkerk
BMW i4,xDrive40 | M Sportpakket Pro | Innovation Pack | Comfort Pack,2025,5 km,Elektrisch,"91.820,-","1.038,-",https://www.ekris.nl/bmw/p/46129616/bmw-i4-xdrive40-46129616,Ekris Utrecht
BMW 5 Serie,Sedan 550e xDrive | M Sportpakket Pro | Equipment Pack Pro | Verwarmd Stuurwiel | Comfort Access | Panoramadak | Stoelventilatie | Bowers & Wilkins | Stoelverwarming,2025,20.255 km,Hybride benzine,"91.895,-","1.210,-",https://www.ekris.nl/bmw/p/44981978/bmw-5-serie-sedan-550e-xdrive-44981978,Ekris Arnhem
BMW M2,Coupé CS 19'' / M Driver's Package / Harman Kardon / M Carbondak / Adaptief M onderstel,2020,43.454 km,Benzine,"91.900,-","1.251,-",https://www.ekris.nl/bmw/p/43480846/bmw-m2-coupe-cs-43480846,Ekris Veenendaal
BMW 5 Serie,Touring 530e M Sportpakket Pro | M Sport Edition | Innovation Pack | Comfort Pack,2025,5 km,Hybride benzine,"92.113,-","1.127,-",https://www.ekris.nl/bmw/p/47011761/bmw-5-serie-touring-530e-47011761,Ekris Assen
BMW 1 Serie,5-deurs M135i xDrive | M Sportpakket Pro | Innovation Pack | Nieuw,2025,5 km,Benzine,"92.517,-","1.218,-",https://www.ekris.nl/bmw/p/44480528/bmw-1-serie-5-deurs-m135i-xdrive-44480528,Ekris Heerenveen
BMW 1 Serie,5-deurs M135 xDrive | M Sportpakket Pro | Premium Pack | Nieuw,2025,5 km,Benzine,"92.533,-","1.218,-",https://www.ekris.nl/bmw/p/46669297/bmw-1-serie-5-deurs-m135-xdrive-46669297,Ekris Arnhem
BMW 3 Serie,Sedan 330i M Sportpakket | Comfort Pack,2025,5 km,Benzine,"92.578,-","1.219,-",https://www.ekris.nl/bmw/p/43615416/bmw-3-serie-sedan-330i-43615416,Ekris Arnhem
BMW M2,Coupé | M Driver's Pack | | M Drive Professional | Comfort Access | Achteruitrijcamera | Stoelverwarming | Harman Kardon | Verwarmd Stuurwiel,2024,16.376 km,Benzine,"92.595,-","1.261,-",https://www.ekris.nl/bmw/p/45869375/bmw-m2-coupe-45869375,Ekris Arnhem
BMW i5,M60 xDrive 84 kWh Panoramadak/ Stoelventilatie/ Comfort Pack/ Driving Assistant Professional/,2024,4.712 km,Elektrisch,"92.850,-","1.095,-",https://www.ekris.nl/bmw/p/43721044/bmw-i5-m60-xdrive-84-kwh-43721044,Ekris Flevoland
BMW X5,xDrive50e | M-Sportpakket | LED | Leder | HUD | Comfortzetels | Keyles go | Chrome line | DAB | Harman-kardon sound | Alu 21 inch,2024,34.000 km,Hybride benzine,"92.900,-","1.265,-",https://www.ekris.nl/bmw/p/47052227/bmw-x5-xdrive50e-47052227,Ekris Heerenveen
BMW X5,xDrive50e Launch Edition | M Sportpakket | Innovation Pack | Comfort Plus-Pack |,2023,42.288 km,Hybride benzine,"92.900,-","1.265,-",https://www.ekris.nl/bmw/p/45763182/bmw-x5-xdrive50e-launch-edition-45763182,Ekris Groningen
BMW 8 Serie,Gran Coupé 840i | High Executive | M Sportpakket Pro | Panodak | Driving Assistant Prof. | Active Steering | Harman Kardon | Soft Close | Head-Up | 20'' LMV,2023,34.233 km,Benzine,"92.900,-","1.265,-",https://www.ekris.nl/bmw/p/47107535/bmw-8-serie-gran-coupe-840i-47107535,Ekris Nijkerk
BMW X5,xDrive50e M Sport Pro | Luchtvering / Trekhaak / Memory Stoelen / Warmtecomfort Pack / Comfort Access / 22 Inch /,2024,23.941 km,Hybride benzine,"92.900,-","1.265,-",https://www.ekris.nl/bmw/p/46644952/bmw-x5-xdrive50e-46644952,Ekris Veenendaal
BMW i5,M60 xDrive M Sportpakket Pro | Innovation Pack | Travel Pack | Comfort Pack | Stuurwielrand Verwarmd | Adaptief M Onderstel Professional | Driving Assistant Professional | Harman Kardon | 21'',2025,10.950 km,Elektrisch,"92.950,-","1.051,-",https://www.ekris.nl/bmw/p/43885091/bmw-i5-m60-xdrive-43885091,Ekris Utrecht
BMW i5,Sedan xDrive40 M Sportpakket | Innovation Pack | Travel Pack,2025,5 km,Elektrisch,"93.477,-","1.057,-",https://www.ekris.nl/bmw/p/39674131/bmw-i5-sedan-xdrive40-39674131,Ekris Veenendaal
BMW 4 Serie,Gran Coupé 420i | M Sportpakket | M Sportpakket Pro,2025,0 km,Benzine,"93.799,-","1.235,-",https://www.ekris.nl/bmw/p/41841834/bmw-4-serie-gran-coupe-420i-41841834,Ekris Veenendaal
BMW 5 Serie,Touring 520i | M Sportpakket Pro | Travel Pack | Comfort Pack,2025,5 km,Benzine,"93.861,-","1.235,-",https://www.ekris.nl/bmw/p/41386392/bmw-5-serie-touring-520i-41386392,Ekris Veenendaal
BMW i7,xDrive60 M Sportpakket | Exclusive Lounge | Connoisseur Pack | Executive Drive Pro | Executive Lounge Seating | Driving Assistant Professional,2023,59.791 km,Elektrisch,"93.900,-","1.107,-",https://www.ekris.nl/bmw/p/45678411/bmw-i7-xdrive60-45678411,Ekris Maastricht
BMW X3,xDrive20i M Sportpakket Pro | Premium Pack,2025,5 km,Benzine,"94.369,-","1.242,-",https://www.ekris.nl/bmw/p/42033482/bmw-x3-xdrive20i-42033482,Ekris Zeist
BMW i5,eDrive40 | M Sport Edition | M Sportpakket | Innovation Pack | Travel Pack | Comfort Pack,2025,5 km,Elektrisch,"94.658,-","1.180,-",https://www.ekris.nl/bmw/p/45187126/bmw-i5-edrive40-m-sport-edition-45187126,Ekris Groningen
BMW i5,eDrive40 | M Sport Package | M Sport Package Pro | Equipment Package Pro | Travel Package | Comfort Package,2025,5 km,Elektrisch,"94.776,-","1.071,-",https://www.ekris.nl/bmw/p/44480861/bmw-i5-edrive40-44480861,Ekris Utrecht
BMW 5 Serie,Touring 530e M-Sportpakket pro / Trekhaak / Panoramadak / Travel Pack / Innovation Pack / Park assist / Alu wielen 21 inch,2025,8.000 km,Hybride benzine,"94.900,-","1.249,-",https://www.ekris.nl/bmw/p/45217498/bmw-5-serie-touring-530e-45217498,Ekris Heerenveen
BMW X5,xDrive50e | M Sportpakket | Innovation Pack | Comfort Pack | Trekhaak | Panorama,2023,45.917 km,Hybride benzine,"94.900,-","1.292,-",https://www.ekris.nl/bmw/p/45479862/bmw-x5-xdrive50e-45479862,Ekris Zeist
BMW X5,xDrive50e M Sportpakket Pro | Travel Pack | Innovation Pack | Comfort Plus Pack | 22 inch BMW Individual Multispaak (styling 745 I) Bicolor | Trekhaak met elektrisch wegklapbare kogel,2023,41.772 km,Hybride benzine,"94.900,-","1.292,-",https://www.ekris.nl/bmw/p/46311047/bmw-x5-xdrive50e-46311047,Ekris Zeist
BMW 5 Serie,Touring 550e xDrive M Sport Pro | Bowers & Wilkins / Comfortstoelen / Trekhaak / Panoramadak / Head-up / Driving Assistant Professional / Adaptief onderstel professional / 20 inch,2025,32.300 km,Hybride benzine,"94.900,-","1.249,-",https://www.ekris.nl/bmw/p/47018500/bmw-5-serie-touring-550e-xdrive-47018500,Ekris Veenendaal
BMW 1 Serie,M135i xDrive Full Options | Elektr. Verst. Stoelen | Panoramadak | Sportstoelen Pro | Harman/Kardon | Head Up,2025,10 km,Benzine,"94.904,-","1.249,-",https://www.ekris.nl/bmw/p/44480540/bmw-1-serie-m135i-xdrive-44480540,Ekris Veenendaal
BMW 1 Serie,M135 xDrive M Sportpakket Pro | Innovation Pack,2025,5 km,Benzine,"95.161,-","1.253,-",https://www.ekris.nl/bmw/p/47011710/bmw-1-serie-m135-xdrive-47011710,Ekris Groningen
BMW i5,eDrive40 | M Sport Edition | M Sportpakket | Innovation Pack | Travel Pack | Comfort Pack,2025,5 km,Elektrisch,"95.298,-","1.077,-",https://www.ekris.nl/bmw/p/45187051/bmw-i5-edrive40-m-sport-edition-45187051,Ekris Arnhem
BMW X3,xDrive20i M Sportpakket | Comfort Pack | Premium Pack,2025,18.321 km,Benzine,"95.490,-","1.257,-",https://www.ekris.nl/bmw/p/42802943/bmw-x3-xdrive20i-42802943,Ekris Veenendaal
BMW X5,xDrive50e M Sportpakket Pro/ 22 inch LM/ Comfort Access/ Soft-Close/ Trekhaak/ panoramadak/ Stoelventilatie/ Comfortstoelen/ Harman-Kardon/ Driving Assistant Professional,2024,50.500 km,Hybride benzine,"95.500,-","1.300,-",https://www.ekris.nl/bmw/p/47066186/bmw-x5-xdrive50e-47066186,Ekris Flevoland
BMW 8 Serie,Gran Coupé 840i | M-Sportpakket | Laserlicht | Leder | HUD | Schuifdak | Elektr. zetels | Active cruise contole | DAB | Alu 19 inch,2024,20.000 km,Benzine,"95.900,-","1.306,-",https://www.ekris.nl/bmw/p/44437870/bmw-8-serie-gran-coupe-840i-44437870,Ekris Heerenveen
BMW X3,M40i xDrive | M-Sportpakket | Laserlicht | Leder | HUD | Schuifdak | Trekhaak | Elektr. zetels | DAB | Harman-kardon sound | Alu 20 inch,2024,25.000 km,Benzine,"95.900,-","1.306,-",https://www.ekris.nl/bmw/p/46585651/bmw-x3-m40i-xdrive-46585651,Ekris Heerenveen
BMW i4,M60 | M Sportpakket Pro | Innovation Pack | Comfort Pack,2025,5 km,Elektrisch,"95.964,-","1.085,-",https://www.ekris.nl/bmw/p/46629255/bmw-i4-m60-46629255,Ekris Utrecht
BMW i4,Gran Coupé M50 | M Sportpakket Pro | Innovation Pack | Comfort Pack,2025,5 km,Elektrisch,"96.036,-","1.085,-",https://www.ekris.nl/bmw/p/44851625/bmw-i4-gran-coupe-m50-44851625,Ekris Veenendaal
BMW i4,M60 | M Sportpakket Pro | Innovation Pack | Comfort Pack,2025,5 km,Elektrisch,"96.119,-","1.086,-",https://www.ekris.nl/bmw/p/46629251/bmw-i4-m60-46629251,Ekris Maastricht
BMW 5 Serie,Touring 530e | M Sportpakket Pro | Innovation Pack | Travel Pack | Comfort Pack,2025,5 km,Hybride benzine,"96.298,-","1.178,-",https://www.ekris.nl/bmw/p/39496166/bmw-5-serie-touring-530e-39496166,Ekris Utrecht
BMW X3,xDrive20i M Sportpakket Pro | Comfort Pack | Premium Pack,2025,5 km,Benzine,"96.354,-","1.268,-",https://www.ekris.nl/bmw/p/42235942/bmw-x3-xdrive20i-42235942,Ekris Utrecht
BMW 4 Serie,420i Cabrio | M Sportpakket Pro | Innovation Pack | Comfort Pack,2025,5 km,Benzine,"96.406,-","1.269,-",https://www.ekris.nl/bmw/p/45677430/bmw-4-serie-420i-cabrio-45677430,Ekris Utrecht
BMW i5,eDrive40 M Sportpakket | Comfortstoelen | Driving Assistant Plus,2025,2.500 km,Elektrisch,"96.967,-","1.096,-",https://www.ekris.nl/bmw/p/45408767/bmw-i5-edrive40-45408767,Ekris Maastricht
BMW i5,eDrive40 | M Sportpakket | Innovation Pack | Travel Pack | Comfort Pack,2025,2.500 km,Elektrisch,"96.967,-","1.096,-",https://www.ekris.nl/bmw/p/45410334/bmw-i5-edrive40-45410334,Ekris Maastricht
BMW 4 Serie,Gran Coupe 430i | High Executive | M Sportpakket Pro | Safety Pack | Personal CoPilot Pack,2025,2.500 km,Benzine,"97.311,-","1.281,-",https://www.ekris.nl/bmw/p/45410041/bmw-4-serie-gran-coupe-430i-45410041,Ekris Maastricht
BMW i5,Sedan eDrive40 M Sportpakket 20'' / Panoramadak / Harman Kardon / Stoelventilatie / Trekhaak,2025,4.300 km,Elektrisch,"97.394,-","1.101,-",https://www.ekris.nl/bmw/p/44745219/bmw-i5-sedan-edrive40-44745219,Ekris Veenendaal
BMW 2 Serie,M235 xDrive Gran Coupé | M Sportpakket Pro | Innovation Pack | Extra Voordeel,2025,5 km,Benzine,"97.447,-","1.283,-",https://www.ekris.nl/bmw/p/45677411/bmw-2-serie-m235-xdrive-gran-coupe-45677411,Ekris Flevoland
BMW I5 EDRIVE40,M Sport | Panoramadak / Comfortstoelen / Head-up / Trekhaak / Harman Kardon / Parking Assistant Professional / Stoelventilatie + Stoelverwarming Voor & Achter,2025,3.500 km,Elektrisch,"97.450,-","1.101,-",https://www.ekris.nl/bmw/p/46295554/bmw-i5-edrive40-46295554,Ekris Veenendaal
BMW 2 Serie,Gran Coupé M235 xDrive | M Sportpakket Pro | Innovation Pack | Extra Voordeel,2025,0 km,Benzine,"97.739,-","1.286,-",https://www.ekris.nl/bmw/p/43615434/bmw-2-serie-gran-coupe-m235-xdrive-43615434,Ekris Maastricht
BMW X5,xDrive50e M Sportpakket Pro | Travel Pack | Innovation Pack | Comfort Pack | Integral Active Steering | Trekhaak | Panoramadak | Driving Assistant Professional | Harman Kardon | 21'',2024,34.457 km,Hybride benzine,"97.900,-","1.333,-",https://www.ekris.nl/bmw/p/47051293/bmw-x5-xdrive50e-47051293,Ekris Utrecht
BMW 5 Serie,Touring 550e xDrive M Sportpakket | Innovation Pack | Travel Pack | Comfort Pack | Trekhaak | Panoramadak | Driving Assistant Professional | Harman-Kardon | 20'',2025,9.785 km,Hybride benzine,"97.950,-","1.289,-",https://www.ekris.nl/bmw/p/44516436/bmw-5-serie-touring-550e-xdrive-44516436,Ekris Utrecht
BMW X5,xDrive50e M Sportpakket Pro/ 21 inch LM/ Comfort Access/ Elektrische Trekhaak/ panoramadak/ Stoelventilatie/ Comfortstoelen/ Harman-Kardon/ Massagefunctie voorstoelen,2024,39.826 km,Hybride benzine,"98.900,-","1.347,-",https://www.ekris.nl/bmw/p/46988048/bmw-x5-xdrive50e-46988048,Ekris Flevoland
BMW i5,eDrive40 M Sportpakket 20'' / Panoramadak / Comfortstoelen / Harman Kardon / Trekhaak,2025,6.731 km,Elektrisch,"98.950,-","1.118,-",https://www.ekris.nl/bmw/p/46295801/bmw-i5-edrive40-46295801,Ekris Veenendaal
BMW 5 Serie,Touring 520i | M Sportpakket | M Sportpakket Pro | Innovation Pack | Travel Pack,2025,0 km,Benzine,"99.537,-","1.310,-",https://www.ekris.nl/bmw/p/41842173/bmw-5-serie-touring-520i-41842173,Ekris Zeist
BMW X5,M50i High Executive | Safety Pack | BMW Personal CoPilot Pack | Trekhaak | Panoramadak | Driving Assistant Professional | Harman Kardon,2023,43.155 km,Benzine,"99.850,-","1.360,-",https://www.ekris.nl/bmw/p/44368514/bmw-x5-m50i-44368514,Ekris Utrecht
BMW X3,M50 | M Sportpakket Pro | Comfort Pack | 21 inch | Driving Assistant Plus | Parking Assistant Plus | Stuurwielverwarming | Comfort Access | Trekhaak,2024,19.335 km,Benzine,"99.895,-","1.360,-",https://www.ekris.nl/bmw/p/44877034/bmw-x3-m50-44877034,Ekris Arnhem
BMW i7,xDrive60 M Sport Individual Interieur / Skylounge / Active Steering / Connoisseur Pack,2024,37.633 km,Elektrisch,"99.900,-","1.178,-",https://www.ekris.nl/bmw/p/39055977/bmw-i7-xdrive60-39055977,Ekris Veenendaal
BMW X1,M35i | M Sportpakket Pro | Equipment Pack Pro | Travel Pack,2025,5 km,Benzine,"100.164,-","1.318,-",https://www.ekris.nl/bmw/p/44850346/bmw-x1-m35i-44850346,Ekris Veenendaal
BMW iX,xDrive45 M Sportpakket | M Sportpakket Pro | Comfort Pack icm M Sportpakket | Innovation Pack,2025,5 km,Elektrisch,"100.265,-","1.133,-",https://www.ekris.nl/bmw/p/45493736/bmw-ix-xdrive45-45493736,Ekris Arnhem
BMW iX,xDrive45 | M Sportpakket | Comfort Pack | Innotvation Pack,2025,5 km,Elektrisch,"101.865,-","1.151,-",https://www.ekris.nl/bmw/p/44319973/bmw-ix-xdrive45-44319973,Ekris Nijkerk
BMW iX,xDrive45 | M Sportpakket | Comfort Pack | Innovation Pack,2025,5 km,Elektrisch,"101.865,-","1.151,-",https://www.ekris.nl/bmw/p/44480927/bmw-ix-xdrive45-44480927,Ekris Flevoland
BMW 4 Serie,430i xDrive Gran Coupé | M Sportpakket Pro | Innovation Pack | Comfort Pack,2025,5 km,Benzine,"101.900,-","1.341,-",https://www.ekris.nl/bmw/p/46625150/bmw-4-serie-430i-xdrive-gran-coupe-46625150,Ekris Arnhem
BMW i5 Touring,eDrive40 M Sport Edition | Innovation Pack | Travel Pack | Comfort Pack | Stuurwielrand Verwarmd | Trekhaak | Panoramadak | Stoelventilatie | Driving Assistant Professional | Bowers & Wilkins | 20'',2025,2.987 km,Elektrisch,"101.995,-","1.153,-",https://www.ekris.nl/bmw/p/46058388/bmw-i5-touring-edrive40-46058388,Ekris Utrecht
BMW 5 Serie,Touring 530e | M Sportpakket Pro | Individual Lak | Innovation Pack | Comfort Pack | Iconic Glow,2025,0 km,Hybride benzine,"102.049,-","1.249,-",https://www.ekris.nl/bmw/p/46625159/bmw-5-serie-touring-46625159,Ekris Utrecht
BMW 5 Serie,Touring 530e | M Sportpakket Pro | Individual Lak | Trekhaak | Innovation Pack | Comfort Pack,2025,5 km,Hybride benzine,"102.049,-","1.249,-",https://www.ekris.nl/bmw/p/46625392/bmw-5-serie-touring-46625392,Ekris Veenendaal
BMW X3,xDrive20i M Sportpakket Pro | Comfort Pack | Premium Pack,2025,5 km,Benzine,"102.321,-","1.347,-",https://www.ekris.nl/bmw/p/43850098/bmw-x3-xdrive20i-43850098,Ekris Flevoland
BMW 4 Serie,430i xDrive Coupé | M Sportpakket Pro | Innovation Pack | Comfort Pack,2025,5 km,Benzine,"102.542,-","1.350,-",https://www.ekris.nl/bmw/p/45293104/bmw-4-serie-430i-xdrive-coupe-45293104,Ekris Veenendaal
BMW 4 Serie,Coupé 430i xDrive | M Sportpakket Pro | Innovation Pack | Comfort Pack,2025,5 km,Benzine,"102.625,-","1.351,-",https://www.ekris.nl/bmw/p/44419441/bmw-4-serie-coupe-430i-xdrive-44419441,Ekris Utrecht
BMW X5,xDrive50e | M Sportpakket Pro | Innovation Pack | Comfort Access | Stoelverwarming | Harman Kardon | Trekhaak,2024,39.207 km,Hybride benzine,"102.995,-","1.403,-",https://www.ekris.nl/bmw/p/46044487/bmw-x5-xdrive50e-46044487,Ekris Arnhem
BMW iX,xDrive45 | M Sportpakket Pro | Comfort Pack | Innovation Pack,2025,5 km,Elektrisch,"103.040,-","1.285,-",https://www.ekris.nl/bmw/p/46130008/bmw-ix-xdrive45-46130008,Ekris Assen
BMW X2,M35i xDrive | M Sport Package Pro | Equipment Package Pro,2025,5 km,Benzine,"103.330,-","1.360,-",https://www.ekris.nl/bmw/p/43487670/bmw-x2-m35i-xdrive-43487670,Ekris Groningen
BMW iX,xDrive40 | Sport Package,2025,5 km,Elektrisch,"103.522,-","1.291,-",https://www.ekris.nl/bmw/p/43487658/bmw-ix-xdrive40-43487658,Ekris Groningen
BMW iX,xDrive40 | Sport Package,2025,5 km,Elektrisch,"103.522,-","1.291,-",https://www.ekris.nl/bmw/p/43431269/bmw-ix-xdrive40-43431269,Ekris Assen
BMW X1,M35i | M Sportpakket Pro | Innovation Pack | Travel Pack,2025,5 km,Benzine,"103.610,-","1.364,-",https://www.ekris.nl/bmw/p/46672885/bmw-x1-m35i-46672885,Ekris Arnhem
BMW 5 Serie,Touring 530e 530e | M Sportpakket Pro | Individual Lak | Innovation Pack | Comfort Pack | Travel Pack | Trekhaak,2025,5 km,Hybride benzine,"104.044,-","1.273,-",https://www.ekris.nl/bmw/p/46625727/bmw-5-serie-touring-530e-46625727,Ekris Veenendaal
BMW X5,xDrive50e | M-Sportpakket | LED | HUD | Schuifdak | Trekhaak | Comfortzetels | DAB | Harman-kardon sound | Alu 22 inch,2024,23.000 km,Hybride benzine,"104.900,-","1.428,-",https://www.ekris.nl/bmw/p/44418293/bmw-x5-xdrive50e-44418293,Ekris Heerenveen
BMW 7 Serie,Sedan 740d xDrive | M-Sportpakket | LED | Leder | HUD | Schuifdak | Active steering | Shadow line,2024,35.000 km,Diesel,"104.900,-","1.428,-",https://www.ekris.nl/bmw/p/41391024/bmw-7-serie-sedan-740d-xdrive-41391024,Ekris Heerenveen
BMW 3 Serie,M3 Sedan xDrive Competition Parking Pack | Safety Pack | Stuurwielrand Verwarmd | Adaptief M Onderstel | Driving Assistant Professional | Laserlight | Head-Up Display | Harman Kardon | 19/20'',2022,35.835 km,Benzine,"104.950,-","1.429,-",https://www.ekris.nl/bmw/p/46059880/bmw-3-serie-m3-sedan-xdrive-competition-46059880,Ekris Utrecht
BMW iX,xDrive45 | M Sportpakket | M Sportpakket Pro | Comfort Pack icm M Sportpakket | Innovation Pack,2025,5 km,Elektrisch,"105.176,-","1.189,-",https://www.ekris.nl/bmw/p/45493583/bmw-ix-xdrive45-45493583,Ekris Maastricht
BMW 4 Serie,430i xDrive Cabrio | M Sportpakket Pro | Innovation Pack | Comfort Pack,2025,5 km,Benzine,"105.418,-","1.388,-",https://www.ekris.nl/bmw/p/46622292/bmw-4-serie-430i-xdrive-cabrio-46622292,Ekris Groningen
BMW iX xDrive40,Sport Pakket | Luchtvering / Soft-Close / Panoramadak / Comfort Stoelen / Head-up / Laserlight / Harman Kardon,2025,3.350 km,Elektrisch,"105.450,-","1.192,-",https://www.ekris.nl/bmw/p/46295578/bmw-ix-xdrive40-46295578,Ekris Veenendaal
BMW 4 Serie,430i xDrive Coupé | M Sportpakket Pro | Innovation Pack | Comfort Pack,2025,5 km,Benzine,"105.451,-","1.388,-",https://www.ekris.nl/bmw/p/45754781/bmw-4-serie-430i-xdrive-coupe-45754781,Ekris Heerenveen
BMW X5,xDrive50e | M Sportpakket Pro | Innovation Pack | Comfort Access | Soft-Close | Stoelverwarming | Stoelventilatie | Stoelmassage | Harman Kardon | 22'' | Trekhaak,2024,18.999 km,Hybride benzine,"105.595,-","1.438,-",https://www.ekris.nl/bmw/p/45381362/bmw-x5-xdrive50e-45381362,Ekris Arnhem
BMW X5,xDrive50e | M-Sport | 22inch | Harman/Kardon | Panoramadak Sky Lounge | Comfortzetels,2024,26.123 km,Hybride benzine,"105.900,-","1.442,-",https://www.ekris.nl/bmw/p/44478506/bmw-x5-xdrive50e-44478506,Ekris Assen
BMW X5,xDrive50e M Sportpakket Pro | Travel Pack | Innovation Pack | Comfort Pack | Adaptief onderstel met luchtvering op voor- en achteras | Trekhaak | Panoramadak | Driving Assistant Professional | Parking Assistant Professional | Harman Kardon | 21'',2024,10.780 km,Hybride benzine,"105.950,-","1.443,-",https://www.ekris.nl/bmw/p/43959192/bmw-x5-xdrive50e-43959192,Ekris Utrecht
BMW X5,xDrive50e M Sportpakket Pro 22'' / Panoramadak / Driving Assistant Professional / Harman Kardon / Warmte Comfortpakket voor,2024,34.312 km,Hybride benzine,"106.950,-","1.456,-",https://www.ekris.nl/bmw/p/46342938/bmw-x5-xdrive50e-46342938,Ekris Veenendaal
BMW iX,xDrive40 | High Executive | Sport Edition | BMW Personal CoPilot Pack | Sportpakket,2025,5 km,Elektrisch,"107.004,-","1.209,-",https://www.ekris.nl/bmw/p/43850107/bmw-ix-xdrive40-43850107,Ekris Arnhem
BMW iX,xDrive40 | High Executive | Sport Edition | BMW Personal CoPilot Pack | Sport Package,2025,5 km,Elektrisch,"107.323,-","1.213,-",https://www.ekris.nl/bmw/p/42482652/bmw-ix-xdrive40-42482652,Ekris Zeist
BMW 5 Serie,550e xDrive Sedan Individual Lak | M Sportpakket Pro | Comfort Pack | Travel Pack,2025,5 km,Hybride benzine,"107.496,-","1.415,-",https://www.ekris.nl/bmw/p/45876463/bmw-5-serie-550e-xdrive-sedan-45876463,Ekris Utrecht
BMW XM,23 '' / Bowers & Wilkins / M Driver's Pack / Soft Close / Trekhaak,2023,67.500 km,Hybride benzine,"107.900,-","1.469,-",https://www.ekris.nl/bmw/p/45603304/bmw-xm-45603304,Ekris Veenendaal
BMW X7,xDrive40i | M-Sportpakket | LED | Leder | HUD | Schuifdak | trekhaak | Active cruise | DAB | Harman-kardon sound | Alu 22 inch,2023,64.000 km,Benzine,"107.900,-","1.469,-",https://www.ekris.nl/bmw/p/46920973/bmw-x7-xdrive40i-46920973,Ekris Heerenveen
BMW X5,xDrive50e | M-Sportpakket | LED | Leder | HUD | Schuifdak | Trekhaak | Active cruise | DAB | harman-kardon sound | Alu 22 inch,2025,7.000 km,Hybride benzine,"107.900,-","1.420,-",https://www.ekris.nl/bmw/p/47159064/bmw-x5-xdrive50e-47159064,Ekris Heerenveen
BMW X5,xDrive50e M Sportpakket Pro | Travel Pack | Innovation Pack | Comfort Plus Pack | Trekhaak| Comfort Access | Soft Close | Panoramadak | Driving Assistant Professional | Harman Kardon | 22'',2024,19.784 km,Hybride benzine,"107.950,-","1.470,-",https://www.ekris.nl/bmw/p/46718623/bmw-x5-xdrive50e-46718623,Ekris Utrecht
BMW 2 Serie,Coupé M240i xDrive | M Sportpakket Pro | Premium Pack,2025,5 km,Benzine,"108.002,-","1.422,-",https://www.ekris.nl/bmw/p/41843737/bmw-2-serie-coupe-41843737,Ekris Utrecht
BMW iX,xDrive40 High Executive | Sport Edition | Sportpakket,2025,5 km,Elektrisch,"108.156,-","1.222,-",https://www.ekris.nl/bmw/p/43209944/bmw-ix-xdrive40-high-executive-43209944,Ekris Nijkerk
BMW iX,xDrive45 | M Sportpakket Pro | Comfort Pack | Innovation Pack,2025,5 km,Elektrisch,"108.826,-","1.230,-",https://www.ekris.nl/bmw/p/45300869/bmw-ix-xdrive45-45300869,Ekris Maastricht
BMW iX,xDrive45 M Sportpakket | M Sportpakket Pro | Comfort Pack icm M Sportpakket | Innovation Pack,2025,5 km,Elektrisch,"108.966,-","1.232,-",https://www.ekris.nl/bmw/p/45493662/bmw-ix-xdrive45-45493662,Ekris Zeist
BMW iX,xDrive45 | M Sportpakket Pro | Innovation Pack | Comfort Pack,2025,5 km,Elektrisch,"109.372,-","1.236,-",https://www.ekris.nl/bmw/p/45435842/bmw-ix-xdrive45-45435842,Ekris Arnhem
BMW 5 Serie,Sedan 520d M-Sportpakket Pro / Trekhaak / Panodak / Adaptief onderstel / Standkachel / Getint glas / Bower & Wilkens / Alu wielen 21 inch,2025,5.000 km,Diesel,"109.900,-","1.447,-",https://www.ekris.nl/bmw/p/45189532/bmw-5-serie-sedan-520d-45189532,Ekris Heerenveen
BMW X5,xDrive40i | M-Sportpakket | LED | HUD | Schuifdak | Trekhaak | Comfortzetels | DAB | Harman-kardon sound | Alu 22 inch,2024,39.000 km,Benzine,"109.900,-","1.497,-",https://www.ekris.nl/bmw/p/44516702/bmw-x5-xdrive40i-44516702,Ekris Heerenveen
BMW X5,xDrive50e M Sportpakket | Exclusive-pakket | Comfort-Plus Pakket | Travel Pack | Sky Lounge | Driving Assistant | Professional,2024,11.724 km,Hybride benzine,"109.900,-","1.497,-",https://www.ekris.nl/bmw/p/45132393/bmw-x5-xdrive50e-45132393,Ekris Heerlen
BMW X6,xDrive 30d | M-Sportpakket | LED | Leder | HUD | Schuifdak | Active cruise | Comfortzetels | DAB | Harman-kardon sound | Alu 22 inch,2024,25.000 km,Diesel,"109.900,-","1.497,-",https://www.ekris.nl/bmw/p/39039260/bmw-x6-xdrive-30d-39039260,Ekris Heerenveen
BMW X3,M50 | M Sportpakket Pro | Premium Pack | Professional Pack | Driving Assistant,2025,8.500 km,Benzine,"109.900,-","1.447,-",https://www.ekris.nl/bmw/p/47141135/bmw-x3-m50-47141135,Ekris Maastricht
BMW X4,xDrive20i | Business Edition Plus | High Executive | M Sport Plus Pack,2025,5 km,Benzine,"109.933,-","1.447,-",https://www.ekris.nl/bmw/p/44952447/bmw-x4-xdrive20i-44952447,Ekris Arnhem
BMW X5,xDrive50e | M-Sportpakket | Innovation Pack | Driving Assistant Professional | Comfort-Stoelen |,2024,7.880 km,Hybride benzine,"109.950,-","1.497,-",https://www.ekris.nl/bmw/p/43480637/bmw-x5-xdrive50e-43480637,Ekris Groningen
BMW 2 Serie,Coupé M240i xDrive M Sportpakket Pro | Innovation Pack | Premium Pack,2025,5 km,Benzine,"110.010,-","1.448,-",https://www.ekris.nl/bmw/p/47011691/bmw-2-serie-coupe-m240i-xdrive-47011691,Ekris Arnhem
BMW 4 Serie,430i xDrive Cabrio | M Sportpakket Pro | Innovation Pack | Comfort Pack,2025,5 km,Benzine,"110.144,-","1.450,-",https://www.ekris.nl/bmw/p/45493594/bmw-4-serie-430i-xdrive-cabrio-45493594,Ekris Maastricht
BMW XM,PHEV 50e 30 kWh / Trekhaak / Soft Close / Harman Kardon/,2024,14.282 km,Hybride benzine,"110.750,-","1.508,-",https://www.ekris.nl/bmw/p/47011255/bmw-xm-phev-50e-30-kwh-47011255,Ekris Flevoland
BMW iX,xDrive45 | M Sportpakket Pro | Innovation Pack | Comfort Pack,2025,5 km,Elektrisch,"111.067,-","1.255,-",https://www.ekris.nl/bmw/p/44480947/bmw-ix-xdrive45-44480947,Ekris Zeist
BMW 4 Serie,430i xDrive Cabrio M Sportpakket Pro | Innovation Pack | M Sportpakket | Comfort pakket,2025,5 km,Benzine,"111.275,-","1.465,-",https://www.ekris.nl/bmw/p/46057675/bmw-4-serie-430i-xdrive-cabrio-46057675,Ekris Flevoland
BMW 4 Serie,430i xDrive Cabrio | M Sportpakket Pro | Innovation Pack | Comfort Pack,2025,5 km,Benzine,"111.449,-","1.467,-",https://www.ekris.nl/bmw/p/45492781/bmw-4-serie-430i-xdrive-cabrio-45492781,Ekris Arnhem
BMW 4 Serie Cabrio,430i xDrive | M Sportpakket Pro | Innovation Pack | Comfort Pack,2025,5 km,Benzine,"111.638,-","1.469,-",https://www.ekris.nl/bmw/p/46628750/bmw-4-serie-cabrio-46628750,Ekris Groningen
BMW X5,xDrive50e | M Sportpakket Pro | Comfort Plus Pakket | Innovation Pack | Travel Pack,2025,21.706 km,Hybride benzine,"111.750,-","1.471,-",https://www.ekris.nl/bmw/p/45962204/bmw-x5-xdrive50e-45962204,Ekris Maastricht
BMW iX,xDrive45 | M Sportpakket | Innovation Pack | Comfort Pack,2025,5 km,Elektrisch,"111.762,-","1.263,-",https://www.ekris.nl/bmw/p/45293177/bmw-ix-xdrive45-45293177,Ekris Arnhem
BMW iX,xDrive45 | M Sportpakket Pro | Comfort Pack | Innovation Pack,2025,5 km,Elektrisch,"111.762,-","1.263,-",https://www.ekris.nl/bmw/p/45301023/bmw-ix-xdrive45-45301023,Ekris Heerlen
BMW iX,xDrive45 | M Sportpakket Pro | Comfort Pack | Innovation Pack,2025,5 km,Elektrisch,"112.168,-","1.268,-",https://www.ekris.nl/bmw/p/47010422/bmw-ix-xdrive45-47010422,Ekris Flevoland
BMW X5,xDrive50e | M-Sportpakket | LED | HUD | Schuifdak | Trekhaak | Comfortzetels | Active cruise | DAB | Harman-kardon sound | Alu 20 inch,2025,19.000 km,Hybride benzine,"112.900,-","1.486,-",https://www.ekris.nl/bmw/p/45303035/bmw-x5-xdrive50e-45303035,Ekris Heerenveen
BMW M4,"Cabrio M4 xDrive Competition M Drive Professional | Adaptief M Onderstel | M Sportdifferentieel | 19""/20""",2023,15.739 km,Benzine,"112.900,-","1.537,-",https://www.ekris.nl/bmw/p/46557468/bmw-m4-cabrio-m4-xdrive-competition-46557468,Ekris Utrecht
BMW 7 Serie,Sedan 750e xDrive M Sportpakket | Innovation Pack | Executive Pack | Integral Active Steering | Executive Lounge Rear Console |,2025,16.089 km,Hybride benzine,"112.950,-","1.487,-",https://www.ekris.nl/bmw/p/45754472/bmw-7-serie-sedan-750e-xdrive-45754472,Ekris Utrecht
BMW iX,xDrive45 | M Sportpakket Pro | Comfort Pack | Innovation Pack,2025,5 km,Elektrisch,"113.198,-","1.279,-",https://www.ekris.nl/bmw/p/44391409/bmw-ix-xdrive45-44391409,Ekris Heerenveen
BMW iX,xDrive45 101 kWh | M Sportpakket | M Sportpakket Pro | Comfort Pack | Innovation Pack,2025,5 km,Elektrisch,"113.712,-","1.285,-",https://www.ekris.nl/bmw/p/44629984/bmw-ix-xdrive45-101-kwh-44629984,Ekris Veenendaal
BMW iX,xDrive45 | M Sportpakket Pro | Comfort Pack,2025,5 km,Elektrisch,"113.907,-","1.287,-",https://www.ekris.nl/bmw/p/45134482/bmw-ix-xdrive45-45134482,Ekris Utrecht
BMW X5,xDrive50e M Sportpakket | Travel Pack | Innovation Pack | Comfort Pack | Softclose | Trekhaak | Comfort Stoelen | Harman Kardon | Parking & Driving Assistant Professional,2025,7.480 km,Hybride benzine,"113.950,-","1.500,-",https://www.ekris.nl/bmw/p/47164538/bmw-x5-xdrive50e-47164538,Ekris Zeist
BMW i5,M60 xDrive 84 kWh | M Sportpakket Pro | Equipment Pack Pro | Travel Pack,2025,5 km,Elektrisch,"114.134,-","1.290,-",https://www.ekris.nl/bmw/p/44628661/bmw-i5-m60-xdrive-84-kwh-44628661,Ekris Veenendaal
BMW i5,M60 xDrive Sedan | M Sportpakket Pro | Innovation Pack | Travel Pack | Comfort Pack,2025,5 km,Elektrisch,"114.249,-","1.291,-",https://www.ekris.nl/bmw/p/46629279/bmw-i5-m60-xdrive-sedan-46629279,Ekris Arnhem
BMW 3 Serie,M340i xDrive Sedan | M Sportpakket Pro | Innovation Pack | Comfort Pack,2025,5 km,Benzine,"114.835,-","1.511,-",https://www.ekris.nl/bmw/p/46612083/bmw-3-serie-m340i-xdrive-sedan-46612083,Ekris Veenendaal
BMW X5,xDrive50e | High Executive | M Sportpakket Pro | Trekhaak | Panodak | Driving Assistant Prof. | Parking Assistant Prof. | Stoelventilatie | Massage | Active Steering | Harman Kardon | Soft-Close | 21'' LMV,2025,10.902 km,Hybride benzine,"114.900,-","1.512,-",https://www.ekris.nl/bmw/p/45435131/bmw-x5-xdrive50e-45435131,Ekris Nijkerk
BMW X5,xDrive50e | M Sportpakket Pro | Travel Pack | Innovation Pack | Exclusive Pack | Comfort Plus-Pakket | Stoelen Pakket | Driving Assistant,2025,6.100 km,Hybride benzine,"114.900,-","1.512,-",https://www.ekris.nl/bmw/p/47141959/bmw-x5-xdrive50e-47141959,Ekris Maastricht
BMW iX,xDrive45 101 kWh | M Sportpakket | M Sportpakket Pro | Comfort Pack | Innovation Pack,2025,5 km,Elektrisch,"114.913,-","1.433,-",https://www.ekris.nl/bmw/p/45238225/bmw-ix-xdrive45-101-kwh-45238225,Ekris Assen
BMW 7 Serie,Sedan M760e xDrive | M Sport | Executive Drive Pro | Innovation Pack | Glazen panoramadak | Bowers & Wilkins | Driving Assistent Professional | 21 inch,2023,38.456 km,Hybride benzine,"114.950,-","1.565,-",https://www.ekris.nl/bmw/p/46310417/bmw-7-serie-sedan-m760e-xdrive-46310417,Ekris Arnhem
BMW X5,xDrive50e | M Sportpakket Pro | Travel Pack | Innovation Pack | Panoramadak | Stoelmassage | Stoelverwarming/-ventilatie | 22'' | Trekhaak,2025,14.900 km,Hybride benzine,"114.995,-","1.514,-",https://www.ekris.nl/bmw/p/47096139/bmw-x5-xdrive50e-47096139,Ekris Arnhem
BMW iX,xDrive45 101 kWh | M Sportpakket | M Sportpakket Pro | Comfort Pack | Innovation Pack,2025,5 km,Elektrisch,"115.260,-","1.437,-",https://www.ekris.nl/bmw/p/45238224/bmw-ix-xdrive45-101-kwh-45238224,Ekris Groningen
BMW iX,xDrive45 | M Sportpakket Pro | Comfort Pack | Innovation Pack,2025,5 km,Elektrisch,"115.260,-","1.303,-",https://www.ekris.nl/bmw/p/44431810/bmw-ix-xdrive45-44431810,Ekris Utrecht
BMW X5,xDrive30d M Sport Pro / Travel Pack / Comfort Acces / Trekhaak / Panorama Dak / Harman Kardon / Driving Assistant Professional,2024,26.358 km,Diesel,"116.950,-","1.593,-",https://www.ekris.nl/bmw/p/42141446/bmw-x5-xdrive30d-42141446,Ekris Veenendaal
BMW i5,M60 xDrive 84 kWh | < Sportpakket Pro | Equipment Pack Pro | Travel Pack,2025,5 km,Elektrisch,"117.996,-","1.334,-",https://www.ekris.nl/bmw/p/44629731/bmw-i5-m60-xdrive-84-kwh-44629731,Ekris Veenendaal
BMW 4 Serie,Coupé M440i xDrive | M Sportpakket Pro | Innovation Pack | Comfort Pack |,2025,5 km,Benzine,"118.343,-","1.558,-",https://www.ekris.nl/bmw/p/43431285/bmw-4-serie-coupe-m440i-xdrive-43431285,Ekris Assen
BMW 5 Serie,Touring 550e xDrive M-Sportpakket Pro / Panoramadak / Driving assist professional / Bower & Wilkens / Iconic Glow,2025,5 km,Hybride benzine,"118.732,-","1.453,-",https://www.ekris.nl/bmw/p/44115872/bmw-5-serie-touring-550e-xdrive-44115872,Ekris Heerenveen
BMW X5,xDrive40d M Sportpakket Pro | Innovation Pack | Travel Pack | 22'' LMV Styling 749 Bicolor,2024,27.072 km,Diesel,"119.900,-","1.633,-",https://www.ekris.nl/bmw/p/40031877/bmw-x5-xdrive40d-40031877,Ekris Maastricht
BMW iX,xDrive45 | M Sportpakket Pro | Comfort Pack | Innovation Pack,2025,5 km,Elektrisch,"120.278,-","1.359,-",https://www.ekris.nl/bmw/p/44480893/bmw-ix-xdrive45-44480893,Ekris Veenendaal
BMW 5 Serie,Touring 550e xDrive | M sportpakket Pro | Individual lak | Innovation pakket | Comfort pakket,2025,5 km,Hybride benzine,"120.614,-","1.476,-",https://www.ekris.nl/bmw/p/46846652/bmw-5-serie-touring-46846652,Ekris Zeist
BMW iX,xDrive60 | M Sportpakket | Comfort Pack | Innovation Pack,2025,5 km,Elektrisch,"121.177,-","1.370,-",https://www.ekris.nl/bmw/p/46624240/bmw-ix-xdrive60-46624240,Ekris Utrecht
BMW X3,M50 M Sportpakket Pro | Glazen panoramadak | Driving Assistent Proffesional | Proffesional Pack | Comfort Pack,2025,10 km,Benzine,"121.900,-","1.604,-",https://www.ekris.nl/bmw/p/47050277/bmw-x3-m50-47050277,Ekris Zeist
BMW iX,xDrive60 | M Sportpakket Pro | Comfort Pack | Innovation Pack,2025,5 km,Elektrisch,"121.953,-","1.378,-",https://www.ekris.nl/bmw/p/46624170/bmw-ix-xdrive60-46624170,Ekris Veenendaal
BMW X5,xDrive50e M Sportpakket Pro | Travel Package | Comfort Pakket,2025,5 km,Hybride benzine,"122.208,-","1.495,-",https://www.ekris.nl/bmw/p/46900681/bmw-x5-xdrive50e-46900681,Ekris Maastricht
BMW M3,Touring xDrive Competition | Technology Pack | M Drive Professional | M Driver's Package | Carbon Exterior Pack | Showroom Sale,2024,22.470 km,Benzine,"122.950,-","1.674,-",https://www.ekris.nl/bmw/p/46902913/bmw-m3-touring-46902913,Ekris Veenendaal
BMW i7,eDrive50 Sedan,2025,0 km,Elektrisch,"124.342,-","1.405,-",https://www.ekris.nl/bmw/p/46279577/bmw-i7-edrive50-46279577,Ekris Maastricht
BMW i7,eDrive50 Sedan,2025,5 km,Elektrisch,"124.642,-","1.554,-",https://www.ekris.nl/bmw/p/45909154/bmw-i7-edrive50-45909154,Ekris Groningen
BMW iX,xDrive60 | M Sportpakket Pro | Comfort Pack | Innovation Pack,2025,5 km,Elektrisch,"124.749,-","1.410,-",https://www.ekris.nl/bmw/p/46130097/bmw-ix-xdrive60-46130097,Ekris Arnhem
BMW iX,xDrive60 | M Sportpakket Pro | Comfort Pack | Innovation Pack,2025,5 km,Elektrisch,"124.749,-","1.410,-",https://www.ekris.nl/bmw/p/46130137/bmw-ix-xdrive60-46130137,Ekris Veenendaal
BMW X5,xDrive40d M Sportpakket | Trekhaak | Harman Kardon | Comfortstoelen | Panoramadak |,2024,32.587 km,Diesel,"124.950,-","1.701,-",https://www.ekris.nl/bmw/p/44216306/bmw-x5-xdrive40d-44216306,Ekris Utrecht
BMW iX,xDrive60 | M Sportpakket Pro | Comfort Pack | Innovation Pack,2025,5 km,Elektrisch,"125.155,-","1.415,-",https://www.ekris.nl/bmw/p/46956322/bmw-ix-xdrive60-46956322,Ekris Veenendaal
BMW 4 Serie,Gran Coupé M440i xDrive 20'' / Schuif-/kanteldak / Harman Kardon / Laserlight,2025,3.200 km,Benzine,"125.250,-","1.649,-",https://www.ekris.nl/bmw/p/44480685/bmw-4-serie-gran-coupe-m440i-xdrive-44480685,Ekris Veenendaal
BMW XM,PHEV Adaptief M Onderstel Professional | Soft Close | Trekhaak | Stoelventilatie | Driving Assistant Professional | Bowers & Wilkins,2024,24.794 km,Hybride benzine,"125.950,-","1.715,-",https://www.ekris.nl/bmw/p/39964010/bmw-xm-phev-39964010,Ekris Utrecht
BMW X5,xDrive50e | M Sportpakket Pro | Travel Pack | Innovation Pack | Comfort Pack Plus,2025,5 km,Hybride benzine,"126.780,-","1.551,-",https://www.ekris.nl/bmw/p/46627143/bmw-x5-xdrive50e-46627143,Ekris Veenendaal
BMW 5 Serie,Sedan 540d xDrive M-Sportpakket Pro / Trekhaak / Panoramadak / Comfortstoelen / Bower & Wilkins /,2025,1.500 km,Diesel,"126.900,-","1.670,-",https://www.ekris.nl/bmw/p/45941218/bmw-5-serie-sedan-540d-xdrive-45941218,Ekris Heerenveen
BMW X6,M Competition | Glazen panoramadak | Bowers & Wilkins | Parking Assistant Plus | Laserlight | Driving Assistant Professional | Trekhaak | Soft-Close | Massagefunctie | 21/22'',2022,58.745 km,Benzine,"126.950,-","1.729,-",https://www.ekris.nl/bmw/p/46068024/bmw-x6-m-competition-46068024,Ekris Utrecht
BMW X5,xDrive50e | M Sportpakket Pro | Travel Package | Comfort Plus Package | Innovation Package,2025,5 km,Hybride benzine,"128.658,-","1.574,-",https://www.ekris.nl/bmw/p/47015710/bmw-x5-xdrive50e-47015710,Ekris Heerlen
BMW X5,xDrive50e | M Sportpakket Pro | Innovation Package | Travel Pack | Comfort Package Plus,2025,5 km,Hybride benzine,"129.051,-","1.579,-",https://www.ekris.nl/bmw/p/47015988/bmw-x5-xdrive50e-47015988,Ekris Groningen
BMW X5,xDrive50e | M Sportpakket Pro | Travel Package | Innovation Package | Comfort Plus Package | Exclusive Package,2025,5 km,Hybride benzine,"129.051,-","1.579,-",https://www.ekris.nl/bmw/p/47015562/bmw-x5-xdrive50e-47015562,Ekris Zeist
BMW X5,xDrive50e | M Sportpakket Pro | Travel Pack | Innovation Pack | Comfort Pack Plus |Exclusive Pack,2025,5 km,Hybride benzine,"129.253,-","1.581,-",https://www.ekris.nl/bmw/p/46627056/bmw-x5-xdrive50e-46627056,Ekris Flevoland
BMW i7,Sedan M70 xDrive Innovation Pack | Exclusive Lounge | | Driving Assistent Professional | Executive Drive Pro | Integral Active Steering | 21 inch | Sky Lounge,2024,23.942 km,Elektrisch,"129.800,-","1.531,-",https://www.ekris.nl/bmw/p/41566423/bmw-i7-sedan-m70-xdrive-41566423,Ekris Arnhem
BMW X5,xDrive50e M Sportpakket Pro | Travel Pakket | Comfort Pakket,2025,5 km,Hybride benzine,"130.252,-","1.594,-",https://www.ekris.nl/bmw/p/46900571/bmw-x5-xdrive50e-46900571,Ekris Groningen
BMW i5,"M60 xDrive 84 kWh M-Sportpakket Pro/ Bowers & Wilkins/ Comfort Acces/ Driving Assistant Professional/ 21"" LMV/ Stoelventilatie/ Panoramadak",2025,1.000 km,Elektrisch,"130.452,-","1.474,-",https://www.ekris.nl/bmw/p/47135666/bmw-i5-m60-xdrive-84-kwh-47135666,Ekris Flevoland
BMW X5,xDrive50e M Sportpakket | Travel Package | Innovation Pakket,2025,5 km,Hybride benzine,"130.680,-","1.599,-",https://www.ekris.nl/bmw/p/46900626/bmw-x5-xdrive50e-46900626,Ekris Heerlen
BMW 4 Serie,Cabrio M440i xDrive M Sport Package Pro | Innovation Package | Comfort Pack,2025,5 km,Benzine,"130.874,-","1.723,-",https://www.ekris.nl/bmw/p/43962474/bmw-4-serie-cabrio-m440i-xdrive-43962474,Ekris Veenendaal
BMW i5,M60 xDrive 84 kWh M Sport package Pro | Equipment package Professional | Travel package,2025,5 km,Elektrisch,"130.964,-","1.480,-",https://www.ekris.nl/bmw/p/39039168/bmw-i5-m60-xdrive-84-kwh-39039168,Ekris Flevoland
BMW X5,xDrive50e | M Sportpakket Pro | Travel Pack | Innovation Package | Comfort Package Plus | Exclusive Package,2025,5 km,Hybride benzine,"131.429,-","1.608,-",https://www.ekris.nl/bmw/p/47015371/bmw-x5-xdrive50e-47015371,Ekris Nijkerk
BMW X5,xDrive50e | M Sportpakket Pro | Travel Pack | Innovation Package | Comfort Package Plus | Exclusive Package,2025,5 km,Hybride benzine,"131.429,-","1.608,-",https://www.ekris.nl/bmw/p/47015861/bmw-x5-xdrive50e-47015861,Ekris Arnhem
BMW i5,M60 xDrive | M Sportpakket Pro | Innovation Pack | Travel Pack | Comfort Pack,2025,5 km,Elektrisch,"131.556,-","1.487,-",https://www.ekris.nl/bmw/p/45803794/bmw-i5-m60-xdrive-45803794,Ekris Nijkerk
BMW i5,Touring M60 xDrive 84 kWh | M Sportpakket Pro | Innovation Pack | Comfort Pack,2025,5 km,Elektrisch,"132.200,-","1.494,-",https://www.ekris.nl/bmw/p/44509218/bmw-i5-touring-44509218,Ekris Arnhem
BMW X5,xDrive50e | M Sportpakket Pro | Travel Pack | Innovation Pack | Comfort Pack Plus | Exclusive Pack,2025,5 km,Hybride benzine,"132.210,-","1.618,-",https://www.ekris.nl/bmw/p/46899821/bmw-x5-xdrive50e-46899821,Ekris Arnhem
BMW X5,xDrive50e | M Sportpakket Pro | Travel Pack | Innovation Pack | Comfort Pack Plus | Exclusive Package,2025,5 km,Hybride benzine,"132.213,-","1.618,-",https://www.ekris.nl/bmw/p/47014845/bmw-x5-xdrive50e-47014845,Ekris Assen
BMW X5,xDrive50e M Sportpakket Pro | Travel Package | Comfortpakket,2025,5 km,Hybride benzine,"132.369,-","1.620,-",https://www.ekris.nl/bmw/p/46901365/bmw-x5-xdrive50e-46901365,Ekris Zeist
BMW X5,xDrive50e | M Sportpakket Pro | Travel pack | Innovation Package | Comfort Package Plus | Exclusive Package,2025,5 km,Hybride benzine,"132.369,-","1.620,-",https://www.ekris.nl/bmw/p/47014893/bmw-x5-xdrive50e-47014893,Ekris Flevoland
BMW X5,xDrive50e | M Sportpakket Pro | Innovation Package | Travel Package | Comfort Pack Plus | Exclusive Package,2025,5 km,Hybride benzine,"132.648,-","1.623,-",https://www.ekris.nl/bmw/p/47015458/bmw-x5-xdrive50e-47015458,Ekris Maastricht
BMW X5,xDrive50e | Individual Lak | M Sportpakket Pro | Harman Kardon | Travel Pack | Exclusive Pack,2025,5 km,Hybride benzine,"132.844,-","1.625,-",https://www.ekris.nl/bmw/p/47009803/bmw-x5-47009803,Ekris Assen
BMW X5,xDrive50e | Individual Lak | M Sportpakket Pro | Harman Kardon | Travel Pack | Exclusive Pack,2025,5 km,Hybride benzine,"132.844,-","1.625,-",https://www.ekris.nl/bmw/p/47009765/bmw-x5-47009765,Ekris Arnhem
BMW X5,xDrive50e | Individual Lak | M Sportpakket Pro | Harman Kardon | Travel Pack | Exclusive Pack,2025,5 km,Hybride benzine,"132.844,-","1.625,-",https://www.ekris.nl/bmw/p/47009831/bmw-x5-47009831,Ekris Groningen
BMW X5,xDrive50e | Individual Lak | M Sportpakket Pro | Harman Kardon | Travel Pack | Exclusive Pack,2025,5 km,Hybride benzine,"132.844,-","1.625,-",https://www.ekris.nl/bmw/p/47009905/bmw-x5-47009905,Ekris Flevoland
BMW X5,xDrive50e | Individual Lak | M Sportpakket Pro | Harman Kardon | Travel Pack | Exclusive Pack,2025,5 km,Hybride benzine,"132.844,-","1.625,-",https://www.ekris.nl/bmw/p/47009942/bmw-x5-47009942,Ekris Heerlen
BMW X5,xDrive50e | Individual Lak | M Sportpakket Pro | Harman Kardon | Travel Pack | Exclusive Pack,2025,5 km,Hybride benzine,"132.844,-","1.625,-",https://www.ekris.nl/bmw/p/47009868/bmw-x5-47009868,Ekris Utrecht
BMW X5,xDrive50e | Individual Lak | M Sportpakket Pro | Harman Kardon | Travel Pack | Exclusive Pack,2025,5 km,Hybride benzine,"132.844,-","1.625,-",https://www.ekris.nl/bmw/p/47010016/bmw-x5-47010016,Ekris Heerenveen
BMW X5,xDrive50e | Individual Lak | M Sportpakket Pro | Harman Kardon | Exclusive Pakket | Travel Pack,2025,5 km,Hybride benzine,"132.844,-","1.625,-",https://www.ekris.nl/bmw/p/46999978/bmw-x5-46999978,Ekris Veenendaal
BMW X5,xDrive50e | Individual Lak | M Sportpakket Pro | Harman Kardon | Exclusive Pakket | Travel Pack,2025,5 km,Hybride benzine,"132.844,-","1.625,-",https://www.ekris.nl/bmw/p/46999718/bmw-x5-46999718,Ekris Nijkerk
BMW X5,xDrive50e M-Sportpakket / Travel pack / Comfort pack plus / Innovation pack / Exclusive pack,2025,5 km,Hybride benzine,"132.851,-","1.625,-",https://www.ekris.nl/bmw/p/45908909/bmw-x5-xdrive50e-45908909,Ekris Heerenveen
BMW XM,| M Driver's Pack | Harman Kardon | Comfort Access | Soft-Close | Stoelventilatie | Stoelverwarming | Stoelmassage | 23'',2024,21.515 km,Hybride benzine,"132.895,-","1.810,-",https://www.ekris.nl/bmw/p/45240736/bmw-xm-45240736,Ekris Arnhem
BMW iX,xDrive60 | M Sportpakket Pro | Comfort Pack | Innovation Pack,2025,3.400 km,Elektrisch,"132.950,-","1.503,-",https://www.ekris.nl/bmw/p/45237201/bmw-ix-xdrive60-45237201,Ekris Veenendaal
BMW iX,xDrive60 M Sportpakket | M Sportpakket Pro | Comfort Pack icm M Sportpakket | Innovation Pack,2025,5 km,Elektrisch,"133.265,-","1.662,-",https://www.ekris.nl/bmw/p/45493873/bmw-ix-xdrive60-45493873,Ekris Assen
BMW X5,xDrive50e M Sportpakket Pro | Travel Package | Comfort Pakket,2025,5 km,Hybride benzine,"133.570,-","1.634,-",https://www.ekris.nl/bmw/p/46900744/bmw-x5-xdrive50e-46900744,Ekris Utrecht
BMW X5,xDrive50e M Sportpakket Pro | Innovation Package,2025,5 km,Hybride benzine,"133.608,-","1.635,-",https://www.ekris.nl/bmw/p/46900203/bmw-x5-xdrive50e-46900203,Ekris Arnhem
BMW X5,xDrive50e M Sportpakket Pro | Exclusive Pack | Travel Pack | Innovation Pack,2025,5 km,Hybride benzine,"133.714,-","1.636,-",https://www.ekris.nl/bmw/p/46059500/bmw-x5-xdrive50e-46059500,Ekris Groningen
BMW X5,xDrive50e M Sportpakket Pro | Iconic Glow | Exclusive Pack | Comfort Plus Pack | Travel Pack,2025,5 km,Hybride benzine,"133.848,-","1.638,-",https://www.ekris.nl/bmw/p/47062854/bmw-x5-xdrive50e-47062854,Ekris Veenendaal
BMW i5,Sedan M60 xDrive | M Sportpakket Pro | Innovation Pack | Travel Pack | Comfort Pack,2025,5 km,Elektrisch,"134.030,-","1.515,-",https://www.ekris.nl/bmw/p/44419502/bmw-i5-sedan-m60-xdrive-44419502,Ekris Utrecht
BMW 8 Serie,Gran Coupé M8 Competition | Keramische Remmen | Individual | CoPilot Pack |,2023,62.228 km,Benzine,"134.950,-","1.838,-",https://www.ekris.nl/bmw/p/47138517/bmw-8-serie-gran-coupe-m8-competition-47138517,Ekris Groningen
BMW X5,xDrive50e | M Sportpakket Pro | Travel Package | Innovation Package | Comfort Package Plus | Exclusive Package,2025,5 km,Hybride benzine,"135.565,-","1.659,-",https://www.ekris.nl/bmw/p/47016021/bmw-x5-xdrive50e-47016021,Ekris Heerenveen
BMW X5,xDrive50e M Sportpakket Pro | Travel Pakket | Innovation Pakket,2025,5 km,Hybride benzine,"135.652,-","1.660,-",https://www.ekris.nl/bmw/p/46900466/bmw-x5-xdrive50e-46900466,Ekris Assen
BMW X5,xDrive50e | M Sportpakket Pro | Travel Package | Innovation Package | Comfort Package Plus | Exclusive Package,2025,5 km,Hybride benzine,"136.594,-","1.671,-",https://www.ekris.nl/bmw/p/47015812/bmw-x5-xdrive50e-47015812,Ekris Veenendaal
BMW i5,Sedan M60 xDrive | M Sportpakket Pro | Equipment Pack Pro | Travel Pack | Comfort Pack,2025,5 km,Elektrisch,"136.751,-","1.705,-",https://www.ekris.nl/bmw/p/43934056/bmw-i5-sedan-m60-xdrive-43934056,Ekris Assen
BMW X5,xDrive50e | M Sportpakket Pro | Travel Package | Innovation Package | Comfort Plus Package | Exclusive Package,2025,5 km,Hybride benzine,"136.853,-","1.674,-",https://www.ekris.nl/bmw/p/47015641/bmw-x5-xdrive50e-47015641,Ekris Veenendaal
BMW X5,xDrive50e | M Sportpakket Pro | Travel Pack | Innovation Package | Comfort Pack Plus | Exclusive Package,2025,5 km,Hybride benzine,"138.054,-","1.689,-",https://www.ekris.nl/bmw/p/47014952/bmw-x5-xdrive50e-47014952,Ekris Heerenveen
BMW X5,xDrive50e | M Sportpakket Pro | Travel Pack | Comfort Pack Plus | Exclusive Package | Innovation Package,2025,5 km,Hybride benzine,"138.093,-","1.690,-",https://www.ekris.nl/bmw/p/47015506/bmw-x5-xdrive50e-47015506,Ekris Utrecht
BMW 4 Serie,M440i xDrive Cabrio | M Sportpakket Pro | Innovation Pack | Comfort Pack,2025,5 km,Benzine,"138.655,-","1.825,-",https://www.ekris.nl/bmw/p/45189909/bmw-4-serie-m440i-xdrive-cabrio-45189909,Ekris Heerenveen
BMW X5,xDrive50e M Sportpakket Pro | Travel Package | Comfort Pakket Plus,2025,5 km,Hybride benzine,"138.936,-","1.700,-",https://www.ekris.nl/bmw/p/46900828/bmw-x5-xdrive50e-46900828,Ekris Veenendaal
BMW X5,xDrive50e | M Sportpakket Pro | Travel Pack | Innovation Package | Comfort Package Plus | Exclusive Package,2025,5 km,Hybride benzine,"138.940,-","1.700,-",https://www.ekris.nl/bmw/p/47015917/bmw-x5-xdrive50e-47015917,Ekris Utrecht
BMW M4,Coupé xDrive Competition BMW 4 Serie Coupé M4 xDrive Competition | M Race Track Pack | Innovation Pack | M Carbon Keramisch remmen,2025,501 km,Benzine,"139.900,-","1.841,-",https://www.ekris.nl/bmw/p/42033765/bmw-m4-coupe-xdrive-competition-42033765,Ekris Maastricht
BMW i7,M70 xDrive | M-Sportpakket | Kristalkoplampen | Leder | HUD | Panoramadak | DAB | Bowers & Wilkins sound | Alu 21 inch,2025,6.000 km,Elektrisch,"139.900,-","1.581,-",https://www.ekris.nl/bmw/p/44559293/bmw-i7-m70-xdrive-44559293,Ekris Heerenveen
BMW XM,Label Red Stoelventilatie | Bowers & Wilkins | 22 inch LMV,2024,15.095 km,Hybride benzine,"142.900,-","1.946,-",https://www.ekris.nl/bmw/p/40018937/bmw-xm-label-red-40018937,Ekris Maastricht
BMW iX,xDrive M70 | Comfort Pack | Innovation Pack,2025,5 km,Elektrisch,"142.940,-","1.616,-",https://www.ekris.nl/bmw/p/46899678/bmw-ix-xdrive-m70-46899678,Ekris Utrecht
BMW XM,50e | BMW Iconic Glow | Live Cockpit Professional,2025,5 km,Hybride benzine,"143.394,-","1.621,-",https://www.ekris.nl/bmw/p/46129288/bmw-xm-50e-46129288,Ekris Maastricht
BMW X5,xDrive50e M Sport Package Pro | Travel Package | Innovation Package | Comfort Pack Plus | Exclusive Package,2025,5 km,Hybride benzine,"144.424,-","1.767,-",https://www.ekris.nl/bmw/p/47009341/bmw-x5-xdrive50e-47009341,Ekris Nijkerk
BMW XM,50e | BMW Individual Leather 'Merino' | Iconic Glow,2025,5 km,Hybride benzine,"145.048,-","1.639,-",https://www.ekris.nl/bmw/p/46612681/bmw-xm-50e-46612681,Ekris Heerenveen
BMW X4,M40i | M Sport Plus Pack | Business Edition Plus | High Executive | Safety Pack,2025,5 km,Benzine,"146.613,-","1.930,-",https://www.ekris.nl/bmw/p/46899380/bmw-x4-m40i-46899380,Ekris Veenendaal
BMW XM,Driving Assistant Professional | Bowers & Wilkins,2025,5 km,Hybride benzine,"147.543,-","1.668,-",https://www.ekris.nl/bmw/p/47011765/bmw-xm-47011765,Ekris Heerenveen
BMW 5 Serie,M5 M Driver's Pack | Bowers & Wilkins | Stoelventilatie | Driving Assistant Prof | Parking Assistant Prof | BMW Iconic Glow | Comfort Access | Stuurwielrand verwarmd,2025,6.000 km,Hybride benzine,"149.900,-","1.973,-",https://www.ekris.nl/bmw/p/47138223/bmw-5-serie-m5-47138223,Ekris Assen
BMW 5 Serie,Sedan M5 M Drive Professional | Comfort Access | Panoramadak | Driving Assistant Professional | Parking Assistant Professional | Bowers & Wilkins | 20/21'',2025,6.500 km,Hybride benzine,"149.950,-","1.974,-",https://www.ekris.nl/bmw/p/46452345/bmw-5-serie-sedan-m5-46452345,Ekris Utrecht
BMW XM,50e | Iconic Glow,2025,5 km,Hybride benzine,"150.238,-","1.698,-",https://www.ekris.nl/bmw/p/46129338/bmw-xm-50e-46129338,Ekris Nijkerk
BMW iX,xDrive M70 | M Sportpakket | Comfort Pack | Innovation Pack,2025,5 km,Elektrisch,"150.419,-","1.700,-",https://www.ekris.nl/bmw/p/45162610/bmw-ix-xdrive-m70-45162610,Ekris Heerlen
BMW X5,xDrive50e | M Sportpakket Pro | Travel Pack | Innovation Pack | Comfort Pack Plus | Exclusive Pack,2025,5 km,Hybride benzine,"153.962,-","1.884,-",https://www.ekris.nl/bmw/p/44954252/bmw-x5-xdrive50e-44954252,Ekris Zeist
BMW i7,M70 xDrive | M Performance Package | Innovation Pack | Executive Pack | Exclusive Lounge | Connosseur Pack | Klima Akustik Pack,2025,8.000 km,Elektrisch,"154.900,-","1.751,-",https://www.ekris.nl/bmw/p/43472576/bmw-i7-m70-xdrive-43472576,Ekris Veenendaal
BMW X7,xDrive40i | M Sportpakket | Exclusive Pack |,2025,501 km,Benzine,"154.995,-","2.040,-",https://www.ekris.nl/bmw/p/39038458/bmw-x7-xdrive40i-39038458,Ekris Arnhem
BMW M5,Sedan | Comfort Package,2025,5 km,Hybride benzine,"155.358,-","2.045,-",https://www.ekris.nl/bmw/p/42482500/bmw-m5-sedan-42482500,Ekris Utrecht
BMW X6,xDrive40i | M Sportpakket Pro | Travel Pack | Innovation Pack | Comfort Plus Pack | Exclusive Pack,2025,5 km,Benzine,"155.494,-","2.047,-",https://www.ekris.nl/bmw/p/45289355/bmw-x6-xdrive40i-45289355,Ekris Veenendaal
BMW X6,xDrive40i | M Sportpakket Pro | Innovation Pack | Comfort Plus Pack,2025,5 km,Benzine,"156.770,-","2.063,-",https://www.ekris.nl/bmw/p/45162979/bmw-x6-xdrive40i-45162979,Ekris Utrecht
BMW M5,Sedan Direct leverbaar!! / Driving Assistant Professional | Comfort Pack | B&W | elek. trekhaak,2025,2.500 km,Hybride benzine,"159.750,-","2.103,-",https://www.ekris.nl/bmw/p/42406413/bmw-m5-sedan-42406413,Ekris Maastricht
BMW X6,xDrive40i | M Sportpakket Pro | Innovation Pack | Comfort Pack Plus | Exclusive Pack,2025,5 km,Benzine,"168.740,-","2.221,-",https://www.ekris.nl/bmw/p/45289202/bmw-x6-xdrive40i-45289202,Ekris Maastricht
BMW M5,Sedan Carbon-keramische remmen / M Driver's Pack / Carbon Pack / Bowers & Wilkins,2025,4.300 km,Hybride benzine,"169.950,-","2.237,-",https://www.ekris.nl/bmw/p/39670659/bmw-m5-sedan-39670659,Ekris Veenendaal
BMW 7 Serie,750e xDrive | Individual Lak | M Sportpakket Pro | Connoisseur Pack | Innovation Pack,2025,5 km,Hybride benzine,"171.803,-","2.102,-",https://www.ekris.nl/bmw/p/46971985/bmw-7-serie-46971985,Ekris Utrecht
BMW X7,xDrive40i | M Sportpakket | Comfort Pack | Exclusive Pack,2025,5 km,Benzine,"186.230,-","2.451,-",https://www.ekris.nl/bmw/p/45492621/bmw-x7-xdrive40i-45492621,Ekris Maastricht
BMW X7,xDrive40i M Sportpakket Pro | Exclusive Pack | Iconic Glow | Comfort Pack,2025,5 km,Benzine,"187.818,-","2.472,-",https://www.ekris.nl/bmw/p/46669702/bmw-x7-xdrive40i-46669702,Ekris Arnhem
BMW X7,xDrive40i M Sportpakket Pro | Comfort Pack | Exclusive Pack,2025,5 km,Benzine,"189.898,-","2.500,-",https://www.ekris.nl/bmw/p/47011909/bmw-x7-xdrive40i-47011909,Ekris Veenendaal
BMW X7,xDrive40i | M Sportpakket Pro | Comfort Pack | Exclusive Package,2025,5 km,Benzine,"190.459,-","2.507,-",https://www.ekris.nl/bmw/p/47011914/bmw-x7-xdrive40i-47011914,Ekris Utrecht
BMW X7,xDrive40i M Sportpakket | M Sportpakket Pro | Innovation Pack | Comfort Pack | Exclusive Pack,2025,15 km,Benzine,"193.695,-","2.549,-",https://www.ekris.nl/bmw/p/43487585/bmw-x7-xdrive40i-43487585,Ekris Groningen
BMW X5,M Competition Elektrische Trekhaak/ Soft-Close/ Comfort Access/ panoramadak Sky Lounge/ Stoelventilatie/ Stoelverwarming/ Bowers & Wilkins Diamond,2024,12.380 km,Benzine,"199.850,-","2.721,-",https://www.ekris.nl/bmw/p/44414611/bmw-x5-m-competition-44414611,Ekris Flevoland
BMW 8 Serie,Gran Coupé M8 Competition Bowers & Wilkins / Keramische remmen / M Driver's Pack,2025,501 km,Benzine,"199.950,-","2.632,-",https://www.ekris.nl/bmw/p/43138686/bmw-8-serie-gran-coupe-m8-competition-43138686,Ekris Veenendaal
BMW X7,xDrive40i | M Sportpakket Pro | Innovation Pack | Comfort Pack | Exclusive Pack,2025,5 km,Benzine,"207.536,-","2.732,-",https://www.ekris.nl/bmw/p/45803773/bmw-x7-xdrive40i-45803773,Ekris Nijkerk
BMW M4,CS Coupé BMW M4 Coupé M Drive Professional | M Carbon-keramische remmen,2025,5 km,Benzine,"217.170,-","2.455,-",https://www.ekris.nl/bmw/p/41856539/bmw-m4-cs-coupe-41856539,Ekris Utrecht
BMW M4,CS Coupé M Driver pack,2025,0 km,Benzine,"217.170,-","2.455,-",https://www.ekris.nl/bmw/p/40710306/bmw-m4-cs-coupe-40710306,Ekris Veenendaal
BMW M4,CS Coupé M Drive Professional,2025,5 km,Benzine,"217.170,-","2.455,-",https://www.ekris.nl/bmw/p/41384231/bmw-m4-cs-41384231,Ekris Maastricht
BMW 3 Serie,Touring M3 CS | Individual Lak | British Racing Green | Keramische remmen | Head-Up | Carbon Bucket Seats | Camera | Stuurwiel verwarmd |,2025,15 km,Benzine,"224.280,-","2.535,-",https://www.ekris.nl/bmw/p/44411527/bmw-3-serie-touring-m3-cs-44411527,Ekris Groningen
BMW X6,M60i xDrive Active Steering / Comfortzetels / Panoramadak / Bowers & Wilkens / Trekhaak,2025,5.122 km,Benzine,"225.950,-","2.974,-",https://www.ekris.nl/bmw/p/46257499/bmw-x6-m60i-xdrive-46257499,Ekris Veenendaal
BMW X7,M60i xDrive M sportpakket Pro | Exclusive pakket | Sky Lounge panoramadak | Trekhaak,2025,5 km,Benzine,"236.707,-","3.116,-",https://www.ekris.nl/bmw/p/46826474/bmw-x7-m60i-xdrive-46826474,Ekris Veenendaal