Vehicle Name,Vehicle Subtitle,Vehicle Price,Vehicle Tags,Business Finance,Location
BMW XM,,€ 127.900 v.a. € 1313 p/m,2024 30.572 km Automaat Hybride,v.a. € 1313 p/m,Van Poelgeest Noordwijk
BMW 1 Serie,123 xDrive,€ 61.024 v.a. € 626 p/m,2025 1 km Automaat Benzine,v.a. € 626 p/m,Van Poelgeest Heemstede
BMW X1,xDrive25e,€ 67.900 v.a. € 649 p/m,2025 1 km Automaat Hybride,v.a. € 649 p/m,Van Poelgeest Woerden
BMW X1,xDrive23d,€ 64.900 v.a. € 666 p/m,2024 22.167 km Automaat Diesel,v.a. € 666 p/m,Van Poelgeest Naarden - PS Center
BMW 3 Serie Sedan,318i,€ 69.392 v.a. € 712 p/m,2025 4.999 km Automaat Benzine,v.a. € 712 p/m,Van Poelgeest Amsterdam
BMW i3,120Ah 42 kWh,€ 25.900 v.a. € 229 p/m,2022 43.527 km Automaat Elektrisch,v.a. € 229 p/m,Van Poelgeest Amersfoort
BMW 3 Serie Touring,330e,€ 75.693 v.a. € 777 p/m,2025 6.500 km Automaat Hybride,v.a. € 777 p/m,Van Poelgeest Amstelveen
MINI Countryman,SE ALL4,€ 36.900 v.a. € 379 p/m,2022 53.987 km Automaat Hybride,v.a. € 379 p/m,Van Poelgeest Amsterdam
BMW i4,eDrive35 M Sport Edition,€ 71.537 v.a. € 632 p/m,2025 1 km Automaat Elektrisch,v.a. € 632 p/m,Van Poelgeest Heemstede
BMW 2 Serie Gran Coupé,218i Executive Edition,€ 23.900 v.a. € 297 p/m,2021 92.669 km Automaat Benzine,v.a. € 297 p/m,Van Poelgeest Naarden - PS Center
MINI Cooper 3-deurs,C,€ 49.133 v.a. € 504 p/m,2025 6.500 km Automaat Benzine,v.a. € 504 p/m,Van Poelgeest Amsterdam
BMW 5 Serie Sedan,530e M Sport Edition,€ 89.618 v.a. € 856 p/m,2025 1 km Automaat Hybride,v.a. € 856 p/m,Van Poelgeest Heemstede
BMW iX2,eDrive20,€ 62.704 v.a. € 554 p/m,2025 1.150 km Automaat Elektrisch,v.a. € 554 p/m,Van Poelgeest Amstelveen
BMW X7,xDrive40i M Sportpakket Pro,€ 124.995 v.a. € 1283 p/m,2024 26.591 km Automaat Benzine,v.a. € 1283 p/m,Van Poelgeest Gouda
BMW i5 Sedan,eDrive40 84 kWh,€ 59.900 v.a. € 640 p/m,2023 33.176 km Automaat Elektrisch,v.a. € 640 p/m,Van Poelgeest Amsterdam
BMW iX1,eDrive20 xLine,€ 54.336 v.a. € 480 p/m,2025 12.500 km Automaat Elektrisch,v.a. € 480 p/m,Van Poelgeest Alphen aan den Rijn
BMW 2 Serie Coupé,220i,€ 70.632 v.a. € 725 p/m,2025 1 km Automaat Benzine,v.a. € 725 p/m,Van Poelgeest Noordwijk
BMW X1,xDrive25e,€ 65.531 v.a. € 626 p/m,2025 1 km Automaat Hybride,v.a. € 626 p/m,Van Poelgeest Heemstede
BMW i5 Touring,eDrive40 Business Edition,€ 64.895 v.a. € 574 p/m,2025 7.000 km Automaat Elektrisch,v.a. € 574 p/m,Van Poelgeest Gouda
BMW iX1,eDrive20 67 kWh,€ 59.900 v.a. € 529 p/m,2025 5.952 km Automaat Elektrisch,v.a. € 529 p/m,Van Poelgeest Naarden - PS Center
BMW 1 Serie,118i Premium Pack M Sportpakket Pro Model M Sport,€ 33.895 v.a. € 348 p/m,2023 44.268 km Automaat Benzine,v.a. € 348 p/m,Van Poelgeest Gouda
BMW iX,xDrive40 High Executive 77 kWh,€ 44.900 v.a. € 480 p/m,2022 95.152 km Automaat Elektrisch,v.a. € 480 p/m,Van Poelgeest Naarden - PS Center
MINI Cooper 3-deurs Electric,Cooper E John Cooper Works,€ 33.900 v.a. € 348 p/m,2024 4.049 km Automaat Elektrisch,v.a. € 348 p/m,Van Poelgeest Amsterdam
BMW 3 Serie Touring,330e Innovation Pack M Sportpakket,€ 58.495 v.a. € 601 p/m,2024 14.336 km Automaat Hybride,v.a. € 601 p/m,Van Poelgeest Alphen aan den Rijn
MINI Cooper 5-deurs,Cooper,€ 20.900 v.a. € 260 p/m,2019 65.508 km Automaat Benzine,v.a. € 260 p/m,Van Poelgeest Amsterdam
BMW iX1,eDrive20,€ 59.900 v.a. € 529 p/m,2025 8.900 km Automaat Elektrisch,v.a. € 529 p/m,Van Poelgeest Hilversum
BMW X5,xDrive50e,€ 134.900 v.a. € 1385 p/m,2025 6.500 km Automaat Hybride,v.a. € 1385 p/m,Van Poelgeest Noordwijk
BMW i4,eDrive35 M Sport Edition,€ 69.641 v.a. € 615 p/m,2025 1 km Automaat Elektrisch,v.a. € 615 p/m,Van Poelgeest Amsterdam
BMW X3,30e xDrive,€ 85.080 v.a. € 874 p/m,2025 1.450 km Automaat Hybride,v.a. € 874 p/m,Van Poelgeest Amstelveen
BMW 5 Serie Touring,530e,€ 69.900 v.a. € 717 p/m,2025 19.999 km Automaat Hybride,v.a. € 717 p/m,Van Poelgeest Amersfoort
MINI Cooper 3-deurs Electric,E,€ 38.900 v.a. € 399 p/m,2024 34.160 km Automaat Elektrisch,v.a. € 399 p/m,Van Poelgeest Amstelveen
BMW i4,eDrive40 M Sport Edition,€ 72.412 v.a. € 640 p/m,2025 1 km Automaat Elektrisch,v.a. € 640 p/m,Van Poelgeest Hilversum
BMW 2 Serie Active Tourer,225e xDrive Innovation Pack M Sportpakket,€ 42.995 v.a. € 441 p/m,2024 17.124 km Automaat Hybride,v.a. € 441 p/m,Van Poelgeest Gouda
MINI Cooper 3-deurs,1.5 Cooper C Favoured S,€ 44.641 v.a. € 459 p/m,2024 10.100 km Automaat Benzine,v.a. € 459 p/m,Van Poelgeest Amstelveen
BMW X5 M,Competition,€ 194.900 v.a. € 2001 p/m,2024 16.275 km Automaat Benzine,v.a. € 2001 p/m,Van Poelgeest Amstelveen
BMW X1,M35i xDrive,€ 96.689 v.a. € 993 p/m,2025 1 km Automaat Benzine,v.a. € 993 p/m,Van Poelgeest Amersfoort
BMW 4 Serie Coupé,420i,€ 85.078 v.a. € 874 p/m,2025 4.999 km Automaat Benzine,v.a. € 874 p/m,Van Poelgeest Amsterdam
BMW i5 Sedan,xDrive40 M Sportpakket Pro,€ 100.767 v.a. € 890 p/m,2025 5 km Automaat Elektrisch,v.a. € 890 p/m,Van Poelgeest Woerden
MINI Aceman,E JCW John Cooper Works,€ 46.900 v.a. € 482 p/m,2025 12.451 km Automaat Elektrisch,v.a. € 482 p/m,Van Poelgeest Amersfoort
BMW i5 Sedan,eDrive40 M Sport Edition,€ 89.896 v.a. € 794 p/m,2025 1 km Automaat Elektrisch,v.a. € 794 p/m,Van Poelgeest Hilversum
BMW iX1,eDrive20 67 kWh M Sport Edition,€ 49.984 v.a. € 441 p/m,2025 1 km Automaat Elektrisch,v.a. € 441 p/m,Van Poelgeest Noordwijk
BMW X7,xDrive40i High Executive l Driving. Ass. Plus,€ 77.899 v.a. € 968 p/m,2021 96.159 km Automaat Benzine,v.a. € 968 p/m,Van Poelgeest Amsterdam
BMW i4,eDrive40 M Sport Edition,€ 72.999 v.a. € 645 p/m,2025 1 km Automaat Elektrisch,v.a. € 645 p/m,Van Poelgeest Amstelveen
MINI Countryman Electric,E,€ 50.932 v.a. € 523 p/m,2025 8.999 km Automaat Elektrisch,v.a. € 523 p/m,Van Poelgeest Amsterdam
MINI Countryman,C,€ 56.614 v.a. € 500 p/m,2025 4.999 km Automaat Benzine,v.a. € 500 p/m,Van Poelgeest Amsterdam
BMW 4 Serie Coupé,420i,€ 77.048 v.a. € 791 p/m,2025 1 km Automaat Benzine,v.a. € 791 p/m,Van Poelgeest Amstelveen
BMW iX1,eDrive20,€ 47.900 v.a. € 423 p/m,2025 9.999 km Automaat Elektrisch,v.a. € 423 p/m,Van Poelgeest Amersfoort
BMW 2 Serie Gran Coupé,220 M Sport Design Edition,€ 44.900 v.a. € 461 p/m,2025 6.292 km Automaat Benzine,v.a. € 461 p/m,Van Poelgeest Naarden - PS Center
BMW X5,xDrive50e,€ 114.900 v.a. € 1179 p/m,2025 14.034 km Automaat Hybride,v.a. € 1179 p/m,Van Poelgeest Naarden - PS Center
BMW 5 Serie Touring,530e M Sport Edition,€ 87.839 v.a. € 839 p/m,2025 1 km Automaat Hybride,v.a. € 839 p/m,Van Poelgeest Alphen aan den Rijn
BMW 2 Serie Active Tourer,225e xDrive Innovation Pack M Sportpakket,€ 37.995 v.a. € 472 p/m,2022 42.856 km Automaat Hybride,v.a. € 472 p/m,Van Poelgeest Alphen aan den Rijn
BMW X1,xDrive25e,€ 76.233 v.a. € 728 p/m,2025 1 km Automaat Hybride,v.a. € 728 p/m,Van Poelgeest Naarden
BMW iX1,eDrive20 67 kWh,€ 52.900 v.a. € 467 p/m,2025 7.985 km Automaat Elektrisch,v.a. € 467 p/m,Van Poelgeest Naarden - PS Center
BMW 4 Serie Gran Coupé,420i,€ 67.900 v.a. € 698 p/m,2024 13.223 km Automaat Benzine,v.a. € 698 p/m,Van Poelgeest Amsterdam
MINI Cooper 3-deurs,Cooper Camden Edition,€ 32.450 v.a. € 333 p/m,2024 5.204 km Automaat Benzine,v.a. € 333 p/m,Van Poelgeest Amsterdam
MINI Countryman,C,€ 64.442 v.a. € 662 p/m,2025 4.999 km Automaat Benzine,v.a. € 662 p/m,Van Poelgeest Amsterdam
BMW M5 Sedan,,€ 144.900 v.a. € 1488 p/m,2024 14.307 km Automaat Hybride,v.a. € 1488 p/m,Van Poelgeest Amersfoort
BMW X3,30e xDrive,€ 76.900 v.a. € 789 p/m,2025 9.999 km Automaat Hybride,v.a. € 789 p/m,Van Poelgeest Amersfoort
BMW X3,xDrive30e M-Sport,€ 52.900 v.a. € 543 p/m,2022 59.436 km Automaat Hybride,v.a. € 543 p/m,Van Poelgeest Hilversum
BMW iX2,xDrive30,€ 57.900 v.a. € 512 p/m,2024 6.339 km Automaat Elektrisch,v.a. € 512 p/m,Van Poelgeest Amsterdam
BMW i5 Sedan,eDrive40 M Sport Edition,€ 86.993 v.a. € 769 p/m,2025 1 km Automaat Elektrisch,v.a. € 769 p/m,Van Poelgeest Alphen aan den Rijn
MINI Cooper 3-deurs,S,€ 58.123 v.a. € 597 p/m,2025 4.999 km Automaat Benzine,v.a. € 597 p/m,Van Poelgeest Amsterdam
BMW 3 Serie Touring,320i,€ 76.435 v.a. € 785 p/m,2025 4.001 km Automaat Benzine,v.a. € 785 p/m,Van Poelgeest Heemstede
BMW 3 Serie Touring,320i,€ 52.900 v.a. € 543 p/m,2024 18.791 km Automaat Benzine,v.a. € 543 p/m,Van Poelgeest Amersfoort
BMW i4,eDrive35,€ 72.639 v.a. € 641 p/m,2025 4.999 km Automaat Elektrisch,v.a. € 641 p/m,Van Poelgeest Amsterdam
BMW iX1,eDrive20,€ 49.900 v.a. € 440 p/m,2024 12.933 km Automaat Elektrisch,v.a. € 440 p/m,Van Poelgeest Amsterdam
BMW X5 M,Competition,€ 152.900 v.a. € 1899 p/m,2023 39.306 km Automaat Benzine,v.a. € 1899 p/m,Van Poelgeest Amsterdam
BMW iX1,eDrive20 Innovation Pack M Sportpakket Pro,€ 61.797 v.a. € 545 p/m,2025 5.500 km Automaat Elektrisch,v.a. € 545 p/m,Van Poelgeest Alphen aan den Rijn
BMW 2 Serie Active Tourer,218i High Executive M-Sport,€ 44.500 v.a. € 457 p/m,2024 22.506 km Automaat Benzine,v.a. € 457 p/m,Van Poelgeest Amstelveen
BMW i3,120Ah 42 kWh,€ 24.900 v.a. € 220 p/m,2022 38.525 km Automaat Elektrisch,v.a. € 220 p/m,Van Poelgeest Noordwijk
BMW iX,xDrive40 High Executive,€ 42.900 v.a. € 459 p/m,2022 105.868 km Automaat Elektrisch,v.a. € 459 p/m,Van Poelgeest Hilversum
BMW X3,20 xDrive,€ 77.900 v.a. € 800 p/m,2025 13.854 km Automaat Benzine,v.a. € 800 p/m,Van Poelgeest Hilversum
BMW iX3,High Executive 80 kWh,€ 55.900 v.a. € 493 p/m,2024 21.148 km Automaat Elektrisch,v.a. € 493 p/m,Van Poelgeest Amsterdam
BMW iX2,xDrive30 Premium Pack Sportpakket Pro,€ 69.645 v.a. € 615 p/m,2025 6.000 km Automaat Elektrisch,v.a. € 615 p/m,Van Poelgeest Alphen aan den Rijn
BMW 1 Serie,120,€ 40.900 v.a. € 420 p/m,2024 9.679 km Automaat Benzine,v.a. € 420 p/m,Van Poelgeest Amersfoort
BMW iX3,High Executive 80 kWh,€ 37.900 v.a. € 335 p/m,2021 75.629 km Automaat Elektrisch,v.a. € 335 p/m,Van Poelgeest Naarden - PS Center
BMW iX,xDrive50 Excellence 112 kWh,€ 82.900 v.a. € 732 p/m,2024 6.815 km Automaat Elektrisch,v.a. € 732 p/m,Van Poelgeest Amsterdam
BMW X5,xDrive50e,€ 102.900 v.a. € 1056 p/m,2025 19.061 km Automaat Hybride,v.a. € 1056 p/m,Van Poelgeest Heemstede
BMW 2 Serie Coupé,220i,€ 71.508 v.a. € 734 p/m,2025 1 km Automaat Benzine,v.a. € 734 p/m,Van Poelgeest Amsterdam
BMW i4,eDrive40,€ 54.900 v.a. € 485 p/m,2024 17.413 km Automaat Elektrisch,v.a. € 485 p/m,Van Poelgeest Amersfoort
MINI Cooper 3-deurs,1.5 Cooper C Essential XS,€ 40.195 v.a. € 412 p/m,2025 5.210 km Automaat Benzine,v.a. € 412 p/m,Van Poelgeest Amstelveen
BMW X2,sDrive20i,€ 70.295 v.a. € 721 p/m,2025 1 km Automaat Benzine,v.a. € 721 p/m,Van Poelgeest Woerden
BMW X7,xDrive40i,€ 194.815 v.a. € 2000 p/m,2025 1 km Automaat Benzine,v.a. € 2000 p/m,Van Poelgeest Amersfoort
BMW 5 Serie Touring,530e M Sport Edition,€ 87.839 v.a. € 839 p/m,2025 1 km Automaat Hybride,v.a. € 839 p/m,Van Poelgeest Woerden
BMW 5 Serie Touring,520i,€ 92.752 v.a. € 952 p/m,2025 1 km Automaat Benzine,v.a. € 952 p/m,Van Poelgeest Amersfoort
BMW Z4,sDrive30i M Sport Plus Pakket,€ 57.995 v.a. € 720 p/m,2023 23.299 km Automaat Benzine,v.a. € 720 p/m,Van Poelgeest Woerden
Mini Countryman,Cooper S E ALL4 Classic,€ 37.900 v.a. € 479 p/m,2023 87.004 km Automaat Hybride,v.a. € 479 p/m,Van Poelgeest Noordwijk
BMW 2 Serie Coupé,220i,€ 70.921 v.a. € 728 p/m,2025 1 km Automaat Benzine,v.a. € 728 p/m,Van Poelgeest Gouda
BMW 5 Serie Touring,520d xDrive M-Sport,€ 69.900 v.a. € 717 p/m,2024 32.072 km Automaat Diesel,v.a. € 717 p/m,Van Poelgeest Hilversum
BMW 3 Serie Touring,330e xDrive,,2025 1 km Automaat Hybride,,Van Poelgeest Alphen aan den Rijn
BMW 3 Serie Sedan,330e,€ 69.470 v.a. € 664 p/m,2025 1 km Automaat Hybride,v.a. € 664 p/m,Van Poelgeest Heemstede
BMW 2 Serie Gran Coupé,220 Innovation Pack M Sportpakket Pro,€ 51.895 v.a. € 533 p/m,2025 13.709 km Automaat Benzine,v.a. € 533 p/m,Van Poelgeest Gouda
MINI Cooper 3-deurs Electric,Business Edition 33 kWh,€ 19.900 v.a. € 204 p/m,2021 30.198 km Automaat Elektrisch,v.a. € 204 p/m,Van Poelgeest Heemstede
BMW 1 Serie,118i M-Sport,€ 29.900 v.a. € 307 p/m,2022 59.607 km Automaat Benzine,v.a. € 307 p/m,Van Poelgeest Hilversum
BMW X7,xDrive40i,€ 195.311 v.a. € 2005 p/m,2025 1 km Automaat Benzine,v.a. € 2005 p/m,Van Poelgeest Amstelveen
BMW 2 Serie Coupé,220i,€ 71.081 v.a. € 730 p/m,2025 1 km Automaat Benzine,v.a. € 730 p/m,Van Poelgeest Amstelveen
MINI Cooper 5-deurs,S,€ 59.690 v.a. € 613 p/m,2025 4.999 km Automaat Benzine,v.a. € 613 p/m,Van Poelgeest Amsterdam
BMW X3,30e xDrive,€ 85.634 v.a. € 818 p/m,2025 1 km Automaat Hybride,v.a. € 818 p/m,Van Poelgeest Amsterdam
MINI Cooper Cabrio,Cooper Classic,€ 38.900 v.a. € 399 p/m,2024 12.940 km Automaat Benzine,v.a. € 399 p/m,Van Poelgeest Amsterdam
BMW iX1,eDrive20,€ 44.900 v.a. € 480 p/m,2024 10.912 km Automaat Elektrisch,v.a. € 480 p/m,Van Poelgeest Amersfoort
BMW i5 Touring,eDrive40,€ 98.492 v.a. € 870 p/m,2025 4.999 km Automaat Elektrisch,v.a. € 870 p/m,Van Poelgeest Amsterdam
BMW M3 Sedan,xDrive Competition,€ 187.185 v.a. € 1921 p/m,2025 0 km Automaat Benzine,v.a. € 1921 p/m,Van Poelgeest Amersfoort
BMW 3 Serie Touring,318i,€ 52.900 v.a. € 543 p/m,2025 9.865 km Automaat Benzine,v.a. € 543 p/m,Van Poelgeest Naarden - PS Center
BMW i3,Executive Edition 120Ah 42 kWh,€ 19.900 v.a. € 176 p/m,2019 85.864 km Automaat Elektrisch,v.a. € 176 p/m,Van Poelgeest Amsterdam
BMW X3 M,Competition,€ 66.900 v.a. € 687 p/m,2020 91.242 km Automaat Benzine,v.a. € 687 p/m,Van Poelgeest Hilversum
BMW 3 Serie Sedan,318i,€ 49.900 v.a. € 512 p/m,2024 15.805 km Automaat Benzine,v.a. € 512 p/m,Van Poelgeest Amstelveen
BMW X7,xDrive40i,€ 193.402 v.a. € 1986 p/m,2025 5 km Automaat Benzine,v.a. € 1986 p/m,Van Poelgeest Noordwijk
BMW X3,30e xDrive,€ 83.816 v.a. € 801 p/m,2025 1 km Automaat Hybride,v.a. € 801 p/m,Van Poelgeest Gouda
BMW i5 Touring,eDrive40 M Sport Edition,€ 98.510 v.a. € 870 p/m,2025 1 km Automaat Elektrisch,v.a. € 870 p/m,Van Poelgeest Amersfoort
BMW i4,eDrive35 M Sport Edition,€ 70.950 v.a. € 626 p/m,2025 1 km Automaat Elektrisch,v.a. € 626 p/m,Van Poelgeest Amsterdam
BMW i4,eDrive35 M Sport Edition,€ 69.641 v.a. € 615 p/m,2025 1 km Automaat Elektrisch,v.a. € 615 p/m,Van Poelgeest Amsterdam
BMW 2 Serie Gran Coupé,220 M Sport Design Edition,€ 49.900 v.a. € 512 p/m,2025 12.000 km Automaat Benzine,v.a. € 512 p/m,Van Poelgeest Noordwijk
BMW 1 Serie,120 M Sport Design Edition,€ 45.900 v.a. € 471 p/m,2025 14.999 km Automaat Benzine,v.a. € 471 p/m,Van Poelgeest Amersfoort
BMW 5 Serie Sedan,530e,€ 82.900 v.a. € 851 p/m,2025 5.434 km Automaat Hybride,v.a. € 851 p/m,Van Poelgeest Amsterdam
BMW 5 Serie Touring,530e,€ 67.900 v.a. € 698 p/m,2025 13.572 km Automaat Hybride,v.a. € 698 p/m,Van Poelgeest Naarden - PS Center
BMW iX1,eDrive20 67 kWh,€ 63.900 v.a. € 564 p/m,2025 4.000 km Automaat Elektrisch,v.a. € 564 p/m,Van Poelgeest Naarden - PS Center
BMW iX2,eDrive20,€ 48.900 v.a. € 432 p/m,2024 10.172 km Automaat Elektrisch,v.a. € 432 p/m,Van Poelgeest Amsterdam
BMW i5 Touring,M60 xDrive 84 kWh,€ 84.900 v.a. € 750 p/m,2024 29.846 km Automaat Elektrisch,v.a. € 750 p/m,Van Poelgeest Hilversum
BMW iX1,eDrive20 67 kWh,€ 49.900 v.a. € 440 p/m,2025 5.070 km Automaat Elektrisch,v.a. € 440 p/m,Van Poelgeest Amstelveen
BMW i4,eDrive40 M Sport Edition,€ 72.412 v.a. € 640 p/m,2025 1 km Automaat Elektrisch,v.a. € 640 p/m,Van Poelgeest Woerden
BMW 5 Serie Touring,530e M Sport Edition,€ 88.668 v.a. € 847 p/m,2025 1 km Automaat Hybride,v.a. € 847 p/m,Van Poelgeest Amersfoort
BMW 1 Serie,118i Business Edition Executive Model M Sport,€ 28.895 v.a. € 297 p/m,2021 68.582 km Automaat Benzine,v.a. € 297 p/m,Van Poelgeest Alphen aan den Rijn
BMW X1,xDrive25e,€ 64.691 v.a. € 664 p/m,2025 500 km Automaat Hybride,v.a. € 664 p/m,Van Poelgeest Amstelveen
MINI Cooper 5-deurs,C John Cooper Works Pakket M,€ 44.895 v.a. € 461 p/m,2025 4.050 km Automaat Benzine,v.a. € 461 p/m,Van Poelgeest Woerden
MINI Countryman Electric,E John Cooper Works L,€ 57.257 v.a. € 588 p/m,2025 2.632 km Automaat Elektrisch,v.a. € 588 p/m,Van Poelgeest Amstelveen
BMW i4,M60 xDrive,€ 98.283 v.a. € 868 p/m,2025 1 km Automaat Elektrisch,v.a. € 868 p/m,Van Poelgeest Hilversum
BMW X1,xDrive25e,€ 64.779 v.a. € 665 p/m,2025 2.688 km Automaat Hybride,v.a. € 665 p/m,Van Poelgeest Amstelveen
BMW iX1,eDrive20 67 kWh M Sport Edition,€ 49.984 v.a. € 441 p/m,2025 1 km Automaat Elektrisch,v.a. € 441 p/m,Van Poelgeest Hilversum
MINI Countryman,1.5 C Classic,€ 43.500 v.a. € 446 p/m,2024 13.720 km Automaat Benzine,v.a. € 446 p/m,Van Poelgeest Amstelveen
BMW i5 Touring,eDrive40 M Sport Edition,€ 85.707 v.a. € 757 p/m,2025 1 km Automaat Elektrisch,v.a. € 757 p/m,Van Poelgeest Amsterdam
BMW 3 Serie Sedan,330i xDrive,€ 92.455 v.a. € 950 p/m,2025 4.999 km Automaat Benzine,v.a. € 950 p/m,Van Poelgeest Amsterdam
BMW iX,xDrive40 Business Edition Plus 77 kWh,€ 51.900 v.a. € 459 p/m,2023 29.904 km Automaat Elektrisch,v.a. € 459 p/m,Van Poelgeest Naarden - PS Center
BMW 2 Serie Active Tourer,220i l M-Sport,€ 37.899 v.a. € 389 p/m,2023 28.880 km Automaat Benzine,v.a. € 389 p/m,Van Poelgeest Amsterdam
BMW 5 Serie Touring,530e M Sport Edition,€ 96.223 v.a. € 919 p/m,2025 1 km Automaat Hybride,v.a. € 919 p/m,Van Poelgeest Gouda
BMW X3,30e xDrive,€ 81.312 v.a. € 777 p/m,2025 0 km Automaat Hybride,v.a. € 777 p/m,Van Poelgeest Naarden
BMW i5 Sedan,eDrive40 M Sport Edition,€ 89.438 v.a. € 790 p/m,2025 1 km Automaat Elektrisch,v.a. € 790 p/m,Van Poelgeest Woerden
BMW 1 Serie,123 xDrive,€ 62.429 v.a. € 641 p/m,2025 1 km Automaat Benzine,v.a. € 641 p/m,Van Poelgeest Gouda
BMW X1,xDrive30e,€ 63.900 v.a. € 656 p/m,2025 7.001 km Automaat Hybride,v.a. € 656 p/m,Van Poelgeest Amstelveen
BMW 2 Serie Gran Coupé,218i,€ 36.900 v.a. € 379 p/m,2024 22.743 km Automaat Benzine,v.a. € 379 p/m,Van Poelgeest Naarden - PS Center
BMW 1 Serie,120,€ 41.900 v.a. € 431 p/m,2025 9.999 km Automaat Benzine,v.a. € 431 p/m,Van Poelgeest Amersfoort
BMW 4 Serie Cabrio,420i,€ 90.057 v.a. € 925 p/m,2025 1 km Automaat Benzine,v.a. € 925 p/m,Van Poelgeest Amsterdam
BMW 5 Serie Touring,530e M Sport Edition,€ 90.179 v.a. € 861 p/m,2025 1 km Automaat Hybride,v.a. € 861 p/m,Van Poelgeest Noordwijk
BMW iX1,xDrive30 M-Sport,€ 43.400 v.a. € 464 p/m,2023 40.406 km Automaat Elektrisch,v.a. € 464 p/m,Van Poelgeest Hilversum
BMW 5 Serie Touring,520d,€ 69.900 v.a. € 717 p/m,2024 21.442 km Automaat Diesel,v.a. € 717 p/m,Van Poelgeest Amstelveen
BMW iX1,eDrive20 67 kWh M Sport Edition,€ 49.984 v.a. € 441 p/m,2025 1 km Automaat Elektrisch,v.a. € 441 p/m,Van Poelgeest Amstelveen
MINI Cooper 5-deurs,1.5 Cooper C John Cooper Works,€ 52.955 v.a. € 544 p/m,2025 9.500 km Automaat Benzine,v.a. € 544 p/m,Van Poelgeest Amstelveen
BMW 2 Serie Coupé,220i,€ 71.841 v.a. € 737 p/m,2025 1 km Automaat Benzine,v.a. € 737 p/m,Van Poelgeest Amstelveen
BMW iX1,xDrive30 Launch Edition xLine,€ 39.995 v.a. € 427 p/m,2023 15.628 km Automaat Elektrisch,v.a. € 427 p/m,Van Poelgeest Gouda
BMW 3 Serie Sedan,330e,€ 57.900 v.a. € 594 p/m,2025 9.999 km Automaat Hybride,v.a. € 594 p/m,Van Poelgeest Amersfoort
MINI Cooper 3-deurs Electric,SE John Cooper Works,€ 51.390 v.a. € 527 p/m,2024 26.100 km Automaat Elektrisch,v.a. € 527 p/m,Van Poelgeest Amstelveen
BMW M3 Sedan,xDrive Competition,€ 133.900 v.a. € 1374 p/m,2025 4.441 km Automaat Benzine,v.a. € 1374 p/m,Van Poelgeest Amstelveen
BMW iX2,eDrive20 M Sport Edition,€ 62.109 v.a. € 549 p/m,2025 1 km Automaat Elektrisch,v.a. € 549 p/m,Van Poelgeest Amsterdam
BMW M3,Coupé E36,€ 51.899 v.a. € 645 p/m,1998 62.936 km Automaat Benzine,v.a. € 645 p/m,Van Poelgeest Naarden - PS Center
BMW 2 Serie Gran Coupé,220 M Sport Design Edition,€ 56.041 v.a. € 575 p/m,2025 3.860 km Automaat Benzine,v.a. € 575 p/m,Van Poelgeest Amstelveen
BMW 5 Serie Touring,530e,€ 74.900 v.a. € 769 p/m,2025 13.850 km Automaat Hybride,v.a. € 769 p/m,Van Poelgeest Amstelveen
BMW iX3,,€ 72.838 v.a. € 643 p/m,2025 4.999 km Automaat Elektrisch,v.a. € 643 p/m,Van Poelgeest Amsterdam
BMW iX,xDrive M70,€ 149.590 v.a. € 1321 p/m,2025 1 km Automaat Elektrisch,v.a. € 1321 p/m,Van Poelgeest Amsterdam
BMW 5 Serie Sedan,530e M Sport Edition,€ 87.106 v.a. € 832 p/m,2025 1 km Automaat Hybride,v.a. € 832 p/m,Van Poelgeest Amersfoort
BMW 1 Serie,118i,€ 27.500 v.a. € 283 p/m,2020 84.067 km Automaat Benzine,v.a. € 283 p/m,Van Poelgeest Amersfoort
BMW iX3,High Executive 80 kWh,€ 56.900 v.a. € 502 p/m,2024 21.458 km Automaat Elektrisch,v.a. € 502 p/m,Van Poelgeest Naarden - PS Center
BMW 3 Serie Sedan,330e,€ 52.900 v.a. € 543 p/m,2024 19.607 km Automaat Hybride,v.a. € 543 p/m,Van Poelgeest Amersfoort
BMW X5,xDrive50e Innovation Pack M Sportpakket,€ 102.895 v.a. € 1056 p/m,2025 14.383 km Automaat Hybride,v.a. € 1056 p/m,Van Poelgeest Gouda
BMW X1,xDrive25e,€ 65.531 v.a. € 626 p/m,2025 1 km Automaat Hybride,v.a. € 626 p/m,Van Poelgeest Amstelveen
BMW i5 Sedan,eDrive40 M Sport Edition,€ 91.515 v.a. € 808 p/m,2025 1 km Automaat Elektrisch,v.a. € 808 p/m,Van Poelgeest Hilversum
BMW iX2,eDrive20 M Sport Edition,€ 62.109 v.a. € 549 p/m,2025 1 km Automaat Elektrisch,v.a. € 549 p/m,Van Poelgeest Amersfoort
BMW i4,eDrive40 M Sport Edition,€ 72.753 v.a. € 643 p/m,2025 1 km Automaat Elektrisch,v.a. € 643 p/m,Van Poelgeest Heemstede
BMW 1 Serie,123 xDrive,€ 56.900 v.a. € 584 p/m,2025 10.294 km Automaat Benzine,v.a. € 584 p/m,Van Poelgeest Amsterdam
BMW X1,xDrive25e,€ 57.900 v.a. € 594 p/m,2025 5.000 km Automaat Hybride,v.a. € 594 p/m,Van Poelgeest Noordwijk
BMW iX1,eDrive20 67 kWh M Sport Edition,€ 60.616 v.a. € 536 p/m,2025 4.001 km Automaat Elektrisch,v.a. € 536 p/m,Van Poelgeest Heemstede
BMW X3,30e xDrive,€ 82.321 v.a. € 787 p/m,2025 1 km Automaat Hybride,v.a. € 787 p/m,Van Poelgeest Amersfoort
BMW X5,xDrive45e High Executive M Sportpakket,€ 58.895 v.a. € 732 p/m,2020 126.516 km Automaat Hybride,v.a. € 732 p/m,Van Poelgeest Woerden
BMW Z4,Roadster sDrive30i Business Edition Plus,€ 54.900 v.a. € 564 p/m,2023 27.474 km Automaat Benzine,v.a. € 564 p/m,Van Poelgeest Hilversum
BMW 2 Serie Gran Coupé,220,€ 54.069 v.a. € 555 p/m,2025 4.999 km Automaat Benzine,v.a. € 555 p/m,Van Poelgeest Amsterdam
BMW i4,eDrive35,€ 57.900 v.a. € 512 p/m,2025 9.191 km Automaat Elektrisch,v.a. € 512 p/m,Van Poelgeest Amsterdam
BMW 1 Serie,118i Executive Business Edition Model Sport Line,,2022 23.000 km Automaat Benzine,,Van Poelgeest Gouda
BMW 5 Serie Touring,530e M Sport Edition,€ 88.668 v.a. € 847 p/m,2025 1 km Automaat Hybride,v.a. € 847 p/m,Van Poelgeest Amstelveen
BMW i5 Touring,eDrive40 M Sport Edition,€ 96.856 v.a. € 855 p/m,2025 1 km Automaat Elektrisch,v.a. € 855 p/m,Van Poelgeest Naarden
BMW iX1,eDrive20 67 kWh M Sport Edition,€ 49.984 v.a. € 441 p/m,2025 1 km Automaat Elektrisch,v.a. € 441 p/m,Van Poelgeest Alphen aan den Rijn
BMW M2,CS DCT,€ 92.900 v.a. € 1154 p/m,2020 15.705 km Automaat Benzine,v.a. € 1154 p/m,Van Poelgeest Noordwijk
MINI Countryman Electric,E Classic Pakket M,€ 37.895 v.a. € 389 p/m,2024 31.274 km Automaat Elektrisch,v.a. € 389 p/m,Van Poelgeest Alphen aan den Rijn
BMW 2 Serie Gran Coupé,220,€ 52.974 v.a. € 544 p/m,2025 1 km Automaat Benzine,v.a. € 544 p/m,Van Poelgeest Amstelveen
BMW 5 Serie Touring,530i High Executive M-Sport,€ 59.900 v.a. € 615 p/m,2023 62.268 km Automaat Benzine,v.a. € 615 p/m,Van Poelgeest Amstelveen
BMW 3 Serie Sedan,320e,€ 51.900 v.a. € 533 p/m,2025 4.999 km Automaat Hybride,v.a. € 533 p/m,Van Poelgeest Amsterdam
BMW 2 Serie Coupé,218i,€ 49.900 v.a. € 512 p/m,2025 9.961 km Automaat Benzine,v.a. € 512 p/m,Van Poelgeest Naarden - PS Center
BMW 3 Serie Touring,330e xDrive,€ 68.900 v.a. € 707 p/m,2024 4.009 km Automaat Hybride,v.a. € 707 p/m,Van Poelgeest Amsterdam
BMW X5,M50d High Executive l M-Sport l Elek. Trekhaak,€ 60.899 v.a. € 757 p/m,2019 98.186 km Automaat Diesel,v.a. € 757 p/m,Van Poelgeest Amsterdam
MINI Cooper 3-deurs Electric,Cooper E John Cooper Works M,€ 35.900 v.a. € 369 p/m,2024 4.001 km Automaat Elektrisch,v.a. € 369 p/m,Van Poelgeest Heemstede
BMW 2 Serie Gran Coupé,220,€ 58.368 v.a. € 599 p/m,2025 4.999 km Automaat Benzine,v.a. € 599 p/m,Van Poelgeest Amsterdam
BMW 3 Serie Sedan,330e,€ 69.096 v.a. € 660 p/m,2025 1 km Automaat Hybride,v.a. € 660 p/m,Van Poelgeest Hilversum
BMW X5,xDrive45e High Executive,€ 59.900 v.a. € 744 p/m,2020 84.552 km Automaat Hybride,v.a. € 744 p/m,Van Poelgeest Hilversum
MINI Countryman Electric,SE ALL4 John Cooper Works Pakket L,€ 55.240 v.a. € 567 p/m,2025 7.500 km Automaat Elektrisch,v.a. € 567 p/m,Van Poelgeest Gouda
BMW i4,M50,€ 59.899 v.a. € 529 p/m,2024 15.905 km Automaat Elektrisch,v.a. € 529 p/m,Van Poelgeest Amsterdam
BMW i5 Touring,xDrive40,€ 102.831 v.a. € 908 p/m,2025 1 km Automaat Elektrisch,v.a. € 908 p/m,Van Poelgeest Amstelveen
BMW iX,xDrive60,€ 122.290 v.a. € 1080 p/m,2025 1 km Automaat Elektrisch,v.a. € 1080 p/m,Van Poelgeest Naarden
BMW 3 Serie Touring,318i,€ 39.900 v.a. € 496 p/m,2022 59.705 km Automaat Benzine,v.a. € 496 p/m,Van Poelgeest Amersfoort
BMW 2 Serie Gran Coupé,220,€ 63.129 v.a. € 648 p/m,2025 4.999 km Automaat Benzine,v.a. € 648 p/m,Van Poelgeest Amsterdam
BMW iX1,xDrive30 M-Sport,€ 42.900 v.a. € 459 p/m,2023 63.423 km Automaat Elektrisch,v.a. € 459 p/m,Van Poelgeest Hilversum
BMW 4 Serie Coupé,420i,€ 80.985 v.a. € 831 p/m,2025 1 km Automaat Benzine,v.a. € 831 p/m,Van Poelgeest Heemstede
BMW i4,eDrive35 High Executive M Sportpakket Pro,€ 45.895 v.a. € 491 p/m,2023 16.967 km Automaat Elektrisch,v.a. € 491 p/m,Van Poelgeest Alphen aan den Rijn
BMW iX1,eDrive20,€ 64.242 v.a. € 568 p/m,2025 4.999 km Automaat Elektrisch,v.a. € 568 p/m,Van Poelgeest Amsterdam
BMW X3,xDrive20i High Executive,€ 39.900 v.a. € 496 p/m,2018 47.994 km Automaat Benzine,v.a. € 496 p/m,Van Poelgeest Heemstede
MINI Aceman,E Favoured Trim Pakket M,€ 36.950 v.a. € 379 p/m,2024 13.000 km Automaat Elektrisch,v.a. € 379 p/m,Van Poelgeest Woerden
BMW 7 Serie,750e xDrive,€ 155.124 v.a. € 1593 p/m,2025 4.999 km Automaat Hybride,v.a. € 1593 p/m,Van Poelgeest Amsterdam
MINI Cooper 3-deurs Electric,Classic Uitvoering,€ 20.895 v.a. € 215 p/m,2023 49.036 km Automaat Elektrisch,v.a. € 215 p/m,Van Poelgeest Woerden
BMW X5,xDrive50e Innovation Pack M Sportpakket Pro,€ 114.895 v.a. € 1179 p/m,2025 4.722 km Automaat Hybride,v.a. € 1179 p/m,Van Poelgeest Woerden
BMW 1 Serie,120 Premium Pack M Sportpakket Pro Individual,€ 56.897 v.a. € 584 p/m,2025 12.000 km Automaat Benzine,v.a. € 584 p/m,Van Poelgeest Woerden
BMW X1,xDrive25e,€ 27.900 v.a. € 287 p/m,2021 106.920 km Automaat Hybride,v.a. € 287 p/m,Van Poelgeest Naarden - PS Center
BMW X2,xDrive25e High Executive,€ 33.900 v.a. € 421 p/m,2020 36.905 km Automaat Hybride,v.a. € 421 p/m,Van Poelgeest Amersfoort
BMW iX,xDrive40,€ 105.040 v.a. € 928 p/m,2025 1 km Automaat Elektrisch,v.a. € 928 p/m,Van Poelgeest Hilversum
MINI Countryman Electric,E John Cooper Works,€ 43.950 v.a. € 451 p/m,2024 32.100 km Automaat Elektrisch,v.a. € 451 p/m,Van Poelgeest Woerden
MINI Cooper 5-deurs,Cooper Classic,€ 24.900 v.a. € 309 p/m,2022 47.305 km Handgeschakeld Benzine,v.a. € 309 p/m,Van Poelgeest Amsterdam
BMW X1,xDrive25e,€ 64.524 v.a. € 663 p/m,2025 4.999 km Automaat Hybride,v.a. € 663 p/m,Van Poelgeest Amsterdam
BMW i4,eDrive35 M Sport Edition,€ 70.047 v.a. € 619 p/m,2025 1 km Automaat Elektrisch,v.a. € 619 p/m,Van Poelgeest Amersfoort
BMW 4 Serie Gran Coupé,420i,€ 81.039 v.a. € 832 p/m,2025 1 km Automaat Benzine,v.a. € 832 p/m,Van Poelgeest Noordwijk
MINI Cooper 3-deurs,2.0 JCW,€ 53.490 v.a. € 473 p/m,2025 1 km Automaat Benzine,v.a. € 473 p/m,Van Poelgeest Naarden
BMW 1 Serie,120,€ 57.728 v.a. € 593 p/m,2025 4.999 km Automaat Benzine,v.a. € 593 p/m,Van Poelgeest Amsterdam
BMW X1,xDrive30e,€ 77.310 v.a. € 793 p/m,2025 4.999 km Automaat Hybride,v.a. € 793 p/m,Van Poelgeest Amsterdam
BMW iX3,High Executive 80 kWh,€ 57.900 v.a. € 512 p/m,2024 8.583 km Automaat Elektrisch,v.a. € 512 p/m,Van Poelgeest Noordwijk
BMW i3,120Ah 42 kWh,€ 25.900 v.a. € 229 p/m,2022 15.958 km Automaat Elektrisch,v.a. € 229 p/m,Van Poelgeest Amsterdam
BMW 3 Serie Touring,330e,€ 59.900 v.a. € 615 p/m,2024 4.000 km Automaat Hybride,v.a. € 615 p/m,Van Poelgeest Hilversum
BMW X5,xDrive50e,€ 124.900 v.a. € 1283 p/m,2025 9.999 km Automaat Hybride,v.a. € 1283 p/m,Van Poelgeest Amersfoort
BMW X5 M,Competition,€ 117.895 v.a. € 1211 p/m,2022 65.639 km Automaat Benzine,v.a. € 1211 p/m,Van Poelgeest Gouda
BMW X1,xDrive30e,€ 66.900 v.a. € 687 p/m,2025 14.135 km Automaat Hybride,v.a. € 687 p/m,Van Poelgeest Heemstede
BMW 5 Serie Touring,520i,€ 93.608 v.a. € 961 p/m,2025 4.074 km Automaat Benzine,v.a. € 961 p/m,Van Poelgeest Amstelveen
BMW iX,xDrive60,€ 122.290 v.a. € 1080 p/m,2025 1 km Automaat Elektrisch,v.a. € 1080 p/m,Van Poelgeest Naarden
MINI Cooper 3-deurs,C,€ 40.795 v.a. € 419 p/m,2025 4.999 km Automaat Benzine,v.a. € 419 p/m,Van Poelgeest Amsterdam
BMW i4,eDrive40 M Sport Edition,€ 75.099 v.a. € 664 p/m,2025 1 km Automaat Elektrisch,v.a. € 664 p/m,Van Poelgeest Woerden
BMW iX1,eDrive20 67 kWh M Sport Edition,€ 49.984 v.a. € 441 p/m,2025 1 km Automaat Elektrisch,v.a. € 441 p/m,Van Poelgeest Noordwijk
BMW iX,xDrive45,€ 109.032 v.a. € 963 p/m,2025 1 km Automaat Elektrisch,v.a. € 963 p/m,Van Poelgeest Alphen aan den Rijn
BMW 3 Serie Touring,330e,€ 53.900 v.a. € 554 p/m,2024 31.354 km Automaat Hybride,v.a. € 554 p/m,Van Poelgeest Amersfoort
MINI Cooper Cabrio,C,€ 55.058 v.a. € 565 p/m,2025 4.999 km Automaat Benzine,v.a. € 565 p/m,Van Poelgeest Amsterdam
BMW 5 Serie Sedan,530e M Sport Edition,€ 87.078 v.a. € 831 p/m,2025 1 km Automaat Hybride,v.a. € 831 p/m,Van Poelgeest Noordwijk
BMW 4 Serie Gran Coupé,420i High Executive Edition,€ 29.900 v.a. € 371 p/m,2020 95.042 km Automaat Benzine,v.a. € 371 p/m,Van Poelgeest Amstelveen
BMW iX,xDrive45 101 kWh,€ 102.511 v.a. € 906 p/m,2025 3.010 km Automaat Elektrisch,v.a. € 906 p/m,Van Poelgeest Amstelveen
MINI Cooper 3-deurs Electric,Yours Uitvoering,€ 21.795 v.a. € 224 p/m,2021 14.912 km Automaat Elektrisch,v.a. € 224 p/m,Van Poelgeest Woerden
BMW iX1,xDrive30 M-Sport,€ 42.900 v.a. € 379 p/m,2023 15.415 km Automaat Elektrisch,v.a. € 379 p/m,Van Poelgeest Hilversum
BMW iX1,eDrive20 M Sportpakket Pro,€ 46.895 v.a. € 414 p/m,2024 11.000 km Automaat Elektrisch,v.a. € 414 p/m,Van Poelgeest Woerden
BMW 5 Serie Sedan,530e M Sport Edition,€ 85.825 v.a. € 820 p/m,2025 1 km Automaat Hybride,v.a. € 820 p/m,Van Poelgeest Heemstede
BMW X1,xDrive23i M Sport Pro,€ 77.916 v.a. € 800 p/m,2025 1 km Automaat Benzine,v.a. € 800 p/m,Van Poelgeest Alphen aan den Rijn
BMW iX,xDrive60,€ 121.757 v.a. € 1075 p/m,2025 1 km Automaat Elektrisch,v.a. € 1075 p/m,Van Poelgeest Amstelveen
BMW i4,eDrive35 M Sport Edition,€ 70.368 v.a. € 621 p/m,2025 1 km Automaat Elektrisch,v.a. € 621 p/m,Van Poelgeest Woerden
BMW 2 Serie Active Tourer,220i,€ 48.900 v.a. € 502 p/m,2024 4.932 km Automaat Benzine,v.a. € 502 p/m,Van Poelgeest Heemstede
BMW X1,xDrive30e,€ 61.889 v.a. € 636 p/m,2025 9.743 km Automaat Hybride,v.a. € 636 p/m,Van Poelgeest Amstelveen
BMW 4 Serie Coupé,420i,€ 79.947 v.a. € 821 p/m,2025 2.700 km Automaat Benzine,v.a. € 821 p/m,Van Poelgeest Amstelveen
MINI Cooper 3-deurs Electric,Classic 33 kWh,€ 21.900 v.a. € 225 p/m,2022 78.577 km Automaat Elektrisch,v.a. € 225 p/m,Van Poelgeest Amersfoort
BMW i3,120Ah 42 kWh,€ 25.900 v.a. € 229 p/m,2022 11.903 km Automaat Elektrisch,v.a. € 229 p/m,Van Poelgeest Amstelveen
BMW iX1,eDrive20 67 kWh M Sport Edition,€ 49.984 v.a. € 441 p/m,2025 1 km Automaat Elektrisch,v.a. € 441 p/m,Van Poelgeest Gouda
BMW X4,xDrive20i,€ 69.900 v.a. € 717 p/m,2024 4.688 km Automaat Benzine,v.a. € 717 p/m,Van Poelgeest Amsterdam
BMW X1,xDrive25e,€ 68.743 v.a. € 657 p/m,2025 1 km Automaat Hybride,v.a. € 657 p/m,Van Poelgeest Alphen aan den Rijn
BMW 3 Serie Touring,330e,€ 59.900 v.a. € 615 p/m,2024 13.753 km Automaat Hybride,v.a. € 615 p/m,Van Poelgeest Amersfoort
BMW 4 Serie Cabrio,M4 xDrive Competition,€ 139.900 v.a. € 1436 p/m,2024 13.217 km Automaat Benzine,v.a. € 1436 p/m,Van Poelgeest Noordwijk
BMW 5 Serie Touring,520d xDrive,€ 74.900 v.a. € 769 p/m,2024 9.875 km Automaat Diesel,v.a. € 769 p/m,Van Poelgeest Naarden - PS Center
BMW X4,xDrive20i High Executive Edition l M-Sport,€ 39.900 v.a. € 496 p/m,2019 100.737 km Automaat Benzine,v.a. € 496 p/m,Van Poelgeest Amsterdam
BMW i4,eDrive40 M Sport Edition,€ 72.412 v.a. € 640 p/m,2025 1 km Automaat Elektrisch,v.a. € 640 p/m,Van Poelgeest Amstelveen
BMW X3,xDrive30e Business Edition Plus M Sportpakket,€ 58.895 v.a. € 732 p/m,2023 25.500 km Automaat Hybride,v.a. € 732 p/m,Van Poelgeest Alphen aan den Rijn
MINI Countryman,1.5 C John Cooper Works,€ 60.587 v.a. € 622 p/m,2025 12.700 km Automaat Benzine,v.a. € 622 p/m,Van Poelgeest Amstelveen
BMW i4,eDrive35 70 kWh,€ 51.900 v.a. € 459 p/m,2024 15.622 km Automaat Elektrisch,v.a. € 459 p/m,Van Poelgeest Amstelveen
BMW X4,xDrive20i,€ 53.900 v.a. € 554 p/m,2022 84.478 km Automaat Benzine,v.a. € 554 p/m,Van Poelgeest Amersfoort
BMW i4,xDrive40 84 kWh,€ 64.900 v.a. € 574 p/m,2024 4.058 km Automaat Elektrisch,v.a. € 574 p/m,Van Poelgeest Amstelveen
BMW iX,xDrive45,€ 109.032 v.a. € 963 p/m,2025 1 km Automaat Elektrisch,v.a. € 963 p/m,Van Poelgeest Gouda
BMW i4,eDrive35,€ 74.464 v.a. € 658 p/m,2025 4.999 km Automaat Elektrisch,v.a. € 658 p/m,Van Poelgeest Amsterdam
BMW 2 Serie Active Tourer,218i,€ 57.565 v.a. € 591 p/m,2025 1 km Automaat Benzine,v.a. € 591 p/m,Van Poelgeest Amstelveen
MINI Cooper 3-deurs Electric,SE Favoured XL,€ 51.357 v.a. € 527 p/m,2025 1.850 km Automaat Elektrisch,v.a. € 527 p/m,Van Poelgeest Amstelveen
BMW X5,xDrive45e,€ 46.900 v.a. € 482 p/m,2020 164.585 km Automaat Hybride,v.a. € 482 p/m,Van Poelgeest Amersfoort
BMW i3,Basis 120Ah 42 kWh,€ 28.900 v.a. € 255 p/m,2022 16.391 km Automaat Elektrisch,v.a. € 255 p/m,Van Poelgeest Amstelveen
BMW i3,120Ah,€ 16.895 v.a. € 181 p/m,2019 73.314 km Automaat Elektrisch,v.a. € 181 p/m,Van Poelgeest Alphen aan den Rijn
BMW i5 Sedan,eDrive40 M Sport Edition,€ 96.217 v.a. € 850 p/m,2025 1 km Automaat Elektrisch,v.a. € 850 p/m,Van Poelgeest Amersfoort
BMW i5 Touring,M60 xDrive,€ 123.002 v.a. € 1087 p/m,2025 1 km Automaat Elektrisch,v.a. € 1087 p/m,Van Poelgeest Naarden
BMW XM,,€ 128.995 v.a. € 1324 p/m,2024 9.469 km Automaat Hybride,v.a. € 1324 p/m,Van Poelgeest Alphen aan den Rijn
BMW 2 Serie Gran Coupé,M235 xDrive,€ 96.125 v.a. € 987 p/m,2025 1 km Automaat Benzine,v.a. € 987 p/m,Van Poelgeest Noordwijk
BMW 5 Serie Touring,530e,€ 64.900 v.a. € 666 p/m,2024 4.001 km Automaat Hybride,v.a. € 666 p/m,Van Poelgeest Heemstede
BMW iX,xDrive45,€ 105.027 v.a. € 928 p/m,2025 4.999 km Automaat Elektrisch,v.a. € 928 p/m,Van Poelgeest Amsterdam
BMW 5 Serie Touring,530e,€ 81.900 v.a. € 840 p/m,2025 19.999 km Automaat Hybride,v.a. € 840 p/m,Van Poelgeest Amersfoort
Mini Cooper 3-deurs Electric,Cooper E Favoured M 40.7 kWh,€ 32.500 v.a. € 340 p/m,2025 2.899 km Automaat Elektrisch,v.a. € 340 p/m,Van Poelgeest Amstelveen
BMW i3,120Ah,€ 25.995 v.a. € 230 p/m,2022 17.931 km Automaat Elektrisch,v.a. € 230 p/m,Van Poelgeest Alphen aan den Rijn
Mini Countryman,1.5 C John Cooper Works XL,€ 55.100 v.a. € 575 p/m,2025 20 km Automaat Benzine,v.a. € 575 p/m,Van Poelgeest Amstelveen
BMW 3 Serie Touring,320e M Sportpakket,€ 48.995 v.a. € 503 p/m,2024 19.500 km Automaat Hybride,v.a. € 503 p/m,Van Poelgeest Gouda
BMW X3,xDrive20i High Executive Edition,€ 44.900 v.a. € 558 p/m,2020 56.282 km Automaat Benzine,v.a. € 558 p/m,Van Poelgeest Naarden - PS Center
BMW 5 Serie Sedan,550e xDrive,€ 86.900 v.a. € 893 p/m,2025 7.992 km Automaat Hybride,v.a. € 893 p/m,Van Poelgeest Naarden - PS Center
BMW i5 Touring,M60 xDrive,€ 120.679 v.a. € 1066 p/m,2025 1 km Automaat Elektrisch,v.a. € 1066 p/m,Van Poelgeest Amstelveen
Mini Cooper 3-deurs,Cooper,€ 18.900 v.a. € 198 p/m,2020 19.896 km Handgeschakeld Benzine,v.a. € 198 p/m,Van Poelgeest Amstelveen
MINI Cooper 5-deurs,C,€ 48.182 v.a. € 426 p/m,2025 15 km Automaat Benzine,v.a. € 426 p/m,Van Poelgeest Amsterdam
MINI Cooper 3-deurs,C Favoured S,€ 39.450 v.a. € 405 p/m,2025 4.856 km Automaat Benzine,v.a. € 405 p/m,Van Poelgeest Naarden - PS Center
BMW X5,xDrive50e,€ 112.900 v.a. € 1160 p/m,2025 12.348 km Automaat Hybride,v.a. € 1160 p/m,Van Poelgeest Amstelveen
BMW iX1,eDrive20 67 kWh M Sport Edition,€ 49.984 v.a. € 441 p/m,2025 1 km Automaat Elektrisch,v.a. € 441 p/m,Van Poelgeest Amstelveen
BMW 5 Serie Touring,530e M Sportpakket Pro,€ 93.872 v.a. € 897 p/m,2025 5 km Automaat Hybride,v.a. € 897 p/m,Van Poelgeest Hilversum
BMW X4,xDrive20i Innovationspakket Model Essential,€ 43.895 v.a. € 450 p/m,2021 75.712 km Automaat Benzine,v.a. € 450 p/m,Van Poelgeest Alphen aan den Rijn
MINI Cooper 3-deurs Electric,E Favoured Trim Pakket L,€ 37.495 v.a. € 385 p/m,2025 13.500 km Automaat Elektrisch,v.a. € 385 p/m,Van Poelgeest Alphen aan den Rijn
BMW i4,eDrive35 M Sport Edition,€ 72.447 v.a. € 640 p/m,2025 1 km Automaat Elektrisch,v.a. € 640 p/m,Van Poelgeest Amstelveen
BMW X1,xDrive25e,€ 34.900 v.a. € 359 p/m,2022 38.703 km Automaat Hybride,v.a. € 359 p/m,Van Poelgeest Amersfoort
MINI Cooper 3-deurs,C,€ 44.145 v.a. € 453 p/m,2025 4.999 km Automaat Benzine,v.a. € 453 p/m,Van Poelgeest Amsterdam
BMW 1 Serie,120,€ 43.900 v.a. € 450 p/m,2024 6.132 km Automaat Benzine,v.a. € 450 p/m,Van Poelgeest Amsterdam
BMW 1 Serie,120,€ 52.970 v.a. € 544 p/m,2025 4.999 km Automaat Benzine,v.a. € 544 p/m,Van Poelgeest Amsterdam
BMW iX3,High Executive,€ 35.900 v.a. € 384 p/m,2021 78.449 km Automaat Elektrisch,v.a. € 384 p/m,Van Poelgeest Hilversum
BMW 3 Serie Touring,330e xDrive,€ 63.900 v.a. € 656 p/m,2024 14.053 km Automaat Hybride,v.a. € 656 p/m,Van Poelgeest Noordwijk
BMW 1 Serie,120,€ 44.900 v.a. € 461 p/m,2025 8.500 km Automaat Benzine,v.a. € 461 p/m,Van Poelgeest Hilversum
MINI Countryman Electric,E,€ 47.615 v.a. € 489 p/m,2025 4.999 km Automaat Elektrisch,v.a. € 489 p/m,Van Poelgeest Amsterdam
BMW i4,eDrive35 M Sportpakket Pro,€ 54.995 v.a. € 486 p/m,2025 13.000 km Automaat Elektrisch,v.a. € 486 p/m,Van Poelgeest Woerden
BMW 5 Serie Sedan,530e M Sport Edition,€ 85.825 v.a. € 820 p/m,2025 1 km Automaat Hybride,v.a. € 820 p/m,Van Poelgeest Amstelveen
BMW X5,xDrive50e Innovation Pack M Sportpakket Pro,€ 108.895 v.a. € 1118 p/m,2025 14.192 km Automaat Hybride,v.a. € 1118 p/m,Van Poelgeest Gouda
MINI Cooper 3-deurs Electric,E,€ 48.761 v.a. € 501 p/m,2025 4.999 km Automaat Elektrisch,v.a. € 501 p/m,Van Poelgeest Amsterdam
BMW i5 Touring,eDrive40 M Sport Edition,€ 81.887 v.a. € 723 p/m,2025 1 km Automaat Elektrisch,v.a. € 723 p/m,Van Poelgeest Amersfoort
BMW X1,xDrive30e,€ 65.900 v.a. € 677 p/m,2024 17.116 km Automaat Hybride,v.a. € 677 p/m,Van Poelgeest Amersfoort
BMW 3 Serie Touring,330e xDrive Innovation Pack M Sportpakket Pro,€ 60.995 v.a. € 626 p/m,2025 24.313 km Automaat Hybride,v.a. € 626 p/m,Van Poelgeest Gouda
BMW iX,xDrive40 Business Edition Plus 77 kWh,€ 58.900 v.a. € 521 p/m,2023 23.809 km Automaat Elektrisch,v.a. € 521 p/m,Van Poelgeest Amstelveen
BMW X1,xDrive25e eDrive Edition,€ 28.900 v.a. € 297 p/m,2020 123.746 km Automaat Hybride,v.a. € 297 p/m,Van Poelgeest Naarden - PS Center
BMW 5 Serie Touring,530e,€ 69.900 v.a. € 717 p/m,2024 18.722 km Automaat Hybride,v.a. € 717 p/m,Van Poelgeest Amersfoort
BMW X5,xDrive50e,€ 108.958 v.a. € 1040 p/m,2025 1 km Automaat Hybride,v.a. € 1040 p/m,Van Poelgeest Alphen aan den Rijn
BMW X5,xDrive45e High Executive,€ 59.900 v.a. € 615 p/m,2021 105.285 km Automaat Hybride,v.a. € 615 p/m,Van Poelgeest Naarden - PS Center
BMW i3,Business Edition 120Ah 42 kWh,€ 21.900 v.a. € 234 p/m,2021 74.569 km Automaat Elektrisch,v.a. € 234 p/m,Van Poelgeest Naarden - PS Center
BMW 3 Serie Touring,318i,€ 53.900 v.a. € 554 p/m,2025 13.000 km Automaat Benzine,v.a. € 554 p/m,Van Poelgeest Noordwijk
BMW i7,eDrive50 Privilege Edition,€ 148.842 v.a. € 1315 p/m,2025 1 km Automaat Elektrisch,v.a. € 1315 p/m,Van Poelgeest Amsterdam
BMW i4,eDrive35 M Sport Edition 70 kWh,€ 51.500 v.a. € 455 p/m,2024 19.304 km Automaat Elektrisch,v.a. € 455 p/m,Van Poelgeest Amstelveen
BMW M3 Touring,Competition xDrive LCI,€ 125.895 v.a. € 1293 p/m,2024 24.848 km Automaat Benzine,v.a. € 1293 p/m,Van Poelgeest Gouda
BMW iX,xDrive40 High Executive 77 kWh,€ 52.900 v.a. € 565 p/m,2022 36.020 km Automaat Elektrisch,v.a. € 565 p/m,Van Poelgeest Noordwijk
MINI Cooper 5-deurs,C,€ 49.655 v.a. € 510 p/m,2025 6.999 km Automaat Benzine,v.a. € 510 p/m,Van Poelgeest Amsterdam
BMW 5 Serie Touring,530e M Sport Pro,€ 63.900 v.a. € 794 p/m,2024 35.311 km Automaat Hybride,v.a. € 794 p/m,Van Poelgeest Hilversum
Porsche Panamera Sport Turismo,4.0 Turbo S E-Hybrid,€ 109.900 v.a. € 1389 p/m,2019 70.875 km Automaat Hybride,v.a. € 1389 p/m,VP Cars Naarden
BMW X5,xDrive45e High Executive,€ 59.900 v.a. € 615 p/m,2020 83.905 km Automaat Hybride,v.a. € 615 p/m,Van Poelgeest Naarden - PS Center
BMW 2 Serie Active Tourer,225e xDrive,€ 41.900 v.a. € 431 p/m,2024 34.981 km Automaat Hybride,v.a. € 431 p/m,Van Poelgeest Amersfoort
BMW 4 Serie Cabrio,M440i xDrive,€ 129.734 v.a. € 1332 p/m,2025 1 km Automaat Benzine,v.a. € 1332 p/m,Van Poelgeest Woerden
MINI Countryman,Cooper Business Edition,€ 30.900 v.a. € 384 p/m,2022 89.790 km Automaat Benzine,v.a. € 384 p/m,Van Poelgeest Amsterdam
MINI Aceman,E Essential XS,€ 37.690 v.a. € 333 p/m,2025 1 km Automaat Elektrisch,v.a. € 333 p/m,Van Poelgeest Amstelveen
BMW X3,xDrive20i High Executive M-Sport,€ 36.500 v.a. € 453 p/m,2018 123.989 km Automaat Benzine,v.a. € 453 p/m,Van Poelgeest Amstelveen
BMW 1 Serie,M135 xDrive,€ 92.349 v.a. € 948 p/m,2025 1 km Automaat Benzine,v.a. € 948 p/m,Van Poelgeest Noordwijk
MINI Countryman,SE All4,€ 28.900 v.a. € 297 p/m,2019 93.679 km Automaat Hybride,v.a. € 297 p/m,Van Poelgeest Amsterdam
BMW M3 Touring,xDrive Competition,€ 119.900 v.a. € 1231 p/m,2024 50.200 km Automaat Benzine,v.a. € 1231 p/m,Van Poelgeest Heemstede
BMW 3 Serie Sedan,320e Business Edition Plus High Executive,€ 34.995 v.a. € 435 p/m,2021 73.747 km Automaat Hybride,v.a. € 435 p/m,Van Poelgeest Gouda
MINI Countryman,C Classic,€ 56.590 v.a. € 500 p/m,2025 5 km Automaat Benzine,v.a. € 500 p/m,Van Poelgeest Gouda
BMW 1 Serie,118i High Executive Edition,€ 23.900 v.a. € 245 p/m,2020 82.411 km Automaat Benzine,v.a. € 245 p/m,Van Poelgeest Amstelveen
MINI Cooper 3-deurs Electric,Cooper E John Cooper Works Pakket M,€ 32.900 v.a. € 338 p/m,2024 10.685 km Automaat Elektrisch,v.a. € 338 p/m,Van Poelgeest Amsterdam
Audi e-tron,55 quattro S edition 95 kWh,€ 41.900 v.a. € 530 p/m,2022 53.507 km Automaat Elektrisch,v.a. € 530 p/m,VP Cars Naarden
BMW i4,eDrive40 M Sport Edition,€ 72.412 v.a. € 640 p/m,2025 1 km Automaat Elektrisch,v.a. € 640 p/m,Van Poelgeest Woerden
MINI Cooper 3-deurs,C John Cooper Works XL,€ 51.610 v.a. € 456 p/m,2025 1 km Automaat Benzine,v.a. € 456 p/m,Van Poelgeest Amstelveen
BMW i5 Sedan,eDrive40,€ 67.900 v.a. € 600 p/m,2024 7.293 km Automaat Elektrisch,v.a. € 600 p/m,Van Poelgeest Amsterdam
BMW 2 Serie Coupé,220i,€ 71.508 v.a. € 734 p/m,2025 1 km Automaat Benzine,v.a. € 734 p/m,Van Poelgeest Amersfoort
BMW X1,xDrive25e Innovation Pack M Sportpakket Pro,€ 67.034 v.a. € 688 p/m,2025 5.000 km Automaat Hybride,v.a. € 688 p/m,Van Poelgeest Woerden
MINI Cooper 3-deurs,C JCW M,€ 46.837 v.a. € 414 p/m,2025 1 km Automaat Benzine,v.a. € 414 p/m,Van Poelgeest Woerden
BMW X7,xDrive40i,€ 159.900 v.a. € 1641 p/m,2025 6.200 km Automaat Benzine,v.a. € 1641 p/m,Van Poelgeest Amstelveen
BMW i7,xDrive60 106 kWh,€ 98.500 v.a. € 870 p/m,2023 56.650 km Automaat Elektrisch,v.a. € 870 p/m,Van Poelgeest Amstelveen
BMW i5 Sedan,eDrive40 M Sport Edition 84 kWh,€ 61.900 v.a. € 547 p/m,2024 9.516 km Automaat Elektrisch,v.a. € 547 p/m,Van Poelgeest Amersfoort
BMW i4,eDrive35,€ 72.243 v.a. € 638 p/m,2025 4.999 km Automaat Elektrisch,v.a. € 638 p/m,Van Poelgeest Amsterdam
BMW i4,xDrive40,€ 64.900 v.a. € 574 p/m,2024 13.054 km Automaat Elektrisch,v.a. € 574 p/m,Van Poelgeest Amsterdam
BMW X1,sDrive18i,€ 53.900 v.a. € 554 p/m,2024 10.302 km Automaat Benzine,v.a. € 554 p/m,Van Poelgeest Amersfoort
BMW X2,xDrive25e,€ 31.900 v.a. € 327 p/m,2021 40.640 km Automaat Hybride,v.a. € 327 p/m,Van Poelgeest Noordwijk
MINI Countryman,C Essential XS,€ 48.822 v.a. € 502 p/m,2025 4.001 km Automaat Benzine,v.a. € 502 p/m,Van Poelgeest Heemstede
BMW M4,CS,€ 217.170 v.a. € 1918 p/m,2025 1 km Automaat Benzine,v.a. € 1918 p/m,Van Poelgeest Amsterdam
MINI Countryman Electric,E John Cooper Works S 66.5 kWh,€ 44.750 v.a. € 460 p/m,2024 12.500 km Automaat Elektrisch,v.a. € 460 p/m,Van Poelgeest Noordwijk
BMW 1 Serie,120,€ 41.900 v.a. € 431 p/m,2024 13.000 km Automaat Benzine,v.a. € 431 p/m,Van Poelgeest Noordwijk
BMW 3 Serie Sedan,330e,€ 67.757 v.a. € 647 p/m,2025 1 km Automaat Hybride,v.a. € 647 p/m,Van Poelgeest Naarden
BMW iX1,eDrive20 67 kWh,€ 51.900 v.a. € 459 p/m,2025 6.000 km Automaat Elektrisch,v.a. € 459 p/m,Van Poelgeest Noordwijk
BMW i5 Sedan,eDrive40 84 kWh,€ 63.900 v.a. € 564 p/m,2024 22.647 km Automaat Elektrisch,v.a. € 564 p/m,Van Poelgeest Amstelveen
BMW 2 Serie Gran Coupé,220 M Sport Design Edition,€ 58.723 v.a. € 603 p/m,2025 4.204 km Automaat Benzine,v.a. € 603 p/m,Van Poelgeest Amstelveen
BMW 2 Serie Gran Coupé,220,€ 57.365 v.a. € 589 p/m,2025 1 km Automaat Benzine,v.a. € 589 p/m,Van Poelgeest Amersfoort
BMW X5,xDrive50e M-Sport Pro,€ 99.900 v.a. € 1026 p/m,2024 12.302 km Automaat Hybride,v.a. € 1026 p/m,Van Poelgeest Hilversum
BMW XM,PHEV 50e 30 kWh,€ 117.900 v.a. € 1211 p/m,2025 10.486 km Automaat Hybride,v.a. € 1211 p/m,Van Poelgeest Naarden - PS Center
BMW iX1,xDrive30 Launch Edition,€ 38.900 v.a. € 344 p/m,2023 57.795 km Automaat Elektrisch,v.a. € 344 p/m,Van Poelgeest Hilversum
BMW iX1,eDrive20 67 kWh M Sport Edition,€ 49.984 v.a. € 441 p/m,2025 1 km Automaat Elektrisch,v.a. € 441 p/m,Van Poelgeest Amersfoort
BMW X1,xDrive25e,€ 65.838 v.a. € 629 p/m,2025 1 km Automaat Hybride,v.a. € 629 p/m,Van Poelgeest Hilversum
MINI Aceman,SE Classic M,€ 35.900 v.a. € 446 p/m,2025 2.980 km Automaat Elektrisch,v.a. € 446 p/m,Van Poelgeest Hilversum
BMW Z4,sDrive20i M Sportpakket,€ 53.995 v.a. € 555 p/m,2024 21.651 km Automaat Benzine,v.a. € 555 p/m,Van Poelgeest Gouda
BMW iX1,eDrive20 67 kWh M Sport Edition,€ 49.984 v.a. € 441 p/m,2025 1 km Automaat Elektrisch,v.a. € 441 p/m,Van Poelgeest Amersfoort
BMW 2 Serie Active Tourer,225e xDrive Innovation Pack M Sportpakket,€ 42.995 v.a. € 441 p/m,2024 12.798 km Automaat Hybride,v.a. € 441 p/m,Van Poelgeest Alphen aan den Rijn
BMW 5 Serie Sedan,550e xDrive,€ 113.229 v.a. € 1163 p/m,2025 4.999 km Automaat Hybride,v.a. € 1163 p/m,Van Poelgeest Amsterdam
MINI Aceman,E John Cooper Works XL 42.5 kWh,€ 46.090 v.a. € 407 p/m,2025 1 km Automaat Elektrisch,v.a. € 407 p/m,Van Poelgeest Amstelveen
BMW X1,xDrive25e Innovation Pack M Sportpakket Pro,€ 66.607 v.a. € 683 p/m,2025 8.500 km Automaat Hybride,v.a. € 683 p/m,Van Poelgeest Alphen aan den Rijn
BMW i4,eDrive35 M Sport Edition M Sportpakket Pro,€ 65.995 v.a. € 583 p/m,2024 14.507 km Automaat Elektrisch,v.a. € 583 p/m,Van Poelgeest Alphen aan den Rijn
BMW 2 Serie Gran Coupé,220,€ 60.707 v.a. € 623 p/m,2025 1 km Automaat Benzine,v.a. € 623 p/m,Van Poelgeest Woerden
BMW 4 Serie Gran Coupé,420i,€ 80.918 v.a. € 831 p/m,2025 1 km Automaat Benzine,v.a. € 831 p/m,Van Poelgeest Amsterdam
BMW 2 Serie Coupé,220i,€ 74.749 v.a. € 768 p/m,2025 1 km Automaat Benzine,v.a. € 768 p/m,Van Poelgeest Amersfoort
BMW 5 Serie Touring,530e M Sport Edition,€ 90.179 v.a. € 861 p/m,2025 1 km Automaat Hybride,v.a. € 861 p/m,Van Poelgeest Amstelveen
BMW 4 Serie Gran Coupé,420i,€ 79.340 v.a. € 815 p/m,2025 4.001 km Automaat Benzine,v.a. € 815 p/m,Van Poelgeest Heemstede
BMW 3 Serie Touring,318i,€ 46.899 v.a. € 482 p/m,2024 31.318 km Automaat Benzine,v.a. € 482 p/m,Van Poelgeest Amsterdam
BMW i5 Touring,eDrive40 M Sport Edition,€ 99.180 v.a. € 876 p/m,2025 1 km Automaat Elektrisch,v.a. € 876 p/m,Van Poelgeest Woerden
BMW iX1,eDrive20,€ 47.900 v.a. € 423 p/m,2025 6.829 km Automaat Elektrisch,v.a. € 423 p/m,Van Poelgeest Heemstede
BMW 3 Serie Touring,318i High Executive Edition,€ 29.900 v.a. € 307 p/m,2021 82.287 km Automaat Benzine,v.a. € 307 p/m,Van Poelgeest Amsterdam
BMW X1,xDrive25e,€ 65.836 v.a. € 629 p/m,2025 1 km Automaat Hybride,v.a. € 629 p/m,Van Poelgeest Naarden
MINI Cooper 3-deurs,Cooper S Chili,,2019 45.950 km Automaat Benzine,,Van Poelgeest Woerden
MINI Cooper 3-deurs Electric,Cooper SE 54.2 kWh,€ 32.900 v.a. € 338 p/m,2024 14.500 km Automaat Elektrisch,v.a. € 338 p/m,Van Poelgeest Noordwijk
BMW 4 Serie Cabrio,420i M-Sport Pro,€ 74.900 v.a. € 769 p/m,2025 4.501 km Automaat Benzine,v.a. € 769 p/m,Van Poelgeest Heemstede
BMW 2 Serie Gran Coupé,220,€ 47.900 v.a. € 492 p/m,2025 4.999 km Automaat Benzine,v.a. € 492 p/m,Van Poelgeest Amsterdam
BMW 1 Serie,118i,€ 36.900 v.a. € 379 p/m,2024 6.784 km Automaat Benzine,v.a. € 379 p/m,Van Poelgeest Heemstede
Audi RS3 Sportback,2.5 TFSI Quattro,€ 74.900 v.a. € 947 p/m,2022 21.013 km Automaat Benzine,v.a. € 947 p/m,VP Cars Naarden
BMW XM,Label Red,€ 139.900 v.a. € 1436 p/m,2023 14.078 km Automaat Hybride,v.a. € 1436 p/m,Van Poelgeest Naarden - PS Center
BMW 1 Serie,120i Business Edition Model M Sport Individual,€ 35.995 v.a. € 369 p/m,2022 55.662 km Automaat Benzine,v.a. € 369 p/m,Van Poelgeest Gouda
BMW i4,eDrive40 M Sport Edition,€ 72.412 v.a. € 640 p/m,2025 1 km Automaat Elektrisch,v.a. € 640 p/m,Van Poelgeest Alphen aan den Rijn
Mini Aceman,E JCW John Cooper Works XL,€ 49.900 v.a. € 521 p/m,2025 3.600 km Automaat Elektrisch,v.a. € 521 p/m,Van Poelgeest Noordwijk
BMW X5,xDrive40i Innovationspakket M Sportpakket,,2020 52.500 km Automaat Benzine,,Van Poelgeest Alphen aan den Rijn
BMW i5 Sedan,eDrive40 Innovation Pack M Sportpakket,€ 63.895 v.a. € 564 p/m,2025 6.600 km Automaat Elektrisch,v.a. € 564 p/m,Van Poelgeest Gouda
BMW i4,M50 High Executive,€ 56.900 v.a. € 502 p/m,2023 13.049 km Automaat Elektrisch,v.a. € 502 p/m,Van Poelgeest Amstelveen
BMW X1,xDrive25e,€ 67.982 v.a. € 698 p/m,2025 1.182 km Automaat Hybride,v.a. € 698 p/m,Van Poelgeest Amstelveen
BMW i7,eDrive50 106 kWh,€ 85.900 v.a. € 759 p/m,2024 16.342 km Automaat Elektrisch,v.a. € 759 p/m,Van Poelgeest Naarden - PS Center
BMW 2 Serie Gran Coupé,220,€ 55.520 v.a. € 570 p/m,2025 1 km Automaat Benzine,v.a. € 570 p/m,Van Poelgeest Amersfoort
BMW X3,M50 xDrive Premium Pack M Sportpakket Pro,€ 89.995 v.a. € 924 p/m,2024 19.233 km Automaat Benzine,v.a. € 924 p/m,Van Poelgeest Alphen aan den Rijn
BMW iX,xDrive50 High Executive 112 kWh,€ 64.900 v.a. € 694 p/m,2022 68.552 km Automaat Elektrisch,v.a. € 694 p/m,Van Poelgeest Naarden - PS Center
BMW 2 Serie Gran Coupé,220 M Sport Design Edition,€ 57.795 v.a. € 593 p/m,2025 1 km Automaat Benzine,v.a. € 593 p/m,Van Poelgeest Gouda
BMW iX1,eDrive20 67 kWh M Sport Edition,€ 49.984 v.a. € 441 p/m,2025 1 km Automaat Elektrisch,v.a. € 441 p/m,Van Poelgeest Hilversum
BMW iX1,xDrive30,€ 47.900 v.a. € 423 p/m,2023 30.251 km Automaat Elektrisch,v.a. € 423 p/m,Van Poelgeest Amersfoort
BMW X6,xDrive40i High Executive,€ 82.500 v.a. € 1025 p/m,2022 82.032 km Automaat Benzine,v.a. € 1025 p/m,Van Poelgeest Amstelveen
BMW X3,xDrive30i High Executive Launch Edition,€ 38.900 v.a. € 399 p/m,2018 98.988 km Automaat Benzine,v.a. € 399 p/m,Van Poelgeest Woerden
MINI Cooper 3-deurs Electric,Cooper E Classic,€ 35.900 v.a. € 369 p/m,2024 22.600 km Automaat Elektrisch,v.a. € 369 p/m,Van Poelgeest Amstelveen
BMW i4,eDrive35 M Sport Edition 70 kWh,€ 45.900 v.a. € 406 p/m,2024 12.206 km Automaat Elektrisch,v.a. € 406 p/m,Van Poelgeest Naarden - PS Center
MINI Countryman Electric,E John Cooper Works M 66.5 kWh,€ 55.157 v.a. € 566 p/m,2025 12.000 km Automaat Elektrisch,v.a. € 566 p/m,Van Poelgeest Amstelveen
BMW 1 Serie,118i,€ 35.899 v.a. € 369 p/m,2024 9.506 km Automaat Benzine,v.a. € 369 p/m,Van Poelgeest Amsterdam
BMW X3,xDrive30e,€ 62.750 v.a. € 645 p/m,2024 32.709 km Automaat Hybride,v.a. € 645 p/m,Van Poelgeest Amersfoort
BMW i4,eDrive35 70 kWh,€ 46.750 v.a. € 413 p/m,2024 7.062 km Automaat Elektrisch,v.a. € 413 p/m,Van Poelgeest Noordwijk
BMW X3,30e xDrive,€ 85.634 v.a. € 818 p/m,2025 1 km Automaat Hybride,v.a. € 818 p/m,Van Poelgeest Amsterdam
BMW 2 Serie Active Tourer,220i,€ 46.900 v.a. € 482 p/m,2024 7.240 km Automaat Benzine,v.a. € 482 p/m,Van Poelgeest Heemstede
MINI Cooper 3-deurs,Cooper C,€ 34.900 v.a. € 359 p/m,2024 13.360 km Automaat Benzine,v.a. € 359 p/m,Van Poelgeest Amersfoort
BMW 5 Serie Touring,530e M Sportpakket Innovation Pack,€ 55.795 v.a. € 573 p/m,2024 24.148 km Automaat Hybride,v.a. € 573 p/m,Van Poelgeest Alphen aan den Rijn
BMW X2,sDrive20i High Executive Edition,€ 33.900 v.a. € 348 p/m,2020 54.994 km Automaat Benzine,v.a. € 348 p/m,Van Poelgeest Amsterdam
BMW iX2,eDrive20 67 kWh,€ 54.900 v.a. € 485 p/m,2024 17.700 km Automaat Elektrisch,v.a. € 485 p/m,Van Poelgeest Amstelveen
BMW 3 Serie Touring,318i Business Edition Plus,€ 32.500 v.a. € 404 p/m,2021 57.551 km Automaat Benzine,v.a. € 404 p/m,Van Poelgeest Amstelveen
BMW 3 Serie Touring,330e,€ 72.504 v.a. € 745 p/m,2025 9.999 km Automaat Hybride,v.a. € 745 p/m,Van Poelgeest Amsterdam
BMW 2 Serie Gran Coupé,218i,€ 38.900 v.a. € 399 p/m,2024 9.883 km Automaat Benzine,v.a. € 399 p/m,Van Poelgeest Amsterdam
BMW 3 Serie Touring,330e,€ 75.197 v.a. € 718 p/m,2025 1 km Automaat Hybride,v.a. € 718 p/m,Van Poelgeest Naarden
BMW iX1,eDrive20 67 kWh M Sport Edition,€ 49.984 v.a. € 441 p/m,2025 1 km Automaat Elektrisch,v.a. € 441 p/m,Van Poelgeest Woerden
BMW iX1,xDrive30 67 kWh,€ 54.900 v.a. € 485 p/m,2025 11.500 km Automaat Elektrisch,v.a. € 485 p/m,Van Poelgeest Noordwijk
BMW i4,eDrive35 M Sport Edition,€ 69.781 v.a. € 617 p/m,2025 1 km Automaat Elektrisch,v.a. € 617 p/m,Van Poelgeest Amsterdam
BMW iX1,eDrive20 67 kWh,€ 44.900 v.a. € 397 p/m,2024 20.990 km Automaat Elektrisch,v.a. € 397 p/m,Van Poelgeest Noordwijk
BMW iX3,Executive 80 kWh,€ 38.900 v.a. € 344 p/m,2021 68.521 km Automaat Elektrisch,v.a. € 344 p/m,Van Poelgeest Amsterdam
BMW i4,eDrive35 M Sport Edition,€ 69.781 v.a. € 617 p/m,2025 1 km Automaat Elektrisch,v.a. € 617 p/m,Van Poelgeest Heemstede
BMW iX3,High Executive 80 kWh,€ 56.900 v.a. € 502 p/m,2024 18.809 km Automaat Elektrisch,v.a. € 502 p/m,Van Poelgeest Amsterdam
BMW iX,xDrive45,€ 102.237 v.a. € 903 p/m,2025 1 km Automaat Elektrisch,v.a. € 903 p/m,Van Poelgeest Heemstede
BMW X3,20 xDrive,€ 87.900 v.a. € 902 p/m,2025 17.999 km Automaat Benzine,v.a. € 902 p/m,Van Poelgeest Amsterdam
BMW iX1,eDrive20,€ 63.946 v.a. € 564 p/m,2025 5.460 km Automaat Elektrisch,v.a. € 564 p/m,Van Poelgeest Amstelveen
BMW i5 Sedan,eDrive40 Innovation Pack M Sport Edition,€ 89.942 v.a. € 794 p/m,2025 11.000 km Automaat Elektrisch,v.a. € 794 p/m,Van Poelgeest Alphen aan den Rijn
BMW i4,eDrive35 M Sport Edition,€ 72.447 v.a. € 640 p/m,2025 1 km Automaat Elektrisch,v.a. € 640 p/m,Van Poelgeest Noordwijk
BMW 3 Serie Touring,318i,€ 68.923 v.a. € 707 p/m,2025 7.932 km Automaat Benzine,v.a. € 707 p/m,Van Poelgeest Amstelveen
MINI Aceman,E Favoured M,€ 41.490 v.a. € 366 p/m,2025 1 km Automaat Elektrisch,v.a. € 366 p/m,Van Poelgeest Amstelveen
BMW 1 Serie,118i,€ 34.900 v.a. € 359 p/m,2024 28.649 km Automaat Benzine,v.a. € 359 p/m,Van Poelgeest Heemstede
BMW 2 Serie Gran Coupé,220,€ 45.900 v.a. € 471 p/m,2025 9.999 km Automaat Benzine,v.a. € 471 p/m,Van Poelgeest Amersfoort
BMW 3 Serie Touring,318i,€ 54.900 v.a. € 564 p/m,2025 7.000 km Automaat Benzine,v.a. € 564 p/m,Van Poelgeest Amstelveen
MINI Cooper 5-deurs,S,€ 59.690 v.a. € 613 p/m,2025 4.999 km Automaat Benzine,v.a. € 613 p/m,Van Poelgeest Amsterdam
Mercedes-Benz GLE-klasse,450 4MATIC Premium Plus,€ 79.900 v.a. € 1010 p/m,2022 67.628 km Automaat Benzine,v.a. € 1010 p/m,VP Cars Naarden
BMW Z4,sDrive20i High Executive,€ 52.500 v.a. € 539 p/m,2023 28.063 km Automaat Benzine,v.a. € 539 p/m,Van Poelgeest Amstelveen
BMW X1,xDrive25e,€ 67.391 v.a. € 692 p/m,2025 4.999 km Automaat Hybride,v.a. € 692 p/m,Van Poelgeest Amsterdam
BMW X6,xDrive40i,€ 128.500 v.a. € 1319 p/m,2024 4.007 km Automaat Benzine,v.a. € 1319 p/m,Van Poelgeest Amstelveen
BMW i4,eDrive35 High Executive 70 kWh,€ 48.900 v.a. € 432 p/m,2024 13.862 km Automaat Elektrisch,v.a. € 432 p/m,Van Poelgeest Naarden - PS Center
BMW 3 Serie Touring,318i,€ 49.900 v.a. € 512 p/m,2025 8.214 km Automaat Benzine,v.a. € 512 p/m,Van Poelgeest Hilversum
BMW 4 Serie Cabrio,420i,€ 85.642 v.a. € 879 p/m,2025 1 km Automaat Benzine,v.a. € 879 p/m,Van Poelgeest Amersfoort
BMW 1 Serie,120 M Sport Design Edition,€ 50.212 v.a. € 516 p/m,2025 1 km Automaat Benzine,v.a. € 516 p/m,Van Poelgeest Naarden
BMW i3,120Ah 42 kWh,€ 25.900 v.a. € 229 p/m,2022 27.599 km Automaat Elektrisch,v.a. € 229 p/m,Van Poelgeest Amsterdam
BMW 4 Serie Coupé,420i,€ 80.985 v.a. € 831 p/m,2025 1 km Automaat Benzine,v.a. € 831 p/m,Van Poelgeest Hilversum
MINI Countryman Electric,E Favoured M,€ 54.157 v.a. € 479 p/m,2025 15 km Automaat Elektrisch,v.a. € 479 p/m,Van Poelgeest Amsterdam
BMW X2,sDrive20i,€ 70.819 v.a. € 727 p/m,2025 1 km Automaat Benzine,v.a. € 727 p/m,Van Poelgeest Naarden
BMW 5 Serie Sedan,530e M Sport Edition,€ 94.661 v.a. € 904 p/m,2025 1 km Automaat Hybride,v.a. € 904 p/m,Van Poelgeest Heemstede
BMW 1 Serie,M135 xDrive,€ 91.697 v.a. € 941 p/m,2025 1 km Automaat Benzine,v.a. € 941 p/m,Van Poelgeest Amersfoort
BMW X4,M40i High Executive,€ 89.900 v.a. € 1117 p/m,2023 20.581 km Automaat Benzine,v.a. € 1117 p/m,Van Poelgeest Amsterdam
BMW i5 Touring,M60 xDrive M Sportpakket Pro,€ 128.247 v.a. € 1133 p/m,2025 5 km Automaat Elektrisch,v.a. € 1133 p/m,Van Poelgeest Gouda
BMW iX2,eDrive20,€ 62.756 v.a. € 555 p/m,2025 4.999 km Automaat Elektrisch,v.a. € 555 p/m,Van Poelgeest Amsterdam
BMW X5 M,Competition,€ 266.497 v.a. € 2354 p/m,2025 1 km Automaat Benzine,v.a. € 2354 p/m,Van Poelgeest Amstelveen
MINI Countryman,C,€ 52.900 v.a. € 543 p/m,2024 17.906 km Automaat Benzine,v.a. € 543 p/m,Van Poelgeest Amersfoort
BMW 1 Serie,5-deurs 120i M Sportpakket Pro,€ 43.895 v.a. € 450 p/m,2024 7.283 km Automaat Benzine,v.a. € 450 p/m,Van Poelgeest Gouda
BMW XM,50e Individual,€ 146.045 v.a. € 1499 p/m,2025 7.500 km Automaat Hybride,v.a. € 1499 p/m,Van Poelgeest Woerden
BMW X2,xDrive25e High Executive,€ 32.900 v.a. € 338 p/m,2021 7.926 km Automaat Hybride,v.a. € 338 p/m,Van Poelgeest Amsterdam
BMW X1,sDrive18i,€ 58.500 v.a. € 601 p/m,2025 4.334 km Automaat Benzine,v.a. € 601 p/m,Van Poelgeest Amstelveen
BMW 2 Serie Gran Coupé,220,€ 53.224 v.a. € 546 p/m,2025 4.999 km Automaat Benzine,v.a. € 546 p/m,Van Poelgeest Amsterdam
BMW iX,xDrive M70,€ 142.617 v.a. € 1260 p/m,2025 1 km Automaat Elektrisch,v.a. € 1260 p/m,Van Poelgeest Woerden
BMW iX3,High Executive,€ 37.995 v.a. € 336 p/m,2021 71.366 km Automaat Elektrisch,v.a. € 336 p/m,Van Poelgeest Woerden
BMW 3 Serie Sedan,330e eDrive Edition,€ 35.900 v.a. € 369 p/m,2020 86.471 km Automaat Hybride,v.a. € 369 p/m,Van Poelgeest Amersfoort
BMW iX,xDrive M70,€ 148.415 v.a. € 1311 p/m,2025 1 km Automaat Elektrisch,v.a. € 1311 p/m,Van Poelgeest Amstelveen
BMW 2 Serie Gran Coupé,220,€ 57.795 v.a. € 593 p/m,2025 1 km Automaat Benzine,v.a. € 593 p/m,Van Poelgeest Naarden
BMW i5 Touring,M60 xDrive,€ 89.899 v.a. € 794 p/m,2024 4.734 km Automaat Elektrisch,v.a. € 794 p/m,Van Poelgeest Amsterdam
BMW 4 Serie Gran Coupé,420i,€ 83.791 v.a. € 860 p/m,2025 1 km Automaat Benzine,v.a. € 860 p/m,Van Poelgeest Noordwijk
BMW i4,eDrive40 High Executive 84 kWh,€ 53.900 v.a. € 476 p/m,2024 18.094 km Automaat Elektrisch,v.a. € 476 p/m,Van Poelgeest Amsterdam
BMW X3,xDrive30e M-Sport,€ 59.900 v.a. € 615 p/m,2024 24.573 km Automaat Hybride,v.a. € 615 p/m,Van Poelgeest Hilversum
MINI Countryman Electric,SE ALL4,€ 53.157 v.a. € 469 p/m,2025 500 km Automaat Elektrisch,v.a. € 469 p/m,Van Poelgeest Amsterdam
MINI Aceman,E,€ 38.450 v.a. € 395 p/m,2024 4.999 km Automaat Elektrisch,v.a. € 395 p/m,Van Poelgeest Amsterdam
BMW iX,M60 High Executive 112 kWh,€ 82.900 v.a. € 732 p/m,2024 23.369 km Automaat Elektrisch,v.a. € 732 p/m,Van Poelgeest Naarden - PS Center
BMW 3 Serie Touring,320e M Sportpakket Pro,€ 59.995 v.a. € 616 p/m,2024 29.000 km Automaat Hybride,v.a. € 616 p/m,Van Poelgeest Alphen aan den Rijn
BMW X1,xDrive25e,€ 62.900 v.a. € 645 p/m,2025 14.999 km Automaat Hybride,v.a. € 645 p/m,Van Poelgeest Amersfoort
MINI Cooper 5-deurs,C Favoured S,€ 42.900 v.a. € 440 p/m,2025 5.904 km Automaat Benzine,v.a. € 440 p/m,Van Poelgeest Naarden - PS Center
BMW 5 Serie Touring,530e xDrive Innovation Pack M Sportpakket Pro,€ 74.895 v.a. € 769 p/m,2024 23.721 km Automaat Hybride,v.a. € 769 p/m,Van Poelgeest Gouda
BMW 1 Serie,5-deurs M135 xDrive M Sportpakket Pro,€ 87.618 v.a. € 899 p/m,2025 5 km Automaat Benzine,v.a. € 899 p/m,Van Poelgeest Woerden
BMW X5,xDrive50e Innovation Pack M Sportpakket,€ 106.895 v.a. € 1098 p/m,2025 8.500 km Automaat Hybride,v.a. € 1098 p/m,Van Poelgeest Woerden
BMW 1 Serie,120,€ 45.900 v.a. € 471 p/m,2025 4.999 km Automaat Benzine,v.a. € 471 p/m,Van Poelgeest Amsterdam
BMW i4,eDrive40,€ 80.098 v.a. € 707 p/m,2025 4.999 km Automaat Elektrisch,v.a. € 707 p/m,Van Poelgeest Amsterdam
BMW X1,xDrive30e,€ 57.900 v.a. € 594 p/m,2024 25.628 km Automaat Hybride,v.a. € 594 p/m,Van Poelgeest Amersfoort
BMW i4,eDrive40 M Sport Edition,€ 72.271 v.a. € 638 p/m,2025 1 km Automaat Elektrisch,v.a. € 638 p/m,Van Poelgeest Amersfoort
MINI Aceman,E Favoured M,€ 41.490 v.a. € 366 p/m,2025 1 km Automaat Elektrisch,v.a. € 366 p/m,Van Poelgeest Amstelveen
BMW X5,xDrive50e,€ 109.900 v.a. € 1128 p/m,2025 24.821 km Automaat Hybride,v.a. € 1128 p/m,Van Poelgeest Amsterdam
BMW 3 Serie Touring,318i M-Sportpakket,€ 54.900 v.a. € 564 p/m,2025 8.957 km Automaat Benzine,v.a. € 564 p/m,Van Poelgeest Naarden - PS Center
BMW 2 Serie Active Tourer,225e xDrive Innovation Pack M Sportpakket,€ 42.995 v.a. € 441 p/m,2024 15.596 km Automaat Hybride,v.a. € 441 p/m,Van Poelgeest Woerden
BMW 2 Serie Active Tourer,218i,€ 45.900 v.a. € 471 p/m,2024 10.999 km Automaat Benzine,v.a. € 471 p/m,Van Poelgeest Amstelveen
BMW 3 Serie Sedan,318i,€ 39.900 v.a. € 410 p/m,2023 86.061 km Automaat Benzine,v.a. € 410 p/m,Van Poelgeest Naarden - PS Center
BMW 2 Serie Active Tourer,225e xDrive,€ 54.900 v.a. € 564 p/m,2025 15.846 km Automaat Hybride,v.a. € 564 p/m,Van Poelgeest Naarden - PS Center
BMW 5 Serie Sedan,550e xDrive,€ 87.900 v.a. € 902 p/m,2024 9.868 km Automaat Hybride,v.a. € 902 p/m,Van Poelgeest Heemstede
BMW i5 Touring,eDrive40 M Sport Edition,€ 85.707 v.a. € 757 p/m,2025 1 km Automaat Elektrisch,v.a. € 757 p/m,Van Poelgeest Amsterdam
BMW 5 Serie Sedan,530e M Sport Edition,€ 89.618 v.a. € 856 p/m,2025 1 km Automaat Hybride,v.a. € 856 p/m,Van Poelgeest Noordwijk
Land Rover Range Rover Sport,3.0 P510e First Edition,€ 102.900 v.a. € 1074 p/m,2023 68.085 km Automaat Hybride,v.a. € 1074 p/m,Van Poelgeest Heemstede
BMW 2 Serie Gran Coupé,220 M Sport Design Edition,€ 53.131 v.a. € 545 p/m,2025 1 km Automaat Benzine,v.a. € 545 p/m,Van Poelgeest Amsterdam
BMW X3,xDrive30e High Executive M-Sport,€ 62.900 v.a. € 645 p/m,2024 18.090 km Automaat Hybride,v.a. € 645 p/m,Van Poelgeest Hilversum
BMW X5,xDrive50e,€ 123.524 v.a. € 1269 p/m,2025 4.999 km Automaat Hybride,v.a. € 1269 p/m,Van Poelgeest Amsterdam
MINI Cooper 3-deurs Electric,E John Cooper Works,€ 39.895 v.a. € 410 p/m,2024 15.000 km Automaat Elektrisch,v.a. € 410 p/m,Van Poelgeest Alphen aan den Rijn
BMW 1 Serie,120 Premium Pack M Sportpakket Pro,€ 52.495 v.a. € 539 p/m,2025 13.500 km Automaat Benzine,v.a. € 539 p/m,Van Poelgeest Alphen aan den Rijn
BMW 2 Serie Gran Coupé,220,€ 45.900 v.a. € 471 p/m,2025 4.882 km Automaat Benzine,v.a. € 471 p/m,Van Poelgeest Amersfoort
BMW iX,xDrive50,€ 61.900 v.a. € 547 p/m,2022 40.350 km Automaat Elektrisch,v.a. € 547 p/m,Van Poelgeest Hilversum
BMW i5 Touring,eDrive40 M Sport Edition,€ 85.707 v.a. € 757 p/m,2025 1 km Automaat Elektrisch,v.a. € 757 p/m,Van Poelgeest Alphen aan den Rijn
BMW 5 Serie Touring,520i,€ 93.909 v.a. € 964 p/m,2025 1 km Automaat Benzine,v.a. € 964 p/m,Van Poelgeest Gouda
BMW i4,eDrive35 M Sport Edition,€ 69.781 v.a. € 617 p/m,2025 1 km Automaat Elektrisch,v.a. € 617 p/m,Van Poelgeest Noordwijk
BMW 5 Serie Touring,530e xDrive,€ 75.900 v.a. € 779 p/m,2024 5.810 km Automaat Hybride,v.a. € 779 p/m,Van Poelgeest Amstelveen
BMW iX1,eDrive20 Innovation Pack M Sportpakket Pro,€ 65.739 v.a. € 581 p/m,2025 10.500 km Automaat Elektrisch,v.a. € 581 p/m,Van Poelgeest Woerden
MINI Cooper 3-deurs Electric,Resolute Edition 33 kWh,€ 20.900 v.a. € 215 p/m,2022 31.500 km Automaat Elektrisch,v.a. € 215 p/m,Van Poelgeest Hilversum
BMW 2 Serie Gran Coupé,220,€ 55.886 v.a. € 574 p/m,2025 1 km Automaat Benzine,v.a. € 574 p/m,Van Poelgeest Amstelveen
BMW 2 Serie Gran Coupé,218i M Sport Edition,€ 28.900 v.a. € 297 p/m,2022 84.512 km Automaat Benzine,v.a. € 297 p/m,Van Poelgeest Amsterdam
BMW X1,sDrive18i,€ 46.900 v.a. € 482 p/m,2024 16.464 km Automaat Benzine,v.a. € 482 p/m,Van Poelgeest Amstelveen
BMW iX1,eDrive20 67 kWh M Sport Edition,€ 49.984 v.a. € 441 p/m,2025 1 km Automaat Elektrisch,v.a. € 441 p/m,Van Poelgeest Naarden
BMW 3 Serie Sedan,330e,€ 54.900 v.a. € 564 p/m,2025 6.382 km Automaat Hybride,v.a. € 564 p/m,Van Poelgeest Heemstede
BMW iX3,Executive 80 kWh,€ 59.900 v.a. € 529 p/m,2025 4.001 km Automaat Elektrisch,v.a. € 529 p/m,Van Poelgeest Heemstede
BMW iX1,eDrive20 Essential Edition,€ 48.803 v.a. € 431 p/m,2025 5.060 km Automaat Elektrisch,v.a. € 431 p/m,Van Poelgeest Amstelveen
BMW iX1,eDrive20 67 kWh,€ 42.900 v.a. € 379 p/m,2024 39.710 km Automaat Elektrisch,v.a. € 379 p/m,Van Poelgeest Noordwijk
BMW 5 Serie Sedan,530e M Sport Edition,€ 67.900 v.a. € 698 p/m,2024 23.679 km Automaat Hybride,v.a. € 698 p/m,Van Poelgeest Amstelveen
BMW 3 Serie Touring,330e,€ 59.900 v.a. € 615 p/m,2024 12.927 km Automaat Hybride,v.a. € 615 p/m,Van Poelgeest Amersfoort
BMW 2 Serie Gran Coupé,218i Model M Sport,€ 26.895 v.a. € 276 p/m,2020 95.365 km Automaat Benzine,v.a. € 276 p/m,Van Poelgeest Gouda
BMW 3 Serie Touring,330e Comfort Pack M Sportpakket,€ 71.323 v.a. € 732 p/m,2025 6.000 km Automaat Hybride,v.a. € 732 p/m,Van Poelgeest Alphen aan den Rijn
BMW X1,xDrive25e,€ 59.900 v.a. € 615 p/m,2025 2.500 km Automaat Hybride,v.a. € 615 p/m,Van Poelgeest Heemstede
BMW X5,xDrive45e High Executive,€ 67.900 v.a. € 698 p/m,2021 77.369 km Automaat Hybride,v.a. € 698 p/m,Van Poelgeest Naarden - PS Center
BMW iX1,eDrive20 M-Sport Premium,€ 46.900 v.a. € 414 p/m,2025 4.181 km Automaat Elektrisch,v.a. € 414 p/m,Van Poelgeest Heemstede
BMW 5 Serie Sedan,545e xDrive Business Edition Plus,€ 61.900 v.a. € 769 p/m,2023 13.288 km Automaat Hybride,v.a. € 769 p/m,Van Poelgeest Amsterdam
BMW X5,xDrive50e,€ 118.900 v.a. € 1221 p/m,2025 10.736 km Automaat Hybride,v.a. € 1221 p/m,Van Poelgeest Naarden - PS Center
BMW iX1,eDrive20 M Sport Edition,€ 61.066 v.a. € 540 p/m,2025 1 km Automaat Elektrisch,v.a. € 540 p/m,Van Poelgeest Amsterdam
BMW X3,30e xDrive,€ 88.298 v.a. € 907 p/m,2025 2.381 km Automaat Hybride,v.a. € 907 p/m,Van Poelgeest Amstelveen
BMW iX2,eDrive20,€ 62.756 v.a. € 555 p/m,2025 4.999 km Automaat Elektrisch,v.a. € 555 p/m,Van Poelgeest Amsterdam
MINI Cooper Cabrio,C Classic M,€ 51.774 v.a. € 457 p/m,2025 1 km Automaat Benzine,v.a. € 457 p/m,Van Poelgeest Amersfoort
BMW 4 Serie Cabrio,420i,€ 87.605 v.a. € 899 p/m,2025 1 km Automaat Benzine,v.a. € 899 p/m,Van Poelgeest Noordwijk
BMW X3,M50 xDrive Professional Pack M Sportpakket Pro,€ 97.900 v.a. € 1005 p/m,2024 13.105 km Automaat Hybride,v.a. € 1005 p/m,Van Poelgeest Woerden
BMW iX1,eDrive20 M Sport Edition Premium Pack,€ 58.131 v.a. € 513 p/m,2025 6.500 km Automaat Elektrisch,v.a. € 513 p/m,Van Poelgeest Gouda
BMW 3 Serie Sedan,318i,€ 49.900 v.a. € 512 p/m,2024 14.550 km Automaat Benzine,v.a. € 512 p/m,Van Poelgeest Amstelveen
BMW iX2,xDrive30,€ 79.304 v.a. € 701 p/m,2025 1 km Automaat Elektrisch,v.a. € 701 p/m,Van Poelgeest Alphen aan den Rijn
BMW i5 Sedan,eDrive40 M Sport Edition 84 kWh,€ 100.422 v.a. € 887 p/m,2025 1 km Automaat Elektrisch,v.a. € 887 p/m,Van Poelgeest Amsterdam
BMW iX,xDrive40 High Executive Sportpakket,€ 44.995 v.a. € 481 p/m,2021 71.106 km Automaat Elektrisch,v.a. € 481 p/m,Van Poelgeest Alphen aan den Rijn
BMW 3 Serie Sedan,320i Executive Edition Model M Sport,,2021 85.000 km Automaat Benzine,,Van Poelgeest Woerden
BMW iX2,eDrive20 M Sport Edition,€ 63.384 v.a. € 560 p/m,2025 1 km Automaat Elektrisch,v.a. € 560 p/m,Van Poelgeest Woerden
BMW iX1,eDrive20 67 kWh,€ 45.900 v.a. € 406 p/m,2024 12.000 km Automaat Elektrisch,v.a. € 406 p/m,Van Poelgeest Noordwijk
BMW iX1,eDrive20 67 kWh M Sport Edition,€ 49.984 v.a. € 441 p/m,2025 1 km Automaat Elektrisch,v.a. € 441 p/m,Van Poelgeest Alphen aan den Rijn
BMW iX1,eDrive20 Innovation Pack M Sportpakket Pro,€ 51.895 v.a. € 459 p/m,2025 10.000 km Automaat Elektrisch,v.a. € 459 p/m,Van Poelgeest Gouda
BMW i4,eDrive40 M Sport Edition,€ 72.412 v.a. € 640 p/m,2025 1 km Automaat Elektrisch,v.a. € 640 p/m,Van Poelgeest Amersfoort
BMW i4,eDrive40 84 kWh,€ 46.900 v.a. € 501 p/m,2024 22.617 km Automaat Elektrisch,v.a. € 501 p/m,Van Poelgeest Naarden - PS Center
BMW 1 Serie,120,€ 54.935 v.a. € 564 p/m,2025 1 km Automaat Benzine,v.a. € 564 p/m,Van Poelgeest Heemstede
MINI Cooper 3-deurs,Cooper Pepper,€ 16.450 v.a. € 169 p/m,2019 66.107 km Handgeschakeld Benzine,v.a. € 169 p/m,Van Poelgeest Amsterdam
BMW 5 Serie Sedan,530e M Sport Edition,€ 85.825 v.a. € 820 p/m,2025 1 km Automaat Hybride,v.a. € 820 p/m,Van Poelgeest Naarden
BMW 2 Serie Gran Coupé,220 M Sport Design Edition,€ 53.131 v.a. € 545 p/m,2025 1 km Automaat Benzine,v.a. € 545 p/m,Van Poelgeest Amsterdam
MINI Countryman,1.5 C John Cooper Works M,€ 56.814 v.a. € 583 p/m,2025 5.000 km Automaat Benzine,v.a. € 583 p/m,Van Poelgeest Amstelveen
Mini Cooper Cabrio,JCW John Cooper Works XL,€ 58.300 v.a. € 609 p/m,2025 174 km Automaat Benzine,v.a. € 609 p/m,Van Poelgeest Amstelveen
BMW iX1,eDrive20,€ 60.009 v.a. € 530 p/m,2025 4.650 km Automaat Elektrisch,v.a. € 530 p/m,Van Poelgeest Amstelveen
BMW M5 Touring,M Drive Professional,€ 149.900 v.a. € 1539 p/m,2024 13.102 km Automaat Hybride,v.a. € 1539 p/m,Van Poelgeest Woerden
BMW 1 Serie,120 M Sport Design Edition,€ 52.900 v.a. € 543 p/m,2025 6.000 km Automaat Benzine,v.a. € 543 p/m,Van Poelgeest Noordwijk
BMW X2,xDrive25e,€ 32.900 v.a. € 338 p/m,2022 69.273 km Automaat Hybride,v.a. € 338 p/m,Van Poelgeest Amsterdam
BMW i3,120Ah 42 kWh,€ 19.900 v.a. € 176 p/m,2020 98.437 km Automaat Elektrisch,v.a. € 176 p/m,Van Poelgeest Naarden - PS Center
BMW 2 Serie Active Tourer,220i,€ 60.003 v.a. € 616 p/m,2025 1 km Automaat Benzine,v.a. € 616 p/m,Van Poelgeest Woerden
BMW X1,xDrive25e,€ 61.390 v.a. € 631 p/m,2025 4.001 km Automaat Hybride,v.a. € 631 p/m,Van Poelgeest Heemstede
BMW 1 Serie,120,€ 43.900 v.a. € 450 p/m,2024 12.913 km Automaat Benzine,v.a. € 450 p/m,Van Poelgeest Amsterdam
BMW iX1,eDrive20 67 kWh M Sport Edition,€ 63.251 v.a. € 559 p/m,2025 5.470 km Automaat Elektrisch,v.a. € 559 p/m,Van Poelgeest Amersfoort
BMW X3,20 xDrive,€ 79.900 v.a. € 821 p/m,2025 11.021 km Automaat Benzine,v.a. € 821 p/m,Van Poelgeest Amsterdam
BMW 2 Serie Active Tourer,225xe High Executive Model Sport Line,€ 26.995 v.a. € 335 p/m,2021 85.366 km Automaat Hybride,v.a. € 335 p/m,Van Poelgeest Woerden
MINI Countryman Electric,E Classic M,€ 53.107 v.a. € 469 p/m,2025 1 km Automaat Elektrisch,v.a. € 469 p/m,Van Poelgeest Amsterdam
MINI Cooper Cabrio,C,€ 51.774 v.a. € 457 p/m,2025 15 km Automaat Benzine,v.a. € 457 p/m,Van Poelgeest Amsterdam
BMW iX1,xDrive30 M-Sport Premium Pack,€ 49.900 v.a. € 440 p/m,2025 4.681 km Automaat Elektrisch,v.a. € 440 p/m,Van Poelgeest Heemstede
BMW X1,M35i xDrive Innovation Pack M Sportpakket Pro,€ 74.995 v.a. € 770 p/m,2024 4.373 km Automaat Benzine,v.a. € 770 p/m,Van Poelgeest Woerden
BMW 5 Serie Sedan,550e xDrive,€ 77.900 v.a. € 800 p/m,2024 39.518 km Automaat Hybride,v.a. € 800 p/m,Van Poelgeest Hilversum
BMW X1,sDrive18i Business Edition,€ 33.900 v.a. € 348 p/m,2021 60.341 km Automaat Benzine,v.a. € 348 p/m,Van Poelgeest Naarden - PS Center
BMW 5 Serie Sedan,530e M Sport Edition,€ 87.106 v.a. € 832 p/m,2025 1 km Automaat Hybride,v.a. € 832 p/m,Van Poelgeest Amstelveen
MINI Aceman,E Favoured M,€ 41.490 v.a. € 366 p/m,2025 1 km Automaat Elektrisch,v.a. € 366 p/m,Van Poelgeest Amstelveen
BMW 3 Serie Touring,330e,€ 56.900 v.a. € 584 p/m,2024 9.782 km Automaat Hybride,v.a. € 584 p/m,Van Poelgeest Naarden - PS Center
BMW 7 Serie,745e M Sportpakket,€ 59.995 v.a. € 745 p/m,2020 71.371 km Automaat Hybride,v.a. € 745 p/m,Van Poelgeest Alphen aan den Rijn
BMW iX3,High Executive 80 kWh,€ 33.900 v.a. € 299 p/m,2021 126.600 km Automaat Elektrisch,v.a. € 299 p/m,Van Poelgeest Naarden - PS Center
MINI Countryman,SE ALL4,€ 33.900 v.a. € 348 p/m,2021 56.850 km Automaat Hybride,v.a. € 348 p/m,Van Poelgeest Amsterdam
BMW iX1,eDrive20 67 kWh M Sport Edition,€ 49.984 v.a. € 441 p/m,2025 1 km Automaat Elektrisch,v.a. € 441 p/m,Van Poelgeest Amsterdam
BMW X2,M35i xDrive,€ 89.900 v.a. € 923 p/m,2025 9.896 km Automaat Benzine,v.a. € 923 p/m,Van Poelgeest Amsterdam
BMW 5 Serie Sedan,520i M Sportpakket,€ 78.995 v.a. € 811 p/m,2024 20.000 km Automaat Benzine,v.a. € 811 p/m,Van Poelgeest Alphen aan den Rijn
BMW X1,xDrive25e,€ 67.463 v.a. € 693 p/m,2025 4.001 km Automaat Hybride,v.a. € 693 p/m,Van Poelgeest Heemstede
BMW 4 Serie Gran Coupé,430i Business Edition Plus,€ 88.006 v.a. € 903 p/m,2025 1 km Automaat Benzine,v.a. € 903 p/m,Van Poelgeest Amstelveen
BMW iX1,eDrive20 67 kWh M Sport Edition,€ 49.984 v.a. € 441 p/m,2025 1 km Automaat Elektrisch,v.a. € 441 p/m,Van Poelgeest Alphen aan den Rijn
BMW 2 Serie Gran Coupé,220,€ 62.552 v.a. € 642 p/m,2025 4.111 km Automaat Benzine,v.a. € 642 p/m,Van Poelgeest Amersfoort
BMW 3 Serie Touring,330e,€ 56.900 v.a. € 584 p/m,2024 5.182 km Automaat Hybride,v.a. € 584 p/m,Van Poelgeest Naarden - PS Center
BMW X3,xDrive30e M Sportpakket,€ 59.895 v.a. € 615 p/m,2023 36.677 km Automaat Hybride,v.a. € 615 p/m,Van Poelgeest Woerden
BMW 2 Serie Gran Coupé,220 M Sport Design Edition,€ 44.900 v.a. € 461 p/m,2025 4.001 km Automaat Benzine,v.a. € 461 p/m,Van Poelgeest Heemstede
MINI Cooper 3-deurs Electric,SE Favoured M,€ 32.900 v.a. € 338 p/m,2024 4.900 km Automaat Elektrisch,v.a. € 338 p/m,Van Poelgeest Heemstede
BMW iX2,eDrive20,€ 57.900 v.a. € 512 p/m,2025 4.999 km Automaat Elektrisch,v.a. € 512 p/m,Van Poelgeest Amsterdam
BMW iX1,xDrive30 Launch Edition,€ 43.900 v.a. € 388 p/m,2023 46.680 km Automaat Elektrisch,v.a. € 388 p/m,Van Poelgeest Hilversum
BMW i5 Touring,eDrive40 M Sport Edition Innovation Pack,€ 84.895 v.a. € 750 p/m,2025 13.000 km Automaat Elektrisch,v.a. € 750 p/m,Van Poelgeest Woerden
BMW 3 Serie Sedan,320i,€ 69.683 v.a. € 716 p/m,2025 4.999 km Automaat Benzine,v.a. € 716 p/m,Van Poelgeest Amsterdam
BMW X5,xDrive50e Launch Edition,€ 94.900 v.a. € 974 p/m,2023 15.588 km Automaat Hybride,v.a. € 974 p/m,Van Poelgeest Heemstede
BMW i5 Touring,M60 xDrive,€ 121.348 v.a. € 1072 p/m,2025 1 km Automaat Elektrisch,v.a. € 1072 p/m,Van Poelgeest Noordwijk
BMW 4 Serie Cabrio,420i High Executive M Sportpakket,€ 58.895 v.a. € 732 p/m,2023 20.224 km Automaat Benzine,v.a. € 732 p/m,Van Poelgeest Gouda
BMW X3,30e xDrive,€ 83.816 v.a. € 801 p/m,2025 1 km Automaat Hybride,v.a. € 801 p/m,Van Poelgeest Amsterdam
BMW X4,xDrive20i High Executive Edition,€ 49.900 v.a. € 512 p/m,2021 47.911 km Automaat Benzine,v.a. € 512 p/m,Van Poelgeest Heemstede
BMW iX,xDrive40 Business Edition Plus Sportpakket,€ 52.895 v.a. € 565 p/m,2023 29.537 km Automaat Elektrisch,v.a. € 565 p/m,Van Poelgeest Gouda
BMW iX1,eDrive20 M Sport Edition,€ 61.066 v.a. € 540 p/m,2025 1 km Automaat Elektrisch,v.a. € 540 p/m,Van Poelgeest Amstelveen
BMW i4,eDrive40,€ 62.900 v.a. € 555 p/m,2025 7.500 km Automaat Elektrisch,v.a. € 555 p/m,Van Poelgeest Noordwijk
BMW X1,sDrive20i,€ 71.260 v.a. € 731 p/m,2025 4.999 km Automaat Benzine,v.a. € 731 p/m,Van Poelgeest Amsterdam
BMW i5 Sedan,eDrive40 M Sport Edition 84 kWh,€ 97.927 v.a. € 865 p/m,2025 1 km Automaat Elektrisch,v.a. € 865 p/m,Van Poelgeest Amsterdam
BMW 3 Serie Touring,318i,€ 54.900 v.a. € 564 p/m,2024 13.086 km Automaat Benzine,v.a. € 564 p/m,Van Poelgeest Amstelveen
BMW X1,xDrive25e,€ 51.900 v.a. € 533 p/m,2024 25.630 km Automaat Hybride,v.a. € 533 p/m,Van Poelgeest Hilversum
BMW X3,30e xDrive,€ 73.300 v.a. € 753 p/m,2025 4.001 km Automaat Hybride,v.a. € 753 p/m,Van Poelgeest Heemstede
BMW 1 Serie,M135 xDrive M-Sport Innovation Pack,€ 64.900 v.a. € 666 p/m,2024 6.815 km Automaat Benzine,v.a. € 666 p/m,Van Poelgeest Heemstede
BMW 5 Serie Touring,530e M Sport Edition,€ 87.387 v.a. € 835 p/m,2025 1 km Automaat Hybride,v.a. € 835 p/m,Van Poelgeest Gouda
BMW 3 Serie Touring,330e M-Sport,€ 51.900 v.a. € 533 p/m,2024 22.808 km Automaat Hybride,v.a. € 533 p/m,Van Poelgeest Hilversum
BMW 2 Serie Active Tourer,218i,€ 57.565 v.a. € 591 p/m,2025 1 km Automaat Benzine,v.a. € 591 p/m,Van Poelgeest Amsterdam
BMW 1 Serie,123 xDrive,€ 61.770 v.a. € 634 p/m,2025 1 km Automaat Benzine,v.a. € 634 p/m,Van Poelgeest Amersfoort
BMW iX,xDrive45,€ 109.337 v.a. € 966 p/m,2025 1 km Automaat Elektrisch,v.a. € 966 p/m,Van Poelgeest Woerden
MINI Cooper Cabrio,2.0 Cooper S John Cooper Works XL,€ 57.358 v.a. € 589 p/m,2025 9.999 km Automaat Benzine,v.a. € 589 p/m,Van Poelgeest Amersfoort
BMW 5 Serie Touring,520i,€ 94.253 v.a. € 968 p/m,2025 1 km Automaat Benzine,v.a. € 968 p/m,Van Poelgeest Naarden
BMW 3 Serie Touring,330e,€ 62.900 v.a. € 645 p/m,2024 16.790 km Automaat Hybride,v.a. € 645 p/m,Van Poelgeest Amsterdam
BMW 7 Serie,750e xDrive,€ 121.900 v.a. € 1251 p/m,2025 501 km Automaat Hybride,v.a. € 1251 p/m,Van Poelgeest Noordwijk
BMW iX,xDrive45,€ 102.237 v.a. € 903 p/m,2025 1 km Automaat Elektrisch,v.a. € 903 p/m,Van Poelgeest Alphen aan den Rijn
BMW X7,xDrive40i,€ 185.606 v.a. € 1906 p/m,2025 1 km Automaat Benzine,v.a. € 1906 p/m,Van Poelgeest Amsterdam
BMW 3 Serie Sedan,318i,€ 67.296 v.a. € 691 p/m,2025 4.999 km Automaat Benzine,v.a. € 691 p/m,Van Poelgeest Amsterdam
BMW 1 Serie,120,€ 48.900 v.a. € 502 p/m,2025 12.999 km Automaat Benzine,v.a. € 502 p/m,Van Poelgeest Amsterdam
BMW iX2,xDrive30 M-Sport Premium pack,€ 44.900 v.a. € 397 p/m,2024 4.037 km Automaat Elektrisch,v.a. € 397 p/m,Van Poelgeest Heemstede
MINI Aceman,E Essential,€ 36.190 v.a. € 320 p/m,2025 1 km Automaat Elektrisch,v.a. € 320 p/m,Van Poelgeest Amstelveen
BMW 5 Serie Touring,520i,€ 92.752 v.a. € 952 p/m,2025 1 km Automaat Benzine,v.a. € 952 p/m,Van Poelgeest Amersfoort
BMW X1,xDrive25e High Executive Edition,€ 33.500 v.a. € 344 p/m,2021 104.270 km Automaat Hybride,v.a. € 344 p/m,VP Cars Naarden
BMW 3 Serie Sedan,330e,€ 64.900 v.a. € 666 p/m,2025 2.995 km Automaat Hybride,v.a. € 666 p/m,Van Poelgeest Naarden - PS Center
BMW i3,S 120Ah RoadStyle Edition,,2019 96.789 km Automaat Elektrisch,,Van Poelgeest Gouda
BMW 3 Serie Touring,320e High Executive M-Sport,€ 34.900 v.a. € 434 p/m,2021 88.244 km Automaat Hybride,v.a. € 434 p/m,Van Poelgeest Hilversum
BMW X7,M60i xDrive,€ 179.900 v.a. € 1847 p/m,2024 7.586 km Automaat Benzine,v.a. € 1847 p/m,Van Poelgeest Amstelveen
BMW X5,xDrive50e,€ 86.899 v.a. € 893 p/m,2023 14.964 km Automaat Hybride,v.a. € 893 p/m,Van Poelgeest Naarden - PS Center
BMW i4,eDrive35 M Sport Edition,€ 74.442 v.a. € 658 p/m,2025 1 km Automaat Elektrisch,v.a. € 658 p/m,Van Poelgeest Gouda
MINI Countryman Electric,E Blackyard,€ 42.490 v.a. € 375 p/m,2025 1 km Automaat Elektrisch,v.a. € 375 p/m,Van Poelgeest Amstelveen
BMW 7 Serie,M760e xDrive,€ 138.900 v.a. € 1426 p/m,2024 14.665 km Automaat Hybride,v.a. € 1426 p/m,Van Poelgeest Amsterdam
BMW i4,eDrive35 M Sport Edition 70 kWh,€ 68.900 v.a. € 608 p/m,2025 4.000 km Automaat Elektrisch,v.a. € 608 p/m,Van Poelgeest Naarden - PS Center
BMW i5 Touring,eDrive40 M Sport Edition,€ 85.707 v.a. € 757 p/m,2025 1 km Automaat Elektrisch,v.a. € 757 p/m,Van Poelgeest Amstelveen
BMW 2 Serie Active Tourer,225e xDrive,€ 60.444 v.a. € 578 p/m,2025 1 km Automaat Hybride,v.a. € 578 p/m,Van Poelgeest Amstelveen
MINI Cooper 3-deurs Electric,Classic,€ 22.900 v.a. € 235 p/m,2023 15.726 km Automaat Elektrisch,v.a. € 235 p/m,Van Poelgeest Heemstede
BMW 1 Serie,120,€ 55.575 v.a. € 570 p/m,2025 4.999 km Automaat Benzine,v.a. € 570 p/m,Van Poelgeest Amsterdam
BMW 3 Serie Touring,330i xDrive,€ 57.900 v.a. € 594 p/m,2024 5.386 km Automaat Benzine,v.a. € 594 p/m,Van Poelgeest Amstelveen
BMW i4,eDrive35 High Executive M Sportpakket,€ 44.895 v.a. € 397 p/m,2024 15.924 km Automaat Elektrisch,v.a. € 397 p/m,Van Poelgeest Gouda
BMW 3 Serie Touring,330e xDrive,€ 59.900 v.a. € 615 p/m,2024 33.047 km Automaat Hybride,v.a. € 615 p/m,Van Poelgeest Hilversum
BMW 1 Serie,120 M Sport Design Edition,€ 47.400 v.a. € 487 p/m,2025 14.400 km Automaat Benzine,v.a. € 487 p/m,Van Poelgeest Amstelveen
BMW M3 Touring,xDrive Competition,€ 139.900 v.a. € 1436 p/m,2024 13.214 km Automaat Benzine,v.a. € 1436 p/m,Van Poelgeest Amstelveen
BMW X3,30e xDrive,€ 83.816 v.a. € 860 p/m,2025 500 km Automaat Hybride,v.a. € 860 p/m,Van Poelgeest Amstelveen
Mercedes-Benz A-klasse,200 AMG Line,€ 39.900 v.a. € 504 p/m,2023 13.087 km Automaat Benzine,v.a. € 504 p/m,Van Poelgeest Heemstede
BMW 1 Serie,120 Premium Pack M Sportpakket Pro,€ 50.883 v.a. € 522 p/m,2025 6.000 km Automaat Benzine,v.a. € 522 p/m,Van Poelgeest Alphen aan den Rijn
BMW iX,xDrive M70,€ 143.397 v.a. € 1267 p/m,2025 1 km Automaat Elektrisch,v.a. € 1267 p/m,Van Poelgeest Amsterdam
BMW iX1,eDrive20 67 kWh M Sport Edition,€ 49.984 v.a. € 441 p/m,2025 1 km Automaat Elektrisch,v.a. € 441 p/m,Van Poelgeest Hilversum
BMW iX1,eDrive20,€ 64.201 v.a. € 567 p/m,2025 4.999 km Automaat Elektrisch,v.a. € 567 p/m,Van Poelgeest Amsterdam
MINI Cooper 3-deurs Electric,Cooper E Favoured,€ 38.900 v.a. € 399 p/m,2024 15.700 km Automaat Elektrisch,v.a. € 399 p/m,Van Poelgeest Amstelveen
BMW iX2,eDrive20 M Sport Edition,€ 63.176 v.a. € 558 p/m,2025 1 km Automaat Elektrisch,v.a. € 558 p/m,Van Poelgeest Heemstede
BMW 5 Serie Sedan,530e M Sport Edition,€ 85.825 v.a. € 820 p/m,2025 1 km Automaat Hybride,v.a. € 820 p/m,Van Poelgeest Amersfoort
BMW iX1,eDrive20,€ 46.900 v.a. € 414 p/m,2024 19.744 km Automaat Elektrisch,v.a. € 414 p/m,Van Poelgeest Amersfoort
BMW X3,30e xDrive,€ 79.900 v.a. € 821 p/m,2025 10.338 km Automaat Hybride,v.a. € 821 p/m,Van Poelgeest Naarden - PS Center
BMW i4,eDrive35,€ 70.788 v.a. € 626 p/m,2025 4.999 km Automaat Elektrisch,v.a. € 626 p/m,Van Poelgeest Amsterdam
BMW 1 Serie,123 xDrive,€ 62.315 v.a. € 640 p/m,2025 1 km Automaat Benzine,v.a. € 640 p/m,Van Poelgeest Amstelveen
BMW 2 Serie Gran Coupé,220 Innovation Pack M Sportpakket Pro,€ 52.895 v.a. € 543 p/m,2025 14.000 km Automaat Benzine,v.a. € 543 p/m,Van Poelgeest Alphen aan den Rijn
MINI Aceman,E Classic S,€ 39.590 v.a. € 350 p/m,2025 1 km Automaat Elektrisch,v.a. € 350 p/m,Van Poelgeest Amstelveen
BMW X1,xDrive30e M-Sport Pro,€ 61.900 v.a. € 769 p/m,2024 21.249 km Automaat Hybride,v.a. € 769 p/m,Van Poelgeest Hilversum
BMW iX1,eDrive20 67 kWh M Sport Edition,€ 49.984 v.a. € 441 p/m,2025 1 km Automaat Elektrisch,v.a. € 441 p/m,Van Poelgeest Heemstede
MINI Cooper Cabrio,C Favoured M,€ 53.574 v.a. € 474 p/m,2025 1 km Automaat Benzine,v.a. € 474 p/m,Van Poelgeest Naarden
BMW 3 Serie Sedan,320e M Sportpakket,€ 44.895 v.a. € 461 p/m,2024 21.250 km Automaat Hybride,v.a. € 461 p/m,Van Poelgeest Woerden
BMW 4 Serie Gran Coupé,420i,€ 80.217 v.a. € 824 p/m,2025 1 km Automaat Benzine,v.a. € 824 p/m,Van Poelgeest Gouda
BMW 3 Serie Touring,330e l M-Sport l Active Cruise Control,€ 42.900 v.a. € 440 p/m,2023 93.928 km Automaat Hybride,v.a. € 440 p/m,Van Poelgeest Amsterdam
BMW 1 Serie,120,€ 44.900 v.a. € 461 p/m,2024 11.992 km Automaat Benzine,v.a. € 461 p/m,Van Poelgeest Amsterdam
BMW iX,xDrive50,€ 60.900 v.a. € 538 p/m,2022 82.658 km Automaat Elektrisch,v.a. € 538 p/m,Van Poelgeest Amersfoort
BMW i4,eDrive35 M Sport Edition M Sportpakket Pro,€ 49.995 v.a. € 441 p/m,2024 11.979 km Automaat Elektrisch,v.a. € 441 p/m,Van Poelgeest Gouda
BMW 1 Serie,118i,€ 35.900 v.a. € 369 p/m,2024 10.720 km Automaat Benzine,v.a. € 369 p/m,Van Poelgeest Noordwijk
MINI Countryman,Cooper SE ALL4 Classic,€ 31.895 v.a. € 327 p/m,2021 62.930 km Automaat Hybride,v.a. € 327 p/m,Van Poelgeest Alphen aan den Rijn
BMW 1 Serie,120 M-Sport Innovation Pack,€ 39.900 v.a. € 410 p/m,2024 32.823 km Automaat Benzine,v.a. € 410 p/m,Van Poelgeest Heemstede
BMW 1 Serie,120,€ 39.900 v.a. € 410 p/m,2024 32.072 km Automaat Benzine,v.a. € 410 p/m,Van Poelgeest Heemstede
BMW iX,xDrive45,€ 110.540 v.a. € 976 p/m,2025 1 km Automaat Elektrisch,v.a. € 976 p/m,Van Poelgeest Amersfoort
BMW X3,30e xDrive,€ 88.298 v.a. € 907 p/m,2025 2.634 km Automaat Hybride,v.a. € 907 p/m,Van Poelgeest Amstelveen
BMW i5 Touring,eDrive40,€ 79.900 v.a. € 706 p/m,2025 9.999 km Automaat Elektrisch,v.a. € 706 p/m,Van Poelgeest Amersfoort
BMW 2 Serie Active Tourer,225e xDrive,€ 45.900 v.a. € 471 p/m,2024 9.999 km Automaat Hybride,v.a. € 471 p/m,Van Poelgeest Amsterdam
BMW X3,30e xDrive,€ 83.906 v.a. € 802 p/m,2025 1 km Automaat Hybride,v.a. € 802 p/m,Van Poelgeest Amstelveen
BMW i5 Touring,M60 xDrive 84 kWh,€ 89.500 v.a. € 791 p/m,2024 11.243 km Automaat Elektrisch,v.a. € 791 p/m,Van Poelgeest Amstelveen
BMW M5 Touring,,€ 174.722 v.a. € 1794 p/m,2025 10 km Automaat Hybride,v.a. € 1794 p/m,Van Poelgeest Naarden
BMW i7,eDrive50 106 kWh,€ 94.900 v.a. € 838 p/m,2024 18.079 km Automaat Elektrisch,v.a. € 838 p/m,Van Poelgeest Amstelveen
BMW iX1,eDrive20,€ 57.916 v.a. € 512 p/m,2025 4.999 km Automaat Elektrisch,v.a. € 512 p/m,Van Poelgeest Amsterdam
BMW i4,eDrive40 M Sport Edition 84 kWh,€ 77.868 v.a. € 688 p/m,2025 5.245 km Automaat Elektrisch,v.a. € 688 p/m,Van Poelgeest Amersfoort
BMW i7,eDrive50,€ 99.900 v.a. € 883 p/m,2025 5.900 km Automaat Elektrisch,v.a. € 883 p/m,Van Poelgeest Amstelveen
BMW 5 Serie Sedan,530e Business Edition Plus,€ 42.900 v.a. € 440 p/m,2023 49.378 km Automaat Hybride,v.a. € 440 p/m,Van Poelgeest Amstelveen
BMW 1 Serie,120,€ 54.011 v.a. € 555 p/m,2025 4.999 km Automaat Benzine,v.a. € 555 p/m,Van Poelgeest Amsterdam
BMW 2 Serie Gran Coupé,220,€ 56.822 v.a. € 583 p/m,2025 4.001 km Automaat Benzine,v.a. € 583 p/m,Van Poelgeest Heemstede
BMW iX,xDrive45,€ 110.232 v.a. € 974 p/m,2025 1 km Automaat Elektrisch,v.a. € 974 p/m,Van Poelgeest Amsterdam
BMW 2 Serie Gran Coupé,M235 xDrive,€ 91.111 v.a. € 936 p/m,2025 1 km Automaat Benzine,v.a. € 936 p/m,Van Poelgeest Amstelveen
BMW 2 Serie Active Tourer,218i,€ 55.861 v.a. € 574 p/m,2025 1 km Automaat Benzine,v.a. € 574 p/m,Van Poelgeest Heemstede
BMW X1,xDrive25e Innovation Pack xLine,€ 65.541 v.a. € 673 p/m,2025 8.000 km Automaat Hybride,v.a. € 673 p/m,Van Poelgeest Alphen aan den Rijn
BMW iX1,eDrive20 M-Sport,€ 47.900 v.a. € 423 p/m,2025 5.147 km Automaat Elektrisch,v.a. € 423 p/m,Van Poelgeest Hilversum
BMW 2 Serie Gran Coupé,220,€ 57.365 v.a. € 589 p/m,2025 1 km Automaat Benzine,v.a. € 589 p/m,Van Poelgeest Amsterdam
BMW 5 Serie Sedan,550e xDrive,€ 84.900 v.a. € 872 p/m,2024 36.463 km Automaat Hybride,v.a. € 872 p/m,Van Poelgeest Hilversum
BMW 2 Serie Gran Coupé,218i M-Sport,€ 39.900 v.a. € 410 p/m,2024 26.588 km Automaat Benzine,v.a. € 410 p/m,Van Poelgeest Heemstede
BMW 3 Serie Sedan,318i,€ 67.932 v.a. € 698 p/m,2025 4.999 km Automaat Benzine,v.a. € 698 p/m,Van Poelgeest Amsterdam
BMW 5 Serie Touring,530e xDrive Business Edition Plus,€ 49.900 v.a. € 512 p/m,2023 41.600 km Automaat Hybride,v.a. € 512 p/m,Van Poelgeest Amstelveen
BMW 2 Serie Gran Tourer,218i 7p. High Executive,€ 21.900 v.a. € 272 p/m,2018 77.362 km Automaat Benzine,v.a. € 272 p/m,Van Poelgeest Noordwijk
BMW i4,eDrive35 M Sport Edition,€ 69.781 v.a. € 617 p/m,2025 1 km Automaat Elektrisch,v.a. € 617 p/m,Van Poelgeest Hilversum
BMW X1,xDrive30e,€ 64.900 v.a. € 666 p/m,2024 24.148 km Automaat Hybride,v.a. € 666 p/m,Van Poelgeest Amsterdam
MINI Cooper 3-deurs Electric,SE,€ 37.900 v.a. € 389 p/m,2024 10.155 km Automaat Elektrisch,v.a. € 389 p/m,Van Poelgeest Amsterdam
BMW M4,CS,€ 222.222 v.a. € 1963 p/m,2025 1 km Automaat Benzine,v.a. € 1963 p/m,Van Poelgeest Naarden
MINI Aceman,E Essential,€ 35.190 v.a. € 311 p/m,2025 1 km Automaat Elektrisch,v.a. € 311 p/m,Van Poelgeest Amstelveen
BMW 5 Serie Touring,530e,€ 84.900 v.a. € 872 p/m,2025 9.999 km Automaat Hybride,v.a. € 872 p/m,Van Poelgeest Amsterdam
BMW i7,M70 xDrive 106 kWh,€ 128.500 v.a. € 1135 p/m,2024 27.003 km Automaat Elektrisch,v.a. € 1135 p/m,Van Poelgeest Amstelveen
BMW iX1,eDrive20 67 kWh,€ 60.009 v.a. € 530 p/m,2025 500 km Automaat Elektrisch,v.a. € 530 p/m,Van Poelgeest Amstelveen
BMW M5 Sedan,Competition,€ 107.900 v.a. € 1340 p/m,2021 31.689 km Automaat Benzine,v.a. € 1340 p/m,Van Poelgeest Amsterdam
BMW X1,xDrive30e,€ 65.900 v.a. € 677 p/m,2025 5.250 km Automaat Hybride,v.a. € 677 p/m,Van Poelgeest Noordwijk
BMW i3s,120Ah 42 kWh,€ 27.900 v.a. € 246 p/m,2022 30.362 km Automaat Elektrisch,v.a. € 246 p/m,Van Poelgeest Amersfoort
BMW 5 Serie Sedan,520d High Executive Edition,€ 29.900 v.a. € 307 p/m,2019 122.509 km Automaat Diesel,v.a. € 307 p/m,Van Poelgeest Amersfoort
BMW X1,xDrive25e,€ 61.063 v.a. € 627 p/m,2025 4.001 km Automaat Hybride,v.a. € 627 p/m,Van Poelgeest Heemstede
BMW iX,xDrive60 112 kWh,€ 118.900 v.a. € 1050 p/m,2025 9.999 km Automaat Elektrisch,v.a. € 1050 p/m,Van Poelgeest Amersfoort
Mini Cooper 3-deurs Electric,Camden Edition 33 kWh,€ 24.500 v.a. € 256 p/m,2023 12.484 km Automaat Elektrisch,v.a. € 256 p/m,Van Poelgeest Amstelveen
BMW 5 Serie Sedan,550e xDrive Innovation Pack M Sportpakket Pro,€ 89.900 v.a. € 923 p/m,2024 16.547 km Automaat Hybride,v.a. € 923 p/m,Van Poelgeest Alphen aan den Rijn
BMW X2,sDrive20i Innovation Pack M Sportpakket Pro,€ 51.995 v.a. € 534 p/m,2024 24.210 km Automaat Benzine,v.a. € 534 p/m,Van Poelgeest Alphen aan den Rijn
BMW 3 Serie Touring,330e,€ 47.900 v.a. € 492 p/m,2024 24.273 km Automaat Hybride,v.a. € 492 p/m,Van Poelgeest Naarden - PS Center
BMW 5 Serie Touring,530e M Sport Edition,€ 86.673 v.a. € 828 p/m,2025 1 km Automaat Hybride,v.a. € 828 p/m,Van Poelgeest Woerden
BMW X6,xDrive40i,€ 124.900 v.a. € 1283 p/m,2024 15.041 km Automaat Benzine,v.a. € 1283 p/m,Van Poelgeest Amstelveen
BMW 2 Serie Gran Coupé,220,€ 57.365 v.a. € 589 p/m,2025 1 km Automaat Benzine,v.a. € 589 p/m,Van Poelgeest Amsterdam
BMW 3 Serie Touring,320i High Executive,€ 34.900 v.a. € 434 p/m,2021 84.418 km Automaat Benzine,v.a. € 434 p/m,Van Poelgeest Naarden - PS Center
BMW XM,PHEV 30 kWh,€ 109.900 v.a. € 1128 p/m,2023 59.860 km Automaat Hybride,v.a. € 1128 p/m,Van Poelgeest Amersfoort
BMW X1,sDrive20i,€ 56.900 v.a. € 584 p/m,2025 7.811 km Automaat Benzine,v.a. € 584 p/m,Van Poelgeest Noordwijk
BMW i5 Sedan,eDrive40 Innovation Pack M Sportpakket,€ 59.495 v.a. € 526 p/m,2024 3.529 km Automaat Elektrisch,v.a. € 526 p/m,Van Poelgeest Gouda
BMW 3 Serie Touring,330e,€ 52.900 v.a. € 543 p/m,2024 41.779 km Automaat Hybride,v.a. € 543 p/m,Van Poelgeest Amstelveen
BMW i5 Sedan,xDrive40 84 kWh,€ 64.900 v.a. € 574 p/m,2024 13.274 km Automaat Elektrisch,v.a. € 574 p/m,Van Poelgeest Heemstede
BMW i4,eDrive40 84 kWh M-Sport,€ 52.900 v.a. € 467 p/m,2024 28.255 km Automaat Elektrisch,v.a. € 467 p/m,Van Poelgeest Hilversum
MINI Countryman,C Classic,€ 49.900 v.a. € 512 p/m,2024 4.001 km Automaat Benzine,v.a. € 512 p/m,Van Poelgeest Heemstede
MINI Cooper 3-deurs,Cooper Chili Wired,€ 16.895 v.a. € 210 p/m,2014 59.097 km Automaat Benzine,v.a. € 210 p/m,Van Poelgeest Gouda
BMW i5 Touring,eDrive40 M Sport Edition,€ 97.556 v.a. € 862 p/m,2025 1 km Automaat Elektrisch,v.a. € 862 p/m,Van Poelgeest Naarden
BMW 7 Serie,745Le xDrive High Executive M Sportpakket,€ 56.895 v.a. € 707 p/m,2019 72.402 km Automaat Hybride,v.a. € 707 p/m,Van Poelgeest Alphen aan den Rijn
BMW 1 Serie,5-deurs 120 M Sportpakket Pro,€ 41.895 v.a. € 430 p/m,2024 16.750 km Automaat Benzine,v.a. € 430 p/m,Van Poelgeest Woerden
BMW i5 Sedan,eDrive40 M Sport Edition 84 kWh,€ 85.900 v.a. € 759 p/m,2025 4.000 km Automaat Elektrisch,v.a. € 759 p/m,Van Poelgeest Naarden - PS Center
MINI Cooper 3-deurs Electric,E Classic,€ 40.995 v.a. € 421 p/m,2024 8.500 km Automaat Elektrisch,v.a. € 421 p/m,Van Poelgeest Alphen aan den Rijn
BMW X5,xDrive50e Innovation Pack M Sportpakket Pro,€ 108.995 v.a. € 1119 p/m,2025 14.500 km Automaat Hybride,v.a. € 1119 p/m,Van Poelgeest Woerden
BMW 5 Serie Touring,520i M-Sport,€ 64.900 v.a. € 666 p/m,2025 8.550 km Automaat Benzine,v.a. € 666 p/m,Van Poelgeest Heemstede
BMW 3 Serie Sedan,320i xDrive,€ 61.900 v.a. € 636 p/m,2025 15.169 km Automaat Benzine,v.a. € 636 p/m,Van Poelgeest Naarden - PS Center
BMW iX3,High Executive Edition 80 kWh,€ 57.900 v.a. € 512 p/m,2024 19.411 km Automaat Elektrisch,v.a. € 512 p/m,Van Poelgeest Amstelveen
MINI Cooper 5-deurs,Cooper S John Cooper Works XL,€ 48.900 v.a. € 502 p/m,2025 4.001 km Automaat Benzine,v.a. € 502 p/m,Van Poelgeest Heemstede
BMW X5,xDrive50e l M-Sport Pro l Elek. Trekhaak,€ 109.900 v.a. € 1128 p/m,2025 12.411 km Automaat Hybride,v.a. € 1128 p/m,Van Poelgeest Amsterdam
BMW iX1,eDrive20,€ 60.009 v.a. € 530 p/m,2025 4.815 km Automaat Elektrisch,v.a. € 530 p/m,Van Poelgeest Amstelveen
Audi e-tron,55 quattro S edition 95 kWh,€ 41.900 v.a. € 438 p/m,2022 68.513 km Automaat Elektrisch,v.a. € 438 p/m,VP Cars Naarden
MINI Cooper 3-deurs Electric,Cooper SE Favoured M,€ 34.900 v.a. € 359 p/m,2024 13.586 km Automaat Elektrisch,v.a. € 359 p/m,Van Poelgeest Heemstede
BMW 1 Serie,120 Premium M Sportpakket Pro Individual,€ 44.895 v.a. € 461 p/m,2025 11.403 km Automaat Benzine,v.a. € 461 p/m,Van Poelgeest Gouda
BMW M5 Sedan,,€ 156.136 v.a. € 1492 p/m,2025 1 km Automaat Hybride,v.a. € 1492 p/m,Van Poelgeest Amersfoort
BMW i4,eDrive35 M Sport Edition,€ 74.442 v.a. € 658 p/m,2025 1 km Automaat Elektrisch,v.a. € 658 p/m,Van Poelgeest Alphen aan den Rijn
BMW X3,30e xDrive,€ 81.591 v.a. € 838 p/m,2025 4.999 km Automaat Hybride,v.a. € 838 p/m,Van Poelgeest Amsterdam
BMW X3,xDrive30e eDrive Edition,€ 39.900 v.a. € 496 p/m,2020 77.234 km Automaat Hybride,v.a. € 496 p/m,Van Poelgeest Naarden - PS Center
BMW iX1,eDrive20,€ 47.900 v.a. € 423 p/m,2025 9.999 km Automaat Elektrisch,v.a. € 423 p/m,Van Poelgeest Amersfoort
MINI Cooper 5-deurs,C John Cooper Works,€ 41.900 v.a. € 431 p/m,2025 8.467 km Automaat Benzine,v.a. € 431 p/m,Van Poelgeest Naarden - PS Center
BMW iX,xDrive45,€ 107.436 v.a. € 949 p/m,2025 1 km Automaat Elektrisch,v.a. € 949 p/m,Van Poelgeest Amstelveen
BMW X4,xDrive20i Executive Edition M Sport Individual,,2021 83.000 km Automaat Benzine,,Van Poelgeest Gouda
BMW 3 Serie Sedan,330e,€ 70.170 v.a. € 670 p/m,2025 1 km Automaat Hybride,v.a. € 670 p/m,Van Poelgeest Hilversum
BMW 2 Serie Active Tourer,225e xDrive,€ 42.900 v.a. € 440 p/m,2024 10.373 km Automaat Hybride,v.a. € 440 p/m,Van Poelgeest Amsterdam
MINI Cooper 5-deurs,Classic XS,€ 43.463 v.a. € 384 p/m,2025 1 km Automaat Overige,v.a. € 384 p/m,Van Poelgeest Naarden
BMW i5 Sedan,eDrive40 M Sport Edition,€ 87.356 v.a. € 772 p/m,2025 1 km Automaat Elektrisch,v.a. € 772 p/m,Van Poelgeest Gouda
MINI Cooper 3-deurs,Cooper S 60 Years Edition,€ 27.495 v.a. € 342 p/m,2020 75.435 km Automaat Benzine,v.a. € 342 p/m,Van Poelgeest Alphen aan den Rijn
Audi Q8,55 TFSI e quattro Pro Line,€ 84.900 v.a. € 1073 p/m,2023 24.899 km Automaat Hybride,v.a. € 1073 p/m,VP Cars Naarden
BMW iX2,eDrive20,€ 47.900 v.a. € 423 p/m,2024 14.909 km Automaat Elektrisch,v.a. € 423 p/m,Van Poelgeest Amsterdam
BMW i4,eDrive40 M Sport Edition,€ 72.412 v.a. € 640 p/m,2025 1 km Automaat Elektrisch,v.a. € 640 p/m,Van Poelgeest Heemstede
BMW X5,xDrive50e Innovation Pack M Sportpakket Pro,€ 109.895 v.a. € 1128 p/m,2025 19.399 km Automaat Hybride,v.a. € 1128 p/m,Van Poelgeest Gouda
BMW i4,eDrive35 M Sportpakket Pro,€ 57.995 v.a. € 512 p/m,2025 18.500 km Automaat Elektrisch,v.a. € 512 p/m,Van Poelgeest Alphen aan den Rijn
BMW X2,xDrive25e High Executive,€ 29.900 v.a. € 371 p/m,2020 55.521 km Automaat Hybride,v.a. € 371 p/m,Van Poelgeest Amstelveen
MINI Cooper 3-deurs Electric,E,€ 45.257 v.a. € 464 p/m,2025 4.999 km Automaat Elektrisch,v.a. € 464 p/m,Van Poelgeest Amsterdam
BMW 3 Serie Sedan,318i,€ 70.751 v.a. € 726 p/m,2025 4.999 km Automaat Benzine,v.a. € 726 p/m,Van Poelgeest Amsterdam
BMW iX2,eDrive20 M Sportpakket Pro,€ 55.895 v.a. € 493 p/m,2024 17.500 km Automaat Elektrisch,v.a. € 493 p/m,Van Poelgeest Alphen aan den Rijn
MINI Cooper 3-deurs,C,€ 53.643 v.a. € 550 p/m,2025 4.999 km Automaat Benzine,v.a. € 550 p/m,Van Poelgeest Amsterdam
BMW 2 Serie Gran Coupé,220,€ 58.517 v.a. € 601 p/m,2025 1 km Automaat Benzine,v.a. € 601 p/m,Van Poelgeest Amstelveen
MINI Cooper 3-deurs,Camden Plus Edition,€ 28.900 v.a. € 297 p/m,2023 39.118 km Automaat Benzine,v.a. € 297 p/m,Van Poelgeest Amsterdam
BMW 4 Serie Gran Coupé,430i xDrive High Executive,€ 88.006 v.a. € 903 p/m,2025 3.760 km Automaat Benzine,v.a. € 903 p/m,Van Poelgeest Amstelveen
MINI Cooper 3-deurs,C,€ 33.450 v.a. € 344 p/m,2024 11.325 km Automaat Benzine,v.a. € 344 p/m,Van Poelgeest Amsterdam
BMW 2 Serie Gran Coupé,218i Premium Pack M Sportpakket Pro,€ 46.895 v.a. € 482 p/m,2025 12.000 km Automaat Benzine,v.a. € 482 p/m,Van Poelgeest Woerden
BMW X1,sDrive20i High Executive X-Line,€ 33.900 v.a. € 421 p/m,2020 65.229 km Automaat Benzine,v.a. € 421 p/m,Van Poelgeest Hilversum
BMW 5 Serie Touring,520i High Executive M-Sport,€ 32.900 v.a. € 338 p/m,2020 120.868 km Automaat Benzine,v.a. € 338 p/m,Van Poelgeest Hilversum
BMW X3,30e xDrive Premium Pack M Sportpakket,€ 74.895 v.a. € 769 p/m,2025 13.417 km Automaat Hybride,v.a. € 769 p/m,Van Poelgeest Gouda
BMW X1,xDrive25e,€ 74.644 v.a. € 766 p/m,2025 700 km Automaat Hybride,v.a. € 766 p/m,Van Poelgeest Amstelveen
BMW 1 Serie,120,€ 54.786 v.a. € 563 p/m,2025 4.999 km Automaat Benzine,v.a. € 563 p/m,Van Poelgeest Amsterdam
BMW 2 Serie Gran Coupé,220,€ 58.368 v.a. € 599 p/m,2025 4.999 km Automaat Benzine,v.a. € 599 p/m,Van Poelgeest Amsterdam
BMW 4 Serie Coupé,M440i xDrive High Executive M-Sport,€ 66.900 v.a. € 687 p/m,2023 10.690 km Automaat Benzine,v.a. € 687 p/m,Van Poelgeest Hilversum
BMW X3,30e xDrive,€ 84.329 v.a. € 806 p/m,2025 1 km Automaat Hybride,v.a. € 806 p/m,Van Poelgeest Naarden
BMW iX,xDrive60 Innovation Pack M Sportpakket Pro,€ 120.500 v.a. € 1064 p/m,2025 5.000 km Automaat Elektrisch,v.a. € 1064 p/m,Van Poelgeest Woerden
BMW X1,xDrive30e,€ 57.900 v.a. € 594 p/m,2025 6.913 km Automaat Hybride,v.a. € 594 p/m,Van Poelgeest Amsterdam
BMW 2 Serie Gran Coupé,220,€ 47.900 v.a. € 492 p/m,2025 11.500 km Automaat Benzine,v.a. € 492 p/m,Van Poelgeest Hilversum
BMW iX3,Executive 80 kWh,€ 53.900 v.a. € 476 p/m,2024 16.016 km Automaat Elektrisch,v.a. € 476 p/m,Van Poelgeest Amsterdam
BMW X1,sDrive20i,€ 48.900 v.a. € 502 p/m,2024 13.378 km Automaat Benzine,v.a. € 502 p/m,Van Poelgeest Hilversum
BMW 3 Serie Touring,330e,€ 59.900 v.a. € 615 p/m,2024 5.369 km Automaat Hybride,v.a. € 615 p/m,Van Poelgeest Amstelveen
BMW iX2,eDrive20 M Sport Edition,€ 63.443 v.a. € 560 p/m,2025 1 km Automaat Elektrisch,v.a. € 560 p/m,Van Poelgeest Amersfoort
BMW 5 Serie Sedan,545e xDrive Business Edition Plus,€ 61.900 v.a. € 769 p/m,2023 50.054 km Automaat Hybride,v.a. € 769 p/m,Van Poelgeest Noordwijk
BMW 1 Serie,M135 xDrive,€ 84.186 v.a. € 864 p/m,2025 1 km Automaat Benzine,v.a. € 864 p/m,Van Poelgeest Amsterdam
MINI Cooper 3-deurs,1.5 Cooper C John Cooper Works M,€ 48.310 v.a. € 496 p/m,2025 1.380 km Automaat Benzine,v.a. € 496 p/m,Van Poelgeest Amstelveen
MINI Cooper 3-deurs Electric,E John Cooper Works M 40.7 kWh,€ 36.900 v.a. € 379 p/m,2025 4.875 km Automaat Elektrisch,v.a. € 379 p/m,Van Poelgeest Naarden - PS Center
BMW 2 Serie Active Tourer,220i,€ 60.003 v.a. € 616 p/m,2025 1 km Automaat Benzine,v.a. € 616 p/m,Van Poelgeest Heemstede
BMW iX1,eDrive20 M-Sport Pro Innovation,€ 63.118 v.a. € 558 p/m,2025 4.001 km Automaat Elektrisch,v.a. € 558 p/m,Van Poelgeest Heemstede
BMW 5 Serie Sedan,540d xDrive,€ 84.900 v.a. € 872 p/m,2024 4.711 km Automaat Diesel,v.a. € 872 p/m,Van Poelgeest Naarden - PS Center
BMW i4,eDrive35 M Sport Edition,€ 72.447 v.a. € 640 p/m,2025 1 km Automaat Elektrisch,v.a. € 640 p/m,Van Poelgeest Hilversum
MINI Aceman,SE Favoured XL,€ 54.157 v.a. € 556 p/m,2025 2.780 km Automaat Elektrisch,v.a. € 556 p/m,Van Poelgeest Amstelveen
BMW X1,xDrive25e,€ 33.900 v.a. € 348 p/m,2022 88.507 km Automaat Hybride,v.a. € 348 p/m,Van Poelgeest Noordwijk
MINI Aceman,E John Cooper Works M,€ 43.290 v.a. € 383 p/m,2025 1 km Automaat Elektrisch,v.a. € 383 p/m,Van Poelgeest Amstelveen
BMW iX2,eDrive20 M Sport Edition,€ 63.084 v.a. € 557 p/m,2025 1 km Automaat Elektrisch,v.a. € 557 p/m,Van Poelgeest Noordwijk
BMW M3,Cabrio E46,€ 49.900 v.a. € 620 p/m,2005 87.152 km Automaat Benzine,v.a. € 620 p/m,Van Poelgeest Naarden - PS Center
BMW iX,xDrive40,€ 46.900 v.a. € 501 p/m,2022 30.639 km Automaat Elektrisch,v.a. € 501 p/m,Van Poelgeest Hilversum
BMW 8 Serie Gran Coupé,840i xDrive High Executive,€ 129.900 v.a. € 1334 p/m,2025 1.550 km Automaat Benzine,v.a. € 1334 p/m,Van Poelgeest Amstelveen
BMW iX1,eDrive20 M Sportpakket Pro,€ 49.895 v.a. € 440 p/m,2024 11.682 km Automaat Elektrisch,v.a. € 440 p/m,Van Poelgeest Gouda
MINI Cooper 3-deurs,1.5 Cooper C John Cooper Works M,€ 36.900 v.a. € 379 p/m,2024 22.000 km Automaat Benzine,v.a. € 379 p/m,Van Poelgeest Noordwijk
MINI Cooper 3-deurs,Cooper C Essential XS,€ 40.795 v.a. € 360 p/m,2025 1 km Automaat Benzine,v.a. € 360 p/m,Van Poelgeest Heemstede
BMW X3,30e xDrive,€ 82.834 v.a. € 791 p/m,2025 1 km Automaat Hybride,v.a. € 791 p/m,Van Poelgeest Heemstede
BMW iX2,eDrive20 M Sport Edition,€ 62.109 v.a. € 549 p/m,2025 1 km Automaat Elektrisch,v.a. € 549 p/m,Van Poelgeest Naarden
BMW 4 Serie Coupé,420i,€ 77.749 v.a. € 798 p/m,2025 1 km Automaat Benzine,v.a. € 798 p/m,Van Poelgeest Amstelveen
BMW X5,xDrive50e,€ 109.900 v.a. € 1128 p/m,2025 13.822 km Automaat Hybride,v.a. € 1128 p/m,Van Poelgeest Amstelveen
BMW i5 Sedan,eDrive40 M Sport Edition,€ 91.693 v.a. € 810 p/m,2025 1 km Automaat Elektrisch,v.a. € 810 p/m,Van Poelgeest Amstelveen
BMW X5,xDrive50e,€ 114.900 v.a. € 1179 p/m,2025 7.879 km Automaat Hybride,v.a. € 1179 p/m,Van Poelgeest Amersfoort
BMW i5 Sedan,M60 xDrive,€ 117.819 v.a. € 1040 p/m,2025 1 km Automaat Elektrisch,v.a. € 1040 p/m,Van Poelgeest Hilversum
BMW iX3,High Executive,€ 56.900 v.a. € 502 p/m,2024 22.755 km Automaat Elektrisch,v.a. € 502 p/m,Van Poelgeest Hilversum
BMW iX,xDrive40 High Executive,€ 46.895 v.a. € 501 p/m,2021 44.299 km Automaat Elektrisch,v.a. € 501 p/m,Van Poelgeest Alphen aan den Rijn
MINI Countryman,1.5 C,€ 55.541 v.a. € 570 p/m,2025 1.210 km Automaat Benzine,v.a. € 570 p/m,Van Poelgeest Amstelveen
BMW i7,xDrive60 106 kWh,€ 98.500 v.a. € 870 p/m,2023 37.971 km Automaat Elektrisch,v.a. € 870 p/m,Van Poelgeest Amsterdam
BMW iX,xDrive50,€ 94.900 v.a. € 838 p/m,2024 11.348 km Automaat Elektrisch,v.a. € 838 p/m,Van Poelgeest Amsterdam
MINI Countryman,C John Cooper Works M,€ 56.814 v.a. € 502 p/m,2025 1 km Automaat Benzine,v.a. € 502 p/m,Van Poelgeest Amstelveen
BMW i5 Touring,eDrive40 M Sport Edition,€ 97.033 v.a. € 857 p/m,2025 6.000 km Automaat Elektrisch,v.a. € 857 p/m,Van Poelgeest Amstelveen
BMW i5 Sedan,eDrive40,€ 87.631 v.a. € 774 p/m,2025 4.999 km Automaat Elektrisch,v.a. € 774 p/m,Van Poelgeest Amsterdam
BMW 3 Serie Touring,330e Innovation Pack M Sportpakket Pro,€ 58.895 v.a. € 605 p/m,2024 16.981 km Automaat Hybride,v.a. € 605 p/m,Van Poelgeest Woerden
BMW X3,xDrive30e High Executive,€ 68.900 v.a. € 707 p/m,2024 12.696 km Automaat Hybride,v.a. € 707 p/m,Van Poelgeest Noordwijk
MINI Cooper 5-deurs,1.5 Cooper C Essential XS,€ 41.290 v.a. € 424 p/m,2024 6.883 km Automaat Benzine,v.a. € 424 p/m,Van Poelgeest Amstelveen
BMW M5,Sedan,€ 65.900 v.a. € 819 p/m,2018 126.829 km Automaat Benzine,v.a. € 819 p/m,Van Poelgeest Hilversum
BMW 5 Serie Touring,530e,€ 71.900 v.a. € 738 p/m,2024 10.918 km Automaat Hybride,v.a. € 738 p/m,Van Poelgeest Amsterdam
BMW iX1,xDrive30 Launch Edition 67 kWh,€ 43.900 v.a. € 469 p/m,2023 36.850 km Automaat Elektrisch,v.a. € 469 p/m,Van Poelgeest Naarden - PS Center
BMW 5 Serie Touring,530e xDrive High Executive M-Sport,€ 78.900 v.a. € 810 p/m,2024 4.459 km Automaat Hybride,v.a. € 810 p/m,Van Poelgeest Hilversum
BMW iX3,High Executive 80 kWh,€ 56.900 v.a. € 502 p/m,2024 21.858 km Automaat Elektrisch,v.a. € 502 p/m,Van Poelgeest Amsterdam
BMW 4 Serie Gran Coupé,430i Business Edition Plus,€ 57.900 v.a. € 594 p/m,2024 32.022 km Automaat Benzine,v.a. € 594 p/m,Van Poelgeest Amstelveen
BMW iX1,eDrive20 67 kWh,€ 64.806 v.a. € 573 p/m,2025 893 km Automaat Elektrisch,v.a. € 573 p/m,Van Poelgeest Amstelveen
BMW i5 Sedan,eDrive40 M Sport Edition,€ 86.993 v.a. € 769 p/m,2025 1 km Automaat Elektrisch,v.a. € 769 p/m,Van Poelgeest Amsterdam
BMW iX,xDrive45 Innovation Pack M Sportpakket Pro,€ 112.581 v.a. € 994 p/m,2025 7.500 km Automaat Elektrisch,v.a. € 994 p/m,Van Poelgeest Gouda
MINI Aceman,E Essential XS,€ 37.690 v.a. € 333 p/m,2025 1 km Automaat Elektrisch,v.a. € 333 p/m,Van Poelgeest Amstelveen
BMW 2 Serie Gran Coupé,M235 xDrive Innovation M Sportpakket Pro,€ 77.495 v.a. € 796 p/m,2025 4.100 km Automaat Benzine,v.a. € 796 p/m,Van Poelgeest Woerden
MINI Cooper 3-deurs,S,€ 42.250 v.a. € 434 p/m,2024 8.999 km Automaat Benzine,v.a. € 434 p/m,Van Poelgeest Amsterdam
BMW X3,30e xDrive,€ 83.906 v.a. € 802 p/m,2025 1 km Automaat Hybride,v.a. € 802 p/m,Van Poelgeest Amersfoort
BMW i4,M50 High Executive 84 kWh,€ 54.900 v.a. € 587 p/m,2023 19.282 km Automaat Elektrisch,v.a. € 587 p/m,Van Poelgeest Naarden - PS Center
BMW i5 Sedan,eDrive40 M Sport Edition,€ 89.438 v.a. € 790 p/m,2025 1 km Automaat Elektrisch,v.a. € 790 p/m,Van Poelgeest Gouda
BMW iX1,eDrive20,€ 52.900 v.a. € 467 p/m,2025 4.999 km Automaat Elektrisch,v.a. € 467 p/m,Van Poelgeest Amsterdam
BMW 4 Serie Coupé,420i,€ 77.048 v.a. € 791 p/m,2025 1 km Automaat Benzine,v.a. € 791 p/m,Van Poelgeest Amersfoort
BMW 3 Serie Touring,330e,€ 33.900 v.a. € 348 p/m,2021 62.744 km Automaat Hybride,v.a. € 348 p/m,Van Poelgeest Amsterdam
BMW i5 Sedan,xDrive40,€ 94.088 v.a. € 831 p/m,2025 1 km Automaat Elektrisch,v.a. € 831 p/m,Van Poelgeest Amsterdam
BMW iX1,eDrive20 67 kWh,€ 61.900 v.a. € 547 p/m,2025 4.000 km Automaat Elektrisch,v.a. € 547 p/m,Van Poelgeest Naarden - PS Center
BMW iX,M60 High Executive 112 kWh,€ 89.900 v.a. € 794 p/m,2024 8.036 km Automaat Elektrisch,v.a. € 794 p/m,Van Poelgeest Naarden - PS Center
BMW i4,eDrive35 M Sport Edition,€ 70.761 v.a. € 625 p/m,2025 1.500 km Automaat Elektrisch,v.a. € 625 p/m,Van Poelgeest Amstelveen
BMW 2 Serie Active Tourer,225e xDrive,€ 39.900 v.a. € 496 p/m,2023 52.549 km Automaat Hybride,v.a. € 496 p/m,Van Poelgeest Naarden - PS Center
BMW 2 Serie Active Tourer,218i,€ 57.565 v.a. € 591 p/m,2025 1 km Automaat Benzine,v.a. € 591 p/m,Van Poelgeest Hilversum
BMW 3 Serie Touring,318i,€ 54.900 v.a. € 564 p/m,2025 24.999 km Automaat Benzine,v.a. € 564 p/m,Van Poelgeest Amersfoort
BMW i4,eDrive35 M Sport Edition,€ 69.781 v.a. € 617 p/m,2025 1 km Automaat Elektrisch,v.a. € 617 p/m,Van Poelgeest Amsterdam
BMW iX2,eDrive20,€ 57.992 v.a. € 512 p/m,2025 4.999 km Automaat Elektrisch,v.a. € 512 p/m,Van Poelgeest Amsterdam
BMW iX2,eDrive20,€ 56.284 v.a. € 498 p/m,2025 1.570 km Automaat Elektrisch,v.a. € 498 p/m,Van Poelgeest Amstelveen
MINI Countryman Electric,E John Cooper Works Pakket L,€ 44.900 v.a. € 461 p/m,2024 10.814 km Automaat Elektrisch,v.a. € 461 p/m,Van Poelgeest Naarden - PS Center
BMW 3 Serie Touring,330i xDrive,€ 57.900 v.a. € 594 p/m,2024 4.250 km Automaat Benzine,v.a. € 594 p/m,Van Poelgeest Amersfoort
BMW 3 Serie Sedan,330e Innovatiepakket Model Sport Line,€ 35.895 v.a. € 446 p/m,2020 63.936 km Automaat Hybride,v.a. € 446 p/m,Van Poelgeest Woerden
BMW 4 Serie Gran Coupé,420i,€ 83.791 v.a. € 860 p/m,2025 1 km Automaat Benzine,v.a. € 860 p/m,Van Poelgeest Amstelveen
BMW i5 Touring,eDrive40 M Sport Edition Innovation Pack,€ 73.895 v.a. € 653 p/m,2025 8.000 km Automaat Elektrisch,v.a. € 653 p/m,Van Poelgeest Gouda
BMW iX,xDrive60,€ 122.290 v.a. € 1080 p/m,2025 1 km Automaat Elektrisch,v.a. € 1080 p/m,Van Poelgeest Hilversum
BMW 2 Serie Gran Coupé,218i High Executive M Sport Edition,€ 31.995 v.a. € 397 p/m,2022 53.730 km Automaat Benzine,v.a. € 397 p/m,Van Poelgeest Alphen aan den Rijn
BMW iX,xDrive50 High Executive Sportpakket,€ 62.495 v.a. € 552 p/m,2022 68.484 km Automaat Elektrisch,v.a. € 552 p/m,Van Poelgeest Gouda
BMW 4 Serie Gran Coupé,420i,€ 85.541 v.a. € 879 p/m,2025 4.999 km Automaat Benzine,v.a. € 879 p/m,Van Poelgeest Amsterdam
BMW i7,eDrive50 Privilege Edition,€ 146.374 v.a. € 1293 p/m,2025 1 km Automaat Elektrisch,v.a. € 1293 p/m,Van Poelgeest Noordwijk
BMW X2,sDrive18i High Executive,€ 28.900 v.a. € 359 p/m,2019 65.263 km Automaat Benzine,v.a. € 359 p/m,Van Poelgeest Naarden - PS Center
BMW iX1,eDrive20 67 kWh M Sport Edition,€ 49.984 v.a. € 441 p/m,2025 1 km Automaat Elektrisch,v.a. € 441 p/m,Van Poelgeest Amsterdam
MINI Cooper 3-deurs,C,€ 45.618 v.a. € 469 p/m,2025 4.999 km Automaat Benzine,v.a. € 469 p/m,Van Poelgeest Amsterdam
BMW X5,xDrive50e Innovation Pack M Sportpakket,€ 106.895 v.a. € 1098 p/m,2025 9.611 km Automaat Hybride,v.a. € 1098 p/m,Van Poelgeest Alphen aan den Rijn
BMW X3,30e xDrive Professional Pack M Sportpakket,€ 73.895 v.a. € 759 p/m,2025 18.108 km Automaat Hybride,v.a. € 759 p/m,Van Poelgeest Alphen aan den Rijn
BMW X5,xDrive50e Innovation Pack M Sportpakket,€ 89.495 v.a. € 1112 p/m,2023 38.449 km Automaat Hybride,v.a. € 1112 p/m,Van Poelgeest Woerden
BMW i4,eDrive40 M Sport Edition M Sportpakket Pro,€ 73.379 v.a. € 648 p/m,2025 7.500 km Automaat Elektrisch,v.a. € 648 p/m,Van Poelgeest Alphen aan den Rijn
MINI Countryman,C John Cooper Works XL,€ 57.900 v.a. € 594 p/m,2025 4.867 km Automaat Benzine,v.a. € 594 p/m,Van Poelgeest Naarden - PS Center
BMW Z4,sDrive20i Business Edition Plus High Executive,€ 43.895 v.a. € 545 p/m,2021 89.228 km Automaat Benzine,v.a. € 545 p/m,Van Poelgeest Gouda
BMW 1 Serie,118i,€ 36.900 v.a. € 379 p/m,2024 12.226 km Automaat Benzine,v.a. € 379 p/m,Van Poelgeest Naarden - PS Center
BMW i5 Sedan,eDrive40 M Sport Edition 84 kWh,€ 87.900 v.a. € 776 p/m,2025 4.000 km Automaat Elektrisch,v.a. € 776 p/m,Van Poelgeest Naarden - PS Center
BMW i4,eDrive35 M Sport Edition,€ 74.442 v.a. € 658 p/m,2025 1 km Automaat Elektrisch,v.a. € 658 p/m,Van Poelgeest Amstelveen
BMW i5 Sedan,eDrive40,€ 90.553 v.a. € 800 p/m,2025 2.400 km Automaat Elektrisch,v.a. € 800 p/m,Van Poelgeest Amstelveen
BMW X1,sDrive20i VDL Nedcar Edition,€ 31.900 v.a. € 396 p/m,2019 62.844 km Automaat Benzine,v.a. € 396 p/m,Van Poelgeest Amsterdam
BMW iX1,xDrive30 67 kWh,€ 41.900 v.a. € 370 p/m,2024 29.367 km Automaat Elektrisch,v.a. € 370 p/m,Van Poelgeest Amersfoort
BMW X7,xDrive40i,€ 97.900 v.a. € 1216 p/m,2022 46.321 km Automaat Benzine,v.a. € 1216 p/m,Van Poelgeest Amersfoort
MINI Countryman,C,€ 61.326 v.a. € 630 p/m,2025 100 km Automaat Benzine,v.a. € 630 p/m,Van Poelgeest Amsterdam
BMW i4,eDrive40 84 kWh,€ 56.900 v.a. € 502 p/m,2025 22.279 km Automaat Elektrisch,v.a. € 502 p/m,Van Poelgeest Heemstede
BMW X3,30e xDrive Professional Pack M Sportpakket Pro,€ 85.848 v.a. € 881 p/m,2025 5.000 km Automaat Hybride,v.a. € 881 p/m,Van Poelgeest Gouda
BMW X3,M40i xDrive High Executive,€ 52.900 v.a. € 657 p/m,2018 96.666 km Automaat Benzine,v.a. € 657 p/m,Van Poelgeest Naarden - PS Center
Mini Cooper 3-deurs,Cooper S Favoured,€ 44.900 v.a. € 469 p/m,2025 25 km Automaat Benzine,v.a. € 469 p/m,Van Poelgeest Amstelveen
BMW 4 Serie Coupé,M440i xDrive High Executive,€ 59.995 v.a. € 745 p/m,2022 43.715 km Automaat Benzine,v.a. € 745 p/m,Van Poelgeest Alphen aan den Rijn
BMW 5 Serie Sedan,520i M Sportpakket,€ 74.995 v.a. € 770 p/m,2024 24.998 km Automaat Benzine,v.a. € 770 p/m,Van Poelgeest Woerden
BMW 1 Serie,120i Edition M Sport Shadow High Executive,€ 29.900 v.a. € 371 p/m,2019 56.437 km Automaat Benzine,v.a. € 371 p/m,Van Poelgeest Naarden - PS Center
BMW X3,xDrive30e,€ 59.900 v.a. € 615 p/m,2023 21.916 km Automaat Hybride,v.a. € 615 p/m,Van Poelgeest Amsterdam
MINI Countryman Electric,E Classic Uitvoering Pakket M Plus,€ 39.450 v.a. € 405 p/m,2024 19.075 km Automaat Elektrisch,v.a. € 405 p/m,Van Poelgeest Woerden
MINI Cooper 3-deurs,1.5 Cooper C Essential XS,€ 40.195 v.a. € 412 p/m,2025 3.270 km Automaat Benzine,v.a. € 412 p/m,Van Poelgeest Amstelveen
BMW 5 Serie Touring,530e M Sport Edition,€ 87.839 v.a. € 839 p/m,2025 1 km Automaat Hybride,v.a. € 839 p/m,Van Poelgeest Gouda
BMW iX1,eDrive20,€ 47.900 v.a. € 423 p/m,2025 9.999 km Automaat Elektrisch,v.a. € 423 p/m,Van Poelgeest Amersfoort
BMW iX1,eDrive20 Innovation Pack M Sportpakket,€ 43.895 v.a. € 388 p/m,2024 30.164 km Automaat Elektrisch,v.a. € 388 p/m,Van Poelgeest Alphen aan den Rijn
MINI Cooper 3-deurs,C,€ 46.791 v.a. € 480 p/m,2025 4.999 km Automaat Benzine,v.a. € 480 p/m,Van Poelgeest Amsterdam
BMW 3 Serie Touring,330e M Sportpakket,€ 39.495 v.a. € 406 p/m,2023 120.391 km Automaat Hybride,v.a. € 406 p/m,Van Poelgeest Alphen aan den Rijn
MINI Cooper 3-deurs Electric,SE,€ 33.900 v.a. € 348 p/m,2024 17.509 km Automaat Elektrisch,v.a. € 348 p/m,Van Poelgeest Amstelveen
BMW 3 Serie Touring,320i Executive Edition,€ 33.900 v.a. € 421 p/m,2020 97.085 km Automaat Benzine,v.a. € 421 p/m,Van Poelgeest Naarden - PS Center
MINI Cooper 3-deurs Electric,Charged,€ 16.495 v.a. € 169 p/m,2020 79.045 km Automaat Elektrisch,v.a. € 169 p/m,Van Poelgeest Alphen aan den Rijn
BMW 2 Serie Gran Coupé,220 M Sport Design Edition,€ 49.900 v.a. € 512 p/m,2025 12.216 km Automaat Benzine,v.a. € 512 p/m,Van Poelgeest Naarden - PS Center
BMW 2 Serie Active Tourer,220i,€ 61.765 v.a. € 634 p/m,2025 1 km Automaat Benzine,v.a. € 634 p/m,Van Poelgeest Naarden
BMW X4,M40i Business Edition Plus,€ 62.900 v.a. € 781 p/m,2021 64.754 km Automaat Benzine,v.a. € 781 p/m,Van Poelgeest Amsterdam
BMW i5 Touring,eDrive40 M Sport Edition,€ 79.900 v.a. € 706 p/m,2025 4.501 km Automaat Elektrisch,v.a. € 706 p/m,Van Poelgeest Heemstede
BMW X5,xDrive50e,€ 94.900 v.a. € 974 p/m,2024 35.279 km Automaat Hybride,v.a. € 974 p/m,Van Poelgeest Hilversum
BMW 5 Serie Sedan,530e High Executive M Sportpakket Individual,€ 39.995 v.a. € 497 p/m,2020 44.024 km Automaat Hybride,v.a. € 497 p/m,Van Poelgeest Alphen aan den Rijn
MINI Cooper 3-deurs,Cooper Camden Edition,€ 31.900 v.a. € 327 p/m,2024 12.840 km Automaat Benzine,v.a. € 327 p/m,Van Poelgeest Amsterdam
BMW i4,eDrive35,€ 51.900 v.a. € 459 p/m,2024 4.913 km Automaat Elektrisch,v.a. € 459 p/m,Van Poelgeest Amsterdam
BMW i3,Basis 120Ah Comfort Pack Advanced,€ 23.895 v.a. € 255 p/m,2022 45.891 km Automaat Elektrisch,v.a. € 255 p/m,Van Poelgeest Gouda
BMW iX,xDrive45,€ 105.702 v.a. € 934 p/m,2025 1 km Automaat Elektrisch,v.a. € 934 p/m,Van Poelgeest Noordwijk
BMW iX3,Executive,€ 44.995 v.a. € 398 p/m,2023 52.244 km Automaat Elektrisch,v.a. € 398 p/m,Van Poelgeest Alphen aan den Rijn
BMW iX1,eDrive20 67 kWh M Sport Edition,€ 49.984 v.a. € 441 p/m,2025 1 km Automaat Elektrisch,v.a. € 441 p/m,Van Poelgeest Naarden
BMW 5 Serie Touring,520e Business Edition Plus,€ 35.750 v.a. € 367 p/m,2022 101.932 km Automaat Hybride,v.a. € 367 p/m,Van Poelgeest Naarden - PS Center
BMW X5,xDrive45e High Executive,€ 54.900 v.a. € 564 p/m,2021 136.657 km Automaat Hybride,v.a. € 564 p/m,VP Cars Naarden
MINI Aceman,E Favoured M,€ 41.490 v.a. € 366 p/m,2025 1 km Automaat Elektrisch,v.a. € 366 p/m,Van Poelgeest Amstelveen
BMW X1,xDrive25e,€ 66.905 v.a. € 639 p/m,2025 1 km Automaat Hybride,v.a. € 639 p/m,Van Poelgeest Amersfoort
BMW X3,xDrive20i High Executive,€ 49.900 v.a. € 620 p/m,2021 46.712 km Automaat Benzine,v.a. € 620 p/m,Van Poelgeest Noordwijk
BMW i5 Touring,eDrive40 84 kWh,€ 68.900 v.a. € 608 p/m,2024 8.506 km Automaat Elektrisch,v.a. € 608 p/m,Van Poelgeest Naarden - PS Center
BMW 5 Serie Sedan,530e M Sport Edition,€ 85.825 v.a. € 820 p/m,2025 1 km Automaat Hybride,v.a. € 820 p/m,Van Poelgeest Amsterdam
BMW 2 Serie Coupé,220i,€ 49.900 v.a. € 512 p/m,2024 23.458 km Automaat Benzine,v.a. € 512 p/m,Van Poelgeest Amersfoort
BMW i5 Sedan,eDrive40 M Sport Edition,€ 86.993 v.a. € 769 p/m,2025 1 km Automaat Elektrisch,v.a. € 769 p/m,Van Poelgeest Amstelveen
BMW 2 Serie Active Tourer,225e xDrive,€ 46.900 v.a. € 482 p/m,2024 23.173 km Automaat Hybride,v.a. € 482 p/m,Van Poelgeest Amstelveen
BMW i4,eDrive40 84 kWh,€ 64.900 v.a. € 574 p/m,2025 4.975 km Automaat Elektrisch,v.a. € 574 p/m,Van Poelgeest Naarden - PS Center
BMW 5 Serie Touring,520i,€ 93.953 v.a. € 964 p/m,2025 1 km Automaat Benzine,v.a. € 964 p/m,Van Poelgeest Woerden
BMW i5 Sedan,eDrive40 M Sport Edition 84 kWh,€ 90.691 v.a. € 801 p/m,2025 500 km Automaat Elektrisch,v.a. € 801 p/m,Van Poelgeest Naarden - PS Center
BMW 5 Serie Sedan,530e Business Edition Plus,€ 44.900 v.a. € 461 p/m,2022 45.249 km Automaat Hybride,v.a. € 461 p/m,Van Poelgeest Amsterdam
BMW X1,sDrive18i,€ 51.900 v.a. € 533 p/m,2025 6.263 km Automaat Benzine,v.a. € 533 p/m,Van Poelgeest Hilversum
BMW M4,CS,€ 217.170 v.a. € 1918 p/m,2025 1 km Automaat Benzine,v.a. € 1918 p/m,Van Poelgeest Amstelveen
BMW 5 Serie Sedan,550e xDrive,€ 99.900 v.a. € 1026 p/m,2025 9.999 km Automaat Hybride,v.a. € 1026 p/m,Van Poelgeest Amersfoort
MINI Cooper Cabrio,John Cooper Works JCW Pack,€ 36.995 v.a. € 460 p/m,2022 59.113 km Automaat Benzine,v.a. € 460 p/m,Van Poelgeest Alphen aan den Rijn
BMW X1,xDrive25e,€ 67.900 v.a. € 649 p/m,2025 1 km Automaat Hybride,v.a. € 649 p/m,Van Poelgeest Gouda
BMW 2 Serie Gran Coupé,218i Innovation M Sportpakket Pro Individual,€ 49.895 v.a. € 512 p/m,2025 11.500 km Automaat Benzine,v.a. € 512 p/m,Van Poelgeest Alphen aan den Rijn
BMW X5,xDrive40i High Executive,€ 56.900 v.a. € 707 p/m,2019 107.063 km Automaat Benzine,v.a. € 707 p/m,Van Poelgeest Naarden - PS Center
BMW 2 Serie Gran Coupé,220,€ 51.900 v.a. € 533 p/m,2025 12.999 km Automaat Benzine,v.a. € 533 p/m,Van Poelgeest Amsterdam
MINI Cooper 3-deurs,Cooper Classic,€ 21.895 v.a. € 225 p/m,2021 56.739 km Handgeschakeld Benzine,v.a. € 225 p/m,Van Poelgeest Gouda
BMW iX2,eDrive20 67 kWh,€ 46.900 v.a. € 414 p/m,2024 18.000 km Automaat Elektrisch,v.a. € 414 p/m,Van Poelgeest Amersfoort
BMW 4 Serie Gran Coupé,420i,€ 73.812 v.a. € 758 p/m,2025 1 km Automaat Benzine,v.a. € 758 p/m,Van Poelgeest Gouda
BMW 1 Serie,123 xDrive,€ 61.770 v.a. € 634 p/m,2025 1 km Automaat Benzine,v.a. € 634 p/m,Van Poelgeest Amstelveen
BMW X3,30e xDrive,€ 87.900 v.a. € 902 p/m,2025 2.995 km Automaat Hybride,v.a. € 902 p/m,Van Poelgeest Naarden - PS Center
BMW iX,xDrive40,€ 53.500 v.a. € 473 p/m,2023 61.806 km Automaat Elektrisch,v.a. € 473 p/m,Van Poelgeest Amersfoort
MINI Cooper 3-deurs Electric,Cooper E John Cooper Works Pakket M,€ 31.895 v.a. € 327 p/m,2024 10.730 km Automaat Elektrisch,v.a. € 327 p/m,Van Poelgeest Woerden
BMW 2 Serie Gran Coupé,220,€ 57.906 v.a. € 594 p/m,2025 4.999 km Automaat Benzine,v.a. € 594 p/m,Van Poelgeest Amsterdam
BMW i5 Touring,eDrive40 84 kWh,€ 69.900 v.a. € 617 p/m,2025 18.878 km Automaat Elektrisch,v.a. € 617 p/m,Van Poelgeest Hilversum
BMW iX2,eDrive20 Innovation Pack M Sportpakket,€ 44.895 v.a. € 397 p/m,2024 17.620 km Automaat Elektrisch,v.a. € 397 p/m,Van Poelgeest Gouda
BMW iX1,eDrive20 67 kWh,€ 66.190 v.a. € 584 p/m,2025 6.000 km Automaat Elektrisch,v.a. € 584 p/m,Van Poelgeest Amstelveen
BMW 1 Serie,120 M Sport Design Edition,€ 43.900 v.a. € 450 p/m,2025 7.000 km Automaat Benzine,v.a. € 450 p/m,Van Poelgeest Noordwijk
MINI Cooper 3-deurs,One Classic Uitvoering,€ 20.895 v.a. € 215 p/m,2021 60.659 km Handgeschakeld Benzine,v.a. € 215 p/m,Van Poelgeest Gouda
MINI Cooper 3-deurs,Cooper S Favoured XL,€ 55.905 v.a. € 494 p/m,2025 1 km Automaat Benzine,v.a. € 494 p/m,Van Poelgeest Heemstede
BMW i7,eDrive50,€ 145.937 v.a. € 1289 p/m,2025 1 km Automaat Elektrisch,v.a. € 1289 p/m,Van Poelgeest Amstelveen
BMW 4 Serie Cabrio,420i,€ 84.900 v.a. € 872 p/m,2025 9.106 km Automaat Benzine,v.a. € 872 p/m,Van Poelgeest Amersfoort
BMW 2 Serie Active Tourer,225e xDrive,€ 57.509 v.a. € 590 p/m,2025 4.111 km Automaat Hybride,v.a. € 590 p/m,Van Poelgeest Amersfoort
MINI Cooper 3-deurs Electric,Classic Premium Plus,€ 25.795 v.a. € 264 p/m,2023 28.155 km Automaat Elektrisch,v.a. € 264 p/m,Van Poelgeest Gouda
BMW 4 Serie Gran Coupé,420i M Sportpakket Pro,€ 83.729 v.a. € 860 p/m,2025 5 km Automaat Benzine,v.a. € 860 p/m,Van Poelgeest Gouda
BMW 3 Serie Sedan,318i,€ 69.511 v.a. € 714 p/m,2025 4.999 km Automaat Benzine,v.a. € 714 p/m,Van Poelgeest Amsterdam
BMW X5,xDrive45e,€ 64.900 v.a. € 806 p/m,2022 81.946 km Automaat Hybride,v.a. € 806 p/m,Van Poelgeest Amersfoort
BMW X7,xDrive40i,€ 195.311 v.a. € 2005 p/m,2025 1 km Automaat Benzine,v.a. € 2005 p/m,Van Poelgeest Heemstede
BMW 5 Serie Sedan,530e,€ 87.900 v.a. € 902 p/m,2025 4.999 km Automaat Hybride,v.a. € 902 p/m,Van Poelgeest Amsterdam
BMW 1 Serie,120 M Sport Design Edition,€ 46.066 v.a. € 473 p/m,2025 4.001 km Automaat Benzine,v.a. € 473 p/m,Van Poelgeest Heemstede
BMW iX1,eDrive20,€ 65.268 v.a. € 577 p/m,2025 4.999 km Automaat Elektrisch,v.a. € 577 p/m,Van Poelgeest Amsterdam
BMW iX2,eDrive20 M-Sport Pro Innovation Pack,€ 46.900 v.a. € 414 p/m,2024 13.928 km Automaat Elektrisch,v.a. € 414 p/m,Van Poelgeest Heemstede
BMW M3 Touring,CS,€ 213.329 v.a. € 1884 p/m,2025 1 km Automaat Benzine,v.a. € 1884 p/m,Van Poelgeest Alphen aan den Rijn
BMW 4 Serie Coupé,420i,€ 63.900 v.a. € 656 p/m,2024 17.028 km Automaat Benzine,v.a. € 656 p/m,Van Poelgeest Amsterdam
BMW 2 Serie Gran Coupé,220,€ 61.549 v.a. € 632 p/m,2025 4.999 km Automaat Benzine,v.a. € 632 p/m,Van Poelgeest Amsterdam
MINI Cooper 3-deurs,C,€ 46.837 v.a. € 414 p/m,2025 15 km Automaat Benzine,v.a. € 414 p/m,Van Poelgeest Amsterdam
BMW 5 Serie Sedan,550e xDrive M-Sport,€ 86.900 v.a. € 893 p/m,2024 20.724 km Automaat Hybride,v.a. € 893 p/m,Van Poelgeest Hilversum
BMW 3 Serie Sedan,330e,€ 69.470 v.a. € 664 p/m,2025 1 km Automaat Hybride,v.a. € 664 p/m,Van Poelgeest Noordwijk
BMW 3 Serie Sedan,330e xDrive High Executive Model M Sport,€ 39.995 v.a. € 497 p/m,2022 32.955 km Automaat Hybride,v.a. € 497 p/m,Van Poelgeest Gouda
BMW 1 Serie,123 xDrive,€ 61.896 v.a. € 636 p/m,2025 1 km Automaat Benzine,v.a. € 636 p/m,Van Poelgeest Amsterdam
BMW 2 Serie Active Tourer,225e xDrive,€ 45.900 v.a. € 471 p/m,2024 16.649 km Automaat Hybride,v.a. € 471 p/m,Van Poelgeest Amsterdam
MINI Countryman,Cooper White Silver Edition,€ 26.900 v.a. € 334 p/m,2020 77.033 km Automaat Benzine,v.a. € 334 p/m,Van Poelgeest Hilversum
BMW iX1,eDrive20 67 kWh M Sport Edition,€ 49.984 v.a. € 441 p/m,2025 1 km Automaat Elektrisch,v.a. € 441 p/m,Van Poelgeest Woerden
BMW 5 Serie Touring,520i,€ 84.056 v.a. € 863 p/m,2025 1 km Automaat Benzine,v.a. € 863 p/m,Van Poelgeest Naarden
BMW i3,S Executive Edition 120Ah 42 kWh,€ 19.400 v.a. € 171 p/m,2019 49.493 km Automaat Elektrisch,v.a. € 171 p/m,Van Poelgeest Noordwijk
BMW 3 Serie Sedan,320i l M-Sport,€ 44.900 v.a. € 558 p/m,2023 39.493 km Automaat Benzine,v.a. € 558 p/m,Van Poelgeest Amsterdam
BMW i3,120Ah 42 kWh,€ 19.900 v.a. € 176 p/m,2020 76.397 km Automaat Elektrisch,v.a. € 176 p/m,Van Poelgeest Amsterdam
BMW 1 Serie,120 Premium Pack M Sportpakket Pro,€ 44.895 v.a. € 461 p/m,2025 11.000 km Automaat Benzine,v.a. € 461 p/m,Van Poelgeest Gouda
BMW 4 Serie Coupé,420i High Executive,€ 51.899 v.a. € 533 p/m,2024 16.386 km Automaat Benzine,v.a. € 533 p/m,Van Poelgeest Amsterdam
BMW iX1,eDrive20 67 kWh M Sport Edition,€ 66.482 v.a. € 588 p/m,2025 4.111 km Automaat Elektrisch,v.a. € 588 p/m,Van Poelgeest Amersfoort
MINI Cooper 3-deurs Electric,Charged,,2020 39.868 km Automaat Elektrisch,,Van Poelgeest Woerden
MINI Cooper 3-deurs Electric,Classic,€ 21.795 v.a. € 224 p/m,2021 7.970 km Automaat Elektrisch,v.a. € 224 p/m,Van Poelgeest Gouda
BMW iX1,eDrive20,€ 63.086 v.a. € 557 p/m,2025 4.111 km Automaat Elektrisch,v.a. € 557 p/m,Van Poelgeest Amersfoort
BMW 5 Serie Touring,530e Business Edition Plus,€ 48.500 v.a. € 498 p/m,2023 52.642 km Automaat Hybride,v.a. € 498 p/m,Van Poelgeest Amstelveen
BMW 5 Serie Sedan,530e M-Sport,€ 47.900 v.a. € 492 p/m,2023 52.592 km Automaat Hybride,v.a. € 492 p/m,Van Poelgeest Amstelveen
BMW iX2,eDrive20 M Sport Edition,€ 62.109 v.a. € 549 p/m,2025 0 km Automaat Elektrisch,v.a. € 549 p/m,Van Poelgeest Gouda
BMW 5 Serie Touring,530e xDrive M-Sport,€ 48.900 v.a. € 607 p/m,2023 54.474 km Automaat Hybride,v.a. € 607 p/m,Van Poelgeest Hilversum
BMW iX1,eDrive20 67 kWh,€ 51.900 v.a. € 459 p/m,2025 6.999 km Automaat Elektrisch,v.a. € 459 p/m,Van Poelgeest Amsterdam
BMW X1,xDrive25e,€ 65.836 v.a. € 629 p/m,2025 1 km Automaat Hybride,v.a. € 629 p/m,Van Poelgeest Gouda
BMW 2 Serie Gran Coupé,220 Premium Pack M Sportpakket,€ 48.895 v.a. € 502 p/m,2025 10.500 km Automaat Benzine,v.a. € 502 p/m,Van Poelgeest Gouda
BMW 5 Serie Touring,530e Business Edition Plus l M-Sport,€ 49.900 v.a. € 620 p/m,2023 50.438 km Automaat Hybride,v.a. € 620 p/m,Van Poelgeest Amsterdam
BMW 1 Serie,5-deurs 118i M Sportpakket Pro,€ 37.895 v.a. € 389 p/m,2024 18.671 km Automaat Benzine,v.a. € 389 p/m,Van Poelgeest Woerden
BMW iX1,eDrive20 Premium Travel Pack,€ 39.900 v.a. € 352 p/m,2025 7.950 km Automaat Elektrisch,v.a. € 352 p/m,Van Poelgeest Heemstede
BMW iX,xDrive60,€ 126.422 v.a. € 1117 p/m,2025 1 km Automaat Elektrisch,v.a. € 1117 p/m,Van Poelgeest Hilversum
BMW iX2,eDrive20 M Sport Edition Premium Pack,€ 59.965 v.a. € 530 p/m,2025 8.500 km Automaat Elektrisch,v.a. € 530 p/m,Van Poelgeest Woerden
BMW X2,sDrive20i,€ 70.238 v.a. € 721 p/m,2025 1 km Automaat Benzine,v.a. € 721 p/m,Van Poelgeest Amsterdam
BMW 2 Serie Gran Coupé,220,€ 59.213 v.a. € 608 p/m,2025 4.999 km Automaat Benzine,v.a. € 608 p/m,Van Poelgeest Amsterdam
BMW i4,eDrive35,€ 57.900 v.a. € 512 p/m,2025 8.999 km Automaat Elektrisch,v.a. € 512 p/m,Van Poelgeest Amsterdam
MINI Cooper 5-deurs,C,€ 49.665 v.a. € 510 p/m,2025 100 km Automaat Benzine,v.a. € 510 p/m,Van Poelgeest Amsterdam
BMW iX1,eDrive20 67 kWh,€ 63.900 v.a. € 564 p/m,2025 4.000 km Automaat Elektrisch,v.a. € 564 p/m,Van Poelgeest Naarden - PS Center
BMW 5 Serie Touring,530e Business Edition Plus,€ 38.900 v.a. € 399 p/m,2021 133.600 km Automaat Hybride,v.a. € 399 p/m,Van Poelgeest Naarden - PS Center
BMW X7,xDrive40i,€ 192.666 v.a. € 1978 p/m,2025 1 km Automaat Benzine,v.a. € 1978 p/m,Van Poelgeest Naarden
BMW 2 Serie Gran Coupé,220,€ 57.365 v.a. € 589 p/m,2025 1 km Automaat Benzine,v.a. € 589 p/m,Van Poelgeest Hilversum
BMW M4,CS,€ 217.170 v.a. € 1918 p/m,2025 1 km Automaat Benzine,v.a. € 1918 p/m,Van Poelgeest Amersfoort
BMW 3 Serie Touring,330e,€ 59.900 v.a. € 615 p/m,2025 14.999 km Automaat Hybride,v.a. € 615 p/m,Van Poelgeest Amersfoort
BMW i5 Touring,eDrive40 M Sport Edition 84 kWh,€ 89.900 v.a. € 794 p/m,2025 4.000 km Automaat Elektrisch,v.a. € 794 p/m,Van Poelgeest Naarden - PS Center
BMW iX1,eDrive20 67 kWh M Sport Edition,€ 49.984 v.a. € 441 p/m,2025 1 km Automaat Elektrisch,v.a. € 441 p/m,Van Poelgeest Gouda
BMW 3 Serie Sedan,330e,€ 70.170 v.a. € 670 p/m,2025 1 km Automaat Hybride,v.a. € 670 p/m,Van Poelgeest Amsterdam
BMW i5 Sedan,eDrive40 M Sport Edition,€ 96.217 v.a. € 850 p/m,2025 1 km Automaat Elektrisch,v.a. € 850 p/m,Van Poelgeest Amstelveen
MINI Cooper 3-deurs Electric,Electric,€ 20.900 v.a. € 215 p/m,2021 49.123 km Automaat Elektrisch,v.a. € 215 p/m,Van Poelgeest Amsterdam
BMW X1,sDrive20i,€ 51.900 v.a. € 533 p/m,2025 24.880 km Automaat Benzine,v.a. € 533 p/m,Van Poelgeest Amersfoort
BMW M3 Touring,CS,€ 219.900 v.a. € 1942 p/m,2025 1 km Automaat Benzine,v.a. € 1942 p/m,Van Poelgeest Amersfoort
BMW X6,M60i xDrive M-Sport Innovation,€ 154.900 v.a. € 1590 p/m,2024 8.664 km Automaat Benzine,v.a. € 1590 p/m,Van Poelgeest Heemstede
BMW 2 Serie Gran Coupé,220,€ 47.900 v.a. € 492 p/m,2025 15.000 km Automaat Benzine,v.a. € 492 p/m,Van Poelgeest Amstelveen
BMW i5 Sedan,eDrive40,€ 65.900 v.a. € 582 p/m,2025 9.999 km Automaat Elektrisch,v.a. € 582 p/m,Van Poelgeest Amersfoort
MINI Cooper 3-deurs,S,€ 39.900 v.a. € 496 p/m,2024 4.149 km Automaat Benzine,v.a. € 496 p/m,Van Poelgeest Amsterdam
BMW 4 Serie Gran Coupé,420i High Executive M Sportpakket,€ 76.935 v.a. € 790 p/m,2025 10.000 km Automaat Benzine,v.a. € 790 p/m,Van Poelgeest Alphen aan den Rijn
BMW 3 Serie Touring,330e xDrive Innovation Pack M Sportpakket,€ 48.795 v.a. € 501 p/m,2024 24.006 km Automaat Hybride,v.a. € 501 p/m,Van Poelgeest Woerden
BMW X2,sDrive20i,€ 70.295 v.a. € 721 p/m,2025 1 km Automaat Benzine,v.a. € 721 p/m,Van Poelgeest Heemstede
BMW iX,xDrive50 Business Edition Plus Sportpakket,€ 76.950 v.a. € 679 p/m,2024 32.468 km Automaat Elektrisch,v.a. € 679 p/m,Van Poelgeest Woerden
BMW iX2,eDrive20,€ 60.851 v.a. € 537 p/m,2025 4.999 km Automaat Elektrisch,v.a. € 537 p/m,Van Poelgeest Amsterdam
BMW 1 Serie,120,€ 55.209 v.a. € 567 p/m,2025 4.999 km Automaat Benzine,v.a. € 567 p/m,Van Poelgeest Amsterdam
BMW 2 Serie Active Tourer,225e xDrive,€ 58.110 v.a. € 597 p/m,2025 500 km Automaat Hybride,v.a. € 597 p/m,Van Poelgeest Amstelveen
BMW 3 Serie Touring,330e Innovation Pack M Sportpakket Pro,€ 51.895 v.a. € 533 p/m,2024 24.031 km Automaat Hybride,v.a. € 533 p/m,Van Poelgeest Gouda
BMW iX1,eDrive20 67 kWh M Sport Edition,€ 49.984 v.a. € 441 p/m,2025 1 km Automaat Elektrisch,v.a. € 441 p/m,Van Poelgeest Amsterdam
MINI Countryman,Cooper SE ALL4,€ 25.900 v.a. € 266 p/m,2020 104.113 km Automaat Hybride,v.a. € 266 p/m,Van Poelgeest Amersfoort
BMW i5 Sedan,M60 xDrive,€ 120.879 v.a. € 1068 p/m,2025 1 km Automaat Elektrisch,v.a. € 1068 p/m,Van Poelgeest Naarden
MINI Cooper Cabrio,2.0 Cooper C John Cooper Works M,€ 56.692 v.a. € 582 p/m,2025 500 km Automaat Benzine,v.a. € 582 p/m,Van Poelgeest Amstelveen
BMW 5 Serie Sedan,530e M Sport Edition,€ 86.277 v.a. € 824 p/m,2025 1 km Automaat Hybride,v.a. € 824 p/m,Van Poelgeest Amsterdam
BMW X3,20 xDrive,€ 79.900 v.a. € 821 p/m,2025 16.846 km Automaat Benzine,v.a. € 821 p/m,Van Poelgeest Naarden - PS Center
BMW X1,xDrive30e,€ 61.900 v.a. € 636 p/m,2025 11.344 km Automaat Hybride,v.a. € 636 p/m,Van Poelgeest Naarden - PS Center
BMW 4 Serie Gran Coupé,M440i xDrive,€ 125.445 v.a. € 1288 p/m,2025 1 km Automaat Benzine,v.a. € 1288 p/m,Van Poelgeest Amsterdam
Mini Countryman Electric,E John Cooper Works XL,€ 52.900 v.a. € 553 p/m,2025 1.800 km Automaat Elektrisch,v.a. € 553 p/m,Van Poelgeest Noordwijk
BMW 2 Serie Coupé,220i,€ 69.525 v.a. € 714 p/m,2025 4.999 km Automaat Benzine,v.a. € 714 p/m,Van Poelgeest Amsterdam
MINI Cooper 3-deurs Electric,Electric,€ 24.850 v.a. € 255 p/m,2023 20.487 km Automaat Elektrisch,v.a. € 255 p/m,Van Poelgeest Amsterdam
BMW 7 Serie,750e xDrive M-Sport Executive Drive Pro,€ 119.900 v.a. € 1231 p/m,2025 4.480 km Automaat Hybride,v.a. € 1231 p/m,Van Poelgeest Heemstede
BMW 2 Serie Coupé,220i,€ 71.841 v.a. € 737 p/m,2025 1 km Automaat Benzine,v.a. € 737 p/m,Van Poelgeest Woerden
BMW iX1,eDrive20,€ 57.761 v.a. € 510 p/m,2025 4.999 km Automaat Elektrisch,v.a. € 510 p/m,Van Poelgeest Amsterdam
BMW i5 Sedan,eDrive40 M Sport Edition,€ 86.993 v.a. € 769 p/m,2025 1 km Automaat Elektrisch,v.a. € 769 p/m,Van Poelgeest Naarden
BMW iX1,eDrive20 67 kWh M Sport Edition,€ 49.984 v.a. € 441 p/m,2025 1 km Automaat Elektrisch,v.a. € 441 p/m,Van Poelgeest Heemstede
BMW 5 Serie Touring,530e M Sport Edition,€ 87.387 v.a. € 835 p/m,2025 1 km Automaat Hybride,v.a. € 835 p/m,Van Poelgeest Alphen aan den Rijn
BMW iX1,eDrive20 Innovation Pack M Sportpakket Pro,€ 62.864 v.a. € 555 p/m,2025 11.500 km Automaat Elektrisch,v.a. € 555 p/m,Van Poelgeest Woerden
BMW 2 Serie Active Tourer,225e xDrive,€ 59.705 v.a. € 613 p/m,2025 1.007 km Automaat Hybride,v.a. € 613 p/m,Van Poelgeest Amstelveen
BMW 5 Serie Touring,520i,€ 91.055 v.a. € 935 p/m,2025 1 km Automaat Benzine,v.a. € 935 p/m,Van Poelgeest Heemstede
BMW i5 Sedan,eDrive40 M Sport Edition,€ 86.993 v.a. € 769 p/m,2025 1 km Automaat Elektrisch,v.a. € 769 p/m,Van Poelgeest Amsterdam
BMW 2 Serie Gran Coupé,218i High Executive M Sportpakket,€ 37.900 v.a. € 389 p/m,2024 21.638 km Automaat Benzine,v.a. € 389 p/m,Van Poelgeest Naarden - PS Center
BMW 3 Serie Touring,330e,€ 64.500 v.a. € 662 p/m,2025 8.500 km Automaat Hybride,v.a. € 662 p/m,Van Poelgeest Amstelveen
BMW iX1,eDrive20 67 kWh M Sport Edition,€ 49.984 v.a. € 441 p/m,2025 1 km Automaat Elektrisch,v.a. € 441 p/m,Van Poelgeest Woerden
BMW 4 Serie Gran Coupé,420i,€ 82.177 v.a. € 844 p/m,2025 1 km Automaat Benzine,v.a. € 844 p/m,Van Poelgeest Amsterdam
BMW 2 Serie Gran Coupé,220,€ 45.900 v.a. € 471 p/m,2025 4.999 km Automaat Benzine,v.a. € 471 p/m,Van Poelgeest Amsterdam
MINI Cooper 3-deurs,C John Cooper Works,€ 43.437 v.a. € 383 p/m,2025 15 km Automaat Benzine,v.a. € 383 p/m,Van Poelgeest Amsterdam
BMW iX2,xDrive30 Innovation Pack M Sportpakket,€ 51.895 v.a. € 459 p/m,2024 13.850 km Automaat Elektrisch,v.a. € 459 p/m,Van Poelgeest Gouda
BMW i5 Sedan,eDrive40 M Sport Edition,€ 85.206 v.a. € 753 p/m,2025 7.000 km Automaat Elektrisch,v.a. € 753 p/m,Van Poelgeest Alphen aan den Rijn
BMW iX,xDrive40 Sportpakket,€ 63.995 v.a. € 565 p/m,2024 21.111 km Automaat Elektrisch,v.a. € 565 p/m,Van Poelgeest Alphen aan den Rijn
BMW X1,sDrive20i,€ 47.500 v.a. € 488 p/m,2024 13.860 km Automaat Benzine,v.a. € 488 p/m,Van Poelgeest Amstelveen
BMW 5 Serie Sedan,530e M Sport Edition,€ 89.618 v.a. € 856 p/m,2025 1 km Automaat Hybride,v.a. € 856 p/m,Van Poelgeest Noordwijk
BMW i5 Touring,eDrive40 M Sport Edition,€ 85.707 v.a. € 757 p/m,2025 1 km Automaat Elektrisch,v.a. € 757 p/m,Van Poelgeest Amsterdam
BMW X5,xDrive50e,€ 102.900 v.a. € 1056 p/m,2024 11.054 km Automaat Hybride,v.a. € 1056 p/m,Van Poelgeest Amersfoort
BMW X5,xDrive50e,€ 108.900 v.a. € 1118 p/m,2024 31.061 km Automaat Hybride,v.a. € 1118 p/m,Van Poelgeest Amersfoort
BMW 4 Serie Gran Coupé,420i,€ 76.688 v.a. € 788 p/m,2025 1 km Automaat Benzine,v.a. € 788 p/m,Van Poelgeest Woerden
MINI Aceman,E Favoured L,€ 42.490 v.a. € 375 p/m,2025 1 km Automaat Elektrisch,v.a. € 375 p/m,Van Poelgeest Amstelveen
BMW i5 Sedan,eDrive40 M Sport Pro,€ 71.900 v.a. € 635 p/m,2025 4.630 km Automaat Elektrisch,v.a. € 635 p/m,Van Poelgeest Hilversum
BMW X1,sDrive18i High Executive,€ 31.900 v.a. € 396 p/m,2021 50.398 km Automaat Benzine,v.a. € 396 p/m,Van Poelgeest Amsterdam
BMW 5 Serie Sedan,530e M Sport Edition,€ 85.825 v.a. € 820 p/m,2025 1 km Automaat Hybride,v.a. € 820 p/m,Van Poelgeest Hilversum
BMW M4 Cabrio,xDrive Competition,€ 139.900 v.a. € 1436 p/m,2024 5.102 km Automaat Benzine,v.a. € 1436 p/m,Van Poelgeest Amstelveen
MINI Cooper 3-deurs,S Favoured,€ 55.905 v.a. € 494 p/m,2025 5 km Automaat Benzine,v.a. € 494 p/m,Van Poelgeest Woerden
BMW X5,xDrive50e,€ 114.900 v.a. € 1179 p/m,2025 14.020 km Automaat Hybride,v.a. € 1179 p/m,Van Poelgeest Noordwijk
BMW i3,Dark Shadow Edition 120Ah 42 kWh,€ 18.900 v.a. € 167 p/m,2020 76.265 km Automaat Elektrisch,v.a. € 167 p/m,Van Poelgeest Hilversum
BMW 4 Serie Gran Coupé,420i Business Edition Plus,€ 52.900 v.a. € 543 p/m,2024 38.921 km Automaat Benzine,v.a. € 543 p/m,Van Poelgeest Amstelveen
MINI Aceman,E Essential XS,€ 36.990 v.a. € 326 p/m,2025 1 km Automaat Elektrisch,v.a. € 326 p/m,Van Poelgeest Amstelveen
BMW XM,PHEV 50e,€ 109.995 v.a. € 1129 p/m,2024 22.707 km Automaat Hybride,v.a. € 1129 p/m,Van Poelgeest Alphen aan den Rijn
BMW X3,30e xDrive,€ 84.086 v.a. € 864 p/m,2025 4.999 km Automaat Hybride,v.a. € 864 p/m,Van Poelgeest Amsterdam
BMW iX3,High Executive Shadow Line Pack,,2022 44.795 km Automaat Elektrisch,,Van Poelgeest Woerden
MINI Cooper 3-deurs,Cooper S,€ 39.900 v.a. € 410 p/m,2024 21.770 km Automaat Benzine,v.a. € 410 p/m,Van Poelgeest Amersfoort
BMW iX,xDrive50 High Executive,€ 63.900 v.a. € 683 p/m,2022 46.135 km Automaat Elektrisch,v.a. € 683 p/m,Van Poelgeest Noordwijk
MINI Cooper 3-deurs Electric,Camden Edition,€ 22.900 v.a. € 235 p/m,2023 43.238 km Automaat Elektrisch,v.a. € 235 p/m,Van Poelgeest Heemstede
BMW i4,eDrive35 M Sport Edition,€ 69.641 v.a. € 615 p/m,2025 1 km Automaat Elektrisch,v.a. € 615 p/m,Van Poelgeest Amsterdam
BMW X5,xDrive50e,€ 92.900 v.a. € 954 p/m,2023 37.884 km Automaat Hybride,v.a. € 954 p/m,Van Poelgeest Amersfoort
BMW 3 Serie Touring,M340i xDrive,€ 94.900 v.a. € 974 p/m,2024 19.831 km Automaat Benzine,v.a. € 974 p/m,Van Poelgeest Amstelveen
BMW X1,sDrive20i Business Edition Plus,€ 36.900 v.a. € 379 p/m,2022 65.503 km Automaat Benzine,v.a. € 379 p/m,Van Poelgeest Amstelveen
BMW X3,M50,€ 119.084 v.a. € 1222 p/m,2025 1 km Automaat Benzine,v.a. € 1222 p/m,Van Poelgeest Amsterdam
MINI Countryman Electric,E Classic S,€ 49.457 v.a. € 437 p/m,2025 1 km Automaat Elektrisch,v.a. € 437 p/m,Van Poelgeest Noordwijk
BMW i5 Sedan,eDrive40 M Sport Edition,€ 86.993 v.a. € 769 p/m,2025 1 km Automaat Elektrisch,v.a. € 769 p/m,Van Poelgeest Amsterdam
MINI Countryman,2.0 S ALL4 John Cooper Works XL,€ 72.162 v.a. € 637 p/m,2025 1 km Automaat Benzine,v.a. € 637 p/m,Van Poelgeest Hilversum
BMW i5 Sedan,eDrive40,€ 84.900 v.a. € 750 p/m,2025 4.999 km Automaat Elektrisch,v.a. € 750 p/m,Van Poelgeest Amsterdam
BMW 4 Serie Gran Coupé,420i,€ 83.091 v.a. € 853 p/m,2025 1 km Automaat Benzine,v.a. € 853 p/m,Van Poelgeest Amstelveen
BMW 5 Serie Touring,530e xDrive Business Edition Plus,€ 49.900 v.a. € 512 p/m,2023 37.037 km Automaat Hybride,v.a. € 512 p/m,Van Poelgeest Noordwijk
BMW iX1,eDrive20 Essential Edition 67 kWh,€ 47.328 v.a. € 418 p/m,2025 8.167 km Automaat Elektrisch,v.a. € 418 p/m,Van Poelgeest Amstelveen
BMW iX1,eDrive20,€ 47.328 v.a. € 418 p/m,2025 4.999 km Automaat Elektrisch,v.a. € 418 p/m,Van Poelgeest Amsterdam
MINI Countryman,C John Cooper Works Pakket L,€ 54.995 v.a. € 564 p/m,2025 9.500 km Automaat Benzine,v.a. € 564 p/m,Van Poelgeest Alphen aan den Rijn
BMW X1,xDrive30e Innovation Pack M Sportpakket,€ 52.995 v.a. € 544 p/m,2023 60.187 km Automaat Hybride,v.a. € 544 p/m,Van Poelgeest Alphen aan den Rijn
BMW i7,eDrive50 Innovation Pack M Sportpakket Pro,€ 79.995 v.a. € 707 p/m,2023 50.000 km Automaat Elektrisch,v.a. € 707 p/m,Van Poelgeest Woerden
BMW i3,120Ah 42 kWh,€ 27.900 v.a. € 246 p/m,2022 20.850 km Automaat Elektrisch,v.a. € 246 p/m,Van Poelgeest Amstelveen
BMW 3 Serie Touring,330e xDrive,€ 58.900 v.a. € 605 p/m,2024 11.078 km Automaat Hybride,v.a. € 605 p/m,Van Poelgeest Amersfoort
BMW i5 Sedan,eDrive40 M Sport Edition,€ 91.693 v.a. € 810 p/m,2025 1 km Automaat Elektrisch,v.a. € 810 p/m,Van Poelgeest Naarden
BMW X3,M40i Innovationspakket,€ 54.895 v.a. € 682 p/m,2019 98.613 km Automaat Benzine,v.a. € 682 p/m,Van Poelgeest Gouda
Mini Aceman,E Favoured M 42.5 kWh,€ 35.100 v.a. € 367 p/m,2025 167 km Automaat Elektrisch,v.a. € 367 p/m,Van Poelgeest Amstelveen
BMW 2 Serie Active Tourer,225e xDrive Innovation Pack M Sportpakket,€ 42.995 v.a. € 441 p/m,2024 14.650 km Automaat Hybride,v.a. € 441 p/m,Van Poelgeest Gouda
BMW 3 Serie Sedan,330e eDrive Edition High Executive Model M Sport,€ 33.995 v.a. € 349 p/m,2020 132.750 km Automaat Hybride,v.a. € 349 p/m,Van Poelgeest Woerden
BMW iX1,xDrive30 xLine,€ 47.795 v.a. € 422 p/m,2024 12.500 km Automaat Elektrisch,v.a. € 422 p/m,Van Poelgeest Alphen aan den Rijn
BMW i5 Sedan,eDrive40 M Sport Edition,€ 96.217 v.a. € 850 p/m,2025 1 km Automaat Elektrisch,v.a. € 850 p/m,Van Poelgeest Amersfoort
BMW i5 Sedan,eDrive40 M Sport Edition,€ 97.282 v.a. € 860 p/m,2025 1 km Automaat Elektrisch,v.a. € 860 p/m,Van Poelgeest Alphen aan den Rijn
BMW i5 Touring,eDrive40,€ 98.492 v.a. € 870 p/m,2025 4.999 km Automaat Elektrisch,v.a. € 870 p/m,Van Poelgeest Amsterdam
BMW X5,xDrive50e M-Sport,€ 87.900 v.a. € 902 p/m,2023 22.280 km Automaat Hybride,v.a. € 902 p/m,Van Poelgeest Hilversum
BMW X3,xDrive30e Executive,€ 35.900 v.a. € 369 p/m,2021 102.952 km Automaat Hybride,v.a. € 369 p/m,Van Poelgeest Naarden - PS Center
BMW 5 Serie Touring,520i,€ 92.752 v.a. € 952 p/m,2025 1 km Automaat Benzine,v.a. € 952 p/m,Van Poelgeest Amstelveen
BMW i3,120Ah 42 kWh,€ 17.900 v.a. € 158 p/m,2021 104.788 km Automaat Elektrisch,v.a. € 158 p/m,Van Poelgeest Amersfoort
BMW iX2,eDrive20 M Sport Edition,€ 62.109 v.a. € 549 p/m,2025 1 km Automaat Elektrisch,v.a. € 549 p/m,Van Poelgeest Alphen aan den Rijn
BMW 4 Serie Cabrio,420i,€ 98.208 v.a. € 1008 p/m,2025 4.999 km Automaat Benzine,v.a. € 1008 p/m,Van Poelgeest Amsterdam
BMW 3 Serie Touring,330e,€ 79.459 v.a. € 759 p/m,2025 1 km Automaat Hybride,v.a. € 759 p/m,Van Poelgeest Alphen aan den Rijn
MINI Countryman Electric,SE All4,€ 66.357 v.a. € 681 p/m,2025 5.499 km Automaat Elektrisch,v.a. € 681 p/m,Van Poelgeest Amsterdam
BMW 4 Serie Gran Coupé,M440i xDrive,€ 126.648 v.a. € 1300 p/m,2025 1 km Automaat Benzine,v.a. € 1300 p/m,Van Poelgeest Amstelveen
BMW iX,xDrive50,€ 63.900 v.a. € 564 p/m,2023 22.834 km Automaat Elektrisch,v.a. € 564 p/m,Van Poelgeest Amstelveen
BMW i5 Sedan,eDrive40 M Sport Edition,€ 96.217 v.a. € 850 p/m,2025 1 km Automaat Elektrisch,v.a. € 850 p/m,Van Poelgeest Amersfoort
BMW iX,xDrive60,€ 125.222 v.a. € 1106 p/m,2025 1 km Automaat Elektrisch,v.a. € 1106 p/m,Van Poelgeest Naarden
MINI Countryman,One Business Edition,€ 24.900 v.a. € 255 p/m,2022 105.330 km Handgeschakeld Benzine,v.a. € 255 p/m,Van Poelgeest Naarden - PS Center
BMW iX1,eDrive20,€ 64.446 v.a. € 569 p/m,2025 4.999 km Automaat Elektrisch,v.a. € 569 p/m,Van Poelgeest Amsterdam
BMW 2 Serie Active Tourer,225e xDrive,€ 46.900 v.a. € 482 p/m,2024 12.343 km Automaat Hybride,v.a. € 482 p/m,Van Poelgeest Amsterdam
BMW i5 Touring,eDrive40 M Sport Edition 84 kWh,€ 74.900 v.a. € 662 p/m,2025 7.500 km Automaat Elektrisch,v.a. € 662 p/m,Van Poelgeest Noordwijk
BMW iX1,xDrive30 67 kWh,€ 52.500 v.a. € 464 p/m,2024 6.378 km Automaat Elektrisch,v.a. € 464 p/m,Van Poelgeest Amstelveen
BMW X3,30e xDrive,€ 79.900 v.a. € 821 p/m,2025 8.591 km Automaat Hybride,v.a. € 821 p/m,Van Poelgeest Heemstede
BMW 1 Serie,120 M Sport Design Edition,€ 42.900 v.a. € 440 p/m,2025 7.479 km Automaat Benzine,v.a. € 440 p/m,Van Poelgeest Amstelveen
BMW M4,CS,€ 84.900 v.a. € 1055 p/m,2018 11.351 km Automaat Benzine,v.a. € 1055 p/m,Van Poelgeest Heemstede
BMW 5 Serie Sedan,530e M Sport Edition,€ 85.977 v.a. € 821 p/m,2025 1 km Automaat Hybride,v.a. € 821 p/m,Van Poelgeest Gouda
BMW 1 Serie,120 M Sport Design Edition,€ 45.900 v.a. € 471 p/m,2025 8.600 km Automaat Benzine,v.a. € 471 p/m,Van Poelgeest Noordwijk
BMW 4 Serie Gran Coupé,420i,€ 80.217 v.a. € 824 p/m,2025 1 km Automaat Benzine,v.a. € 824 p/m,Van Poelgeest Amstelveen
MINI Cooper 5-deurs,John Cooper Works M,€ 48.182 v.a. € 426 p/m,2025 1 km Automaat Benzine,v.a. € 426 p/m,Van Poelgeest Amstelveen
BMW 1 Serie,123 xDrive,€ 61.770 v.a. € 634 p/m,2025 1 km Automaat Benzine,v.a. € 634 p/m,Van Poelgeest Hilversum
BMW X1,xDrive25e,€ 64.691 v.a. € 664 p/m,2025 500 km Automaat Hybride,v.a. € 664 p/m,Van Poelgeest Amstelveen
BMW 3 Serie Touring,318i M Sportpakket Pro,€ 52.895 v.a. € 543 p/m,2025 11.000 km Automaat Benzine,v.a. € 543 p/m,Van Poelgeest Gouda
BMW 5 Serie Sedan,545e xDrive,€ 49.900 v.a. € 512 p/m,2022 86.220 km Automaat Hybride,v.a. € 512 p/m,Van Poelgeest Amersfoort
BMW i4,M50 84 kWh,€ 56.900 v.a. € 502 p/m,2023 27.714 km Automaat Elektrisch,v.a. € 502 p/m,Van Poelgeest Amsterdam
BMW i5 Sedan,eDrive40 M Sport Edition 84 kWh,€ 69.900 v.a. € 617 p/m,2025 4.501 km Automaat Elektrisch,v.a. € 617 p/m,Van Poelgeest Heemstede
BMW 4 Serie Cabrio,420i,€ 90.431 v.a. € 928 p/m,2025 1 km Automaat Benzine,v.a. € 928 p/m,Van Poelgeest Amstelveen
BMW iX,xDrive45,€ 107.912 v.a. € 953 p/m,2025 1 km Automaat Elektrisch,v.a. € 953 p/m,Van Poelgeest Amstelveen
BMW 1 Serie,120,€ 53.501 v.a. € 550 p/m,2025 4.999 km Automaat Benzine,v.a. € 550 p/m,Van Poelgeest Amsterdam
BMW 1 Serie,120,€ 42.900 v.a. € 440 p/m,2024 9.999 km Automaat Benzine,v.a. € 440 p/m,Van Poelgeest Amsterdam
BMW M5 Sedan,,€ 159.900 v.a. € 1641 p/m,2025 10.637 km Automaat Hybride,v.a. € 1641 p/m,Van Poelgeest Amsterdam
MINI Aceman,E Classic L 42.5 kWh,€ 46.140 v.a. € 474 p/m,2024 5.250 km Automaat Elektrisch,v.a. € 474 p/m,Van Poelgeest Amstelveen
MINI Cooper 3-deurs,Cooper,€ 29.900 v.a. € 307 p/m,2023 18.241 km Automaat Benzine,v.a. € 307 p/m,Van Poelgeest Amsterdam
BMW 2 Serie Active Tourer,225e xDrive,€ 58.895 v.a. € 563 p/m,2025 1 km Automaat Hybride,v.a. € 563 p/m,Van Poelgeest Noordwijk
BMW i5 Sedan,eDrive40 M Sport Edition,€ 90.848 v.a. € 802 p/m,2025 1 km Automaat Elektrisch,v.a. € 802 p/m,Van Poelgeest Gouda
BMW X3,xDrive20i High Executive Edition,€ 37.500 v.a. € 385 p/m,2019 127.578 km Automaat Benzine,v.a. € 385 p/m,Van Poelgeest Amstelveen
MINI Countryman Electric,E John Cooper Works Pakket L,€ 58.262 v.a. € 598 p/m,2025 9.000 km Automaat Elektrisch,v.a. € 598 p/m,Van Poelgeest Alphen aan den Rijn
MINI Countryman,SE ALL4,€ 32.900 v.a. € 338 p/m,2022 48.702 km Automaat Hybride,v.a. € 338 p/m,Van Poelgeest Amsterdam
BMW 5 Serie Touring,520i,€ 47.900 v.a. € 492 p/m,2022 50.296 km Automaat Benzine,v.a. € 492 p/m,Van Poelgeest Amersfoort
BMW X3,30e xDrive,€ 85.634 v.a. € 818 p/m,2025 1 km Automaat Hybride,v.a. € 818 p/m,Van Poelgeest Gouda
BMW 3 Serie Sedan,330e,€ 69.096 v.a. € 660 p/m,2025 1 km Automaat Hybride,v.a. € 660 p/m,Van Poelgeest Gouda
BMW iX1,eDrive20 67 kWh M Sport Edition,€ 49.984 v.a. € 441 p/m,2025 1 km Automaat Elektrisch,v.a. € 441 p/m,Van Poelgeest Amersfoort
BMW X1,sDrive18i,€ 31.900 v.a. € 327 p/m,2021 48.393 km Automaat Benzine,v.a. € 327 p/m,Van Poelgeest Amersfoort
MINI Countryman,Cooper,€ 39.900 v.a. € 410 p/m,2023 23.076 km Automaat Benzine,v.a. € 410 p/m,Van Poelgeest Amsterdam
BMW iX,xDrive50 Business Edition Plus 112 kWh,€ 44.900 v.a. € 397 p/m,2023 160.513 km Automaat Elektrisch,v.a. € 397 p/m,VP Cars Naarden
BMW 4 Serie Gran Coupé,420i,€ 80.217 v.a. € 824 p/m,2025 1 km Automaat Benzine,v.a. € 824 p/m,Van Poelgeest Hilversum
BMW X3,M50,€ 94.900 v.a. € 974 p/m,2024 5.573 km Automaat Benzine,v.a. € 974 p/m,Van Poelgeest Heemstede
BMW i5 Sedan,eDrive40 M Sport Edition,€ 96.217 v.a. € 850 p/m,2025 1 km Automaat Elektrisch,v.a. € 850 p/m,Van Poelgeest Woerden
BMW 2 Serie Active Tourer,225e xDrive Innovation Pack M Sportpakket,€ 42.995 v.a. € 441 p/m,2024 14.519 km Automaat Hybride,v.a. € 441 p/m,Van Poelgeest Woerden
BMW i5 Sedan,eDrive40 M Sport Edition,€ 65.900 v.a. € 582 p/m,2025 6.000 km Automaat Elektrisch,v.a. € 582 p/m,Van Poelgeest Noordwijk
BMW i4,eDrive40 M-Sport,€ 54.900 v.a. € 485 p/m,2025 5.950 km Automaat Elektrisch,v.a. € 485 p/m,Van Poelgeest Heemstede
BMW iX2,eDrive20 M Sport Edition,€ 63.176 v.a. € 558 p/m,2025 1 km Automaat Elektrisch,v.a. € 558 p/m,Van Poelgeest Noordwijk
MINI Cooper 3-deurs,C,€ 48.310 v.a. € 496 p/m,2025 4.999 km Automaat Benzine,v.a. € 496 p/m,Van Poelgeest Amsterdam
BMW iX,xDrive40 Business Edition Plus 77 kWh,€ 54.900 v.a. € 485 p/m,2023 42.676 km Automaat Elektrisch,v.a. € 485 p/m,Van Poelgeest Naarden - PS Center
BMW X5,xDrive50e,€ 103.900 v.a. € 1067 p/m,2024 15.913 km Automaat Hybride,v.a. € 1067 p/m,Van Poelgeest Amersfoort
BMW 1 Serie,120 M Sport,€ 47.900 v.a. € 492 p/m,2025 11.400 km Automaat Benzine,v.a. € 492 p/m,Van Poelgeest Hilversum
BMW iX3,High Executive Edition Shadow Line Pack,€ 52.895 v.a. € 565 p/m,2024 17.455 km Automaat Elektrisch,v.a. € 565 p/m,Van Poelgeest Alphen aan den Rijn
BMW X3,xDrive30e High Executive,€ 62.900 v.a. € 781 p/m,2024 18.121 km Automaat Hybride,v.a. € 781 p/m,Van Poelgeest Amersfoort
BMW i4,eDrive35 High Executive Model M Sport M 50 Jahre,€ 49.950 v.a. € 534 p/m,2023 15.896 km Automaat Elektrisch,v.a. € 534 p/m,Van Poelgeest Alphen aan den Rijn
BMW iX1,xDrive30,€ 53.900 v.a. € 476 p/m,2024 8.481 km Automaat Elektrisch,v.a. € 476 p/m,Van Poelgeest Amsterdam
BMW 3 Serie Sedan,330e High Executive,€ 30.900 v.a. € 384 p/m,2020 120.091 km Automaat Hybride,v.a. € 384 p/m,Van Poelgeest Hilversum
BMW XM,PHEV 30 kWh,€ 129.900 v.a. € 1614 p/m,2024 14.112 km Automaat Hybride,v.a. € 1614 p/m,Van Poelgeest Amsterdam
BMW 2 Serie Active Tourer,225e xDrive,€ 55.274 v.a. € 528 p/m,2025 1 km Automaat Hybride,v.a. € 528 p/m,Van Poelgeest Hilversum
BMW 5 Serie Sedan,520d xDrive High Executive,€ 29.900 v.a. € 307 p/m,2020 135.304 km Automaat Diesel,v.a. € 307 p/m,Van Poelgeest Naarden - PS Center
BMW iX1,eDrive20 67 kWh M Sport Edition,€ 62.792 v.a. € 555 p/m,2025 1.050 km Automaat Elektrisch,v.a. € 555 p/m,Van Poelgeest Amstelveen
BMW X6,M50i,€ 86.900 v.a. € 893 p/m,2021 90.705 km Automaat Benzine,v.a. € 893 p/m,Van Poelgeest Amersfoort
BMW 3 Serie Touring,330i xDrive M-Sport,€ 56.900 v.a. € 584 p/m,2024 6.386 km Automaat Benzine,v.a. € 584 p/m,Van Poelgeest Hilversum
BMW iX,xDrive40 Business Edition Plus 77 kWh,€ 57.900 v.a. € 512 p/m,2023 20.226 km Automaat Elektrisch,v.a. € 512 p/m,Van Poelgeest Heemstede
BMW i3,120Ah 42 kWh,€ 17.900 v.a. € 158 p/m,2019 38.677 km Automaat Elektrisch,v.a. € 158 p/m,Van Poelgeest Amersfoort
BMW 3 Serie Touring,330e,€ 74.514 v.a. € 765 p/m,2025 4.111 km Automaat Hybride,v.a. € 765 p/m,Van Poelgeest Amersfoort
BMW 2 Serie Coupé,220i Model M Sport High Executive,€ 24.995 v.a. € 311 p/m,2016 34.080 km Handgeschakeld Benzine,v.a. € 311 p/m,Van Poelgeest Alphen aan den Rijn
Mini Cooper 5-deurs,Cooper C Classic M,€ 40.000 v.a. € 418 p/m,2025 26 km Automaat Benzine,v.a. € 418 p/m,Van Poelgeest Amstelveen
MINI Countryman,2.0 Cooper S,€ 26.900 v.a. € 334 p/m,2019 108.676 km Automaat Benzine,v.a. € 334 p/m,Van Poelgeest Hilversum
BMW 5 Serie Sedan,530e M Sport Edition,€ 85.825 v.a. € 820 p/m,2025 1 km Automaat Hybride,v.a. € 820 p/m,Van Poelgeest Noordwijk
BMW i4,eDrive40 M Sport Edition,€ 72.412 v.a. € 640 p/m,2025 1 km Automaat Elektrisch,v.a. € 640 p/m,Van Poelgeest Gouda
BMW 4 Serie Gran Coupé,420i,€ 61.900 v.a. € 636 p/m,2024 4.999 km Automaat Benzine,v.a. € 636 p/m,Van Poelgeest Amsterdam
BMW X1,xDrive30e Innovation Pack M Sportpakket Pro,€ 62.895 v.a. € 645 p/m,2025 8.720 km Automaat Hybride,v.a. € 645 p/m,Van Poelgeest Gouda
BMW 4 Serie Gran Coupé,420i,€ 84.908 v.a. € 872 p/m,2025 1 km Automaat Benzine,v.a. € 872 p/m,Van Poelgeest Amstelveen
BMW i5 Touring,eDrive40 M Sport Edition,€ 97.526 v.a. € 861 p/m,2025 0 km Automaat Elektrisch,v.a. € 861 p/m,Van Poelgeest Amstelveen
MINI Countryman Electric,E,€ 53.132 v.a. € 545 p/m,2025 4.999 km Automaat Elektrisch,v.a. € 545 p/m,Van Poelgeest Amsterdam
BMW 7 Serie,M760e xDrive,€ 138.900 v.a. € 1426 p/m,2024 27.120 km Automaat Hybride,v.a. € 1426 p/m,Van Poelgeest Amstelveen
BMW 3 Serie Touring,318i,€ 54.900 v.a. € 564 p/m,2025 8.548 km Automaat Benzine,v.a. € 564 p/m,Van Poelgeest Amstelveen
BMW i4,eDrive35 M Sport Edition,€ 69.781 v.a. € 617 p/m,2025 1 km Automaat Elektrisch,v.a. € 617 p/m,Van Poelgeest Amersfoort
BMW X1,xDrive23i,€ 59.900 v.a. € 615 p/m,2024 20.622 km Automaat Benzine,v.a. € 615 p/m,Van Poelgeest Amstelveen
BMW 3 Serie Touring,330e xDrive,€ 67.900 v.a. € 698 p/m,2024 25.847 km Automaat Hybride,v.a. € 698 p/m,Van Poelgeest Amersfoort
MINI Cooper 3-deurs,C Favoured,€ 45.818 v.a. € 405 p/m,2025 5 km Automaat Benzine,v.a. € 405 p/m,Van Poelgeest Gouda
BMW 1 Serie,120,€ 49.650 v.a. € 510 p/m,2025 1 km Automaat Benzine,v.a. € 510 p/m,Van Poelgeest Amstelveen
BMW 3 Serie Touring,318i,€ 51.900 v.a. € 645 p/m,2025 5.813 km Automaat Benzine,v.a. € 645 p/m,Van Poelgeest Amersfoort
BMW iX2,eDrive20 M Sport Edition,€ 62.109 v.a. € 549 p/m,2025 1 km Automaat Elektrisch,v.a. € 549 p/m,Van Poelgeest Woerden
BMW 5 Serie Touring,530e M Sport Edition,€ 94.440 v.a. € 902 p/m,2025 1 km Automaat Hybride,v.a. € 902 p/m,Van Poelgeest Amsterdam
BMW i4,eDrive35 M Sport Edition M Sportpakket,€ 54.895 v.a. € 485 p/m,2025 11.500 km Automaat Elektrisch,v.a. € 485 p/m,Van Poelgeest Gouda
BMW iX1,eDrive20,€ 54.900 v.a. € 485 p/m,2025 4.999 km Automaat Elektrisch,v.a. € 485 p/m,Van Poelgeest Amsterdam
BMW X1,sDrive20i High Executive,€ 27.450 v.a. € 341 p/m,2018 58.937 km Automaat Benzine,v.a. € 341 p/m,Van Poelgeest Naarden - PS Center
BMW 2 Serie Gran Coupé,220,€ 61.245 v.a. € 629 p/m,2025 1 km Automaat Benzine,v.a. € 629 p/m,Van Poelgeest Alphen aan den Rijn
BMW 3 Serie Touring,320e Innovation Pack M Sportpakket Individual,€ 71.428 v.a. € 733 p/m,2025 10.000 km Automaat Hybride,v.a. € 733 p/m,Van Poelgeest Woerden
BMW i4,eDrive35 M Sport Edition,€ 74.442 v.a. € 658 p/m,2025 1 km Automaat Elektrisch,v.a. € 658 p/m,Van Poelgeest Amsterdam
BMW 3 Serie Sedan,318i,€ 43.899 v.a. € 450 p/m,2024 11.870 km Automaat Benzine,v.a. € 450 p/m,Van Poelgeest Amsterdam
BMW iX,xDrive45,€ 110.232 v.a. € 974 p/m,2025 1 km Automaat Elektrisch,v.a. € 974 p/m,Van Poelgeest Amersfoort
BMW 2 Serie Gran Coupé,220,€ 58.875 v.a. € 604 p/m,2025 3.503 km Automaat Benzine,v.a. € 604 p/m,Van Poelgeest Amstelveen
BMW i5 Touring,eDrive40,€ 74.900 v.a. € 662 p/m,2025 7.176 km Automaat Elektrisch,v.a. € 662 p/m,Van Poelgeest Amsterdam
BMW X4,xDrive20i,€ 68.900 v.a. € 707 p/m,2024 17.935 km Automaat Benzine,v.a. € 707 p/m,Van Poelgeest Amsterdam
BMW XM,50e,€ 119.900 v.a. € 1231 p/m,2025 7.451 km Automaat Hybride,v.a. € 1231 p/m,Van Poelgeest Hilversum
BMW iX1,eDrive20,€ 38.900 v.a. € 344 p/m,2025 6.750 km Automaat Elektrisch,v.a. € 344 p/m,Van Poelgeest Hilversum
BMW iX,xDrive60,€ 122.290 v.a. € 1080 p/m,2025 1 km Automaat Elektrisch,v.a. € 1080 p/m,Van Poelgeest Noordwijk
BMW X3,xDrive20i High Executive Edition,€ 49.900 v.a. € 620 p/m,2021 37.930 km Automaat Benzine,v.a. € 620 p/m,Van Poelgeest Noordwijk
BMW 4 Serie Gran Coupé,420i,€ 83.636 v.a. € 859 p/m,2025 1 km Automaat Benzine,v.a. € 859 p/m,Van Poelgeest Alphen aan den Rijn
BMW iX1,eDrive20 67 kWh,€ 44.900 v.a. € 397 p/m,2024 24.246 km Automaat Elektrisch,v.a. € 397 p/m,Van Poelgeest Naarden - PS Center
BMW 1 Serie,120,€ 40.900 v.a. € 420 p/m,2024 12.095 km Automaat Benzine,v.a. € 420 p/m,Van Poelgeest Amersfoort
BMW X1,xDrive25e,€ 34.900 v.a. € 359 p/m,2022 27.432 km Automaat Hybride,v.a. € 359 p/m,Van Poelgeest Noordwijk
BMW X3,xDrive30e M Sportpakket,€ 50.795 v.a. € 521 p/m,2022 29.340 km Automaat Hybride,v.a. € 521 p/m,Van Poelgeest Gouda
BMW M3 Touring,xDrive Competition,€ 169.900 v.a. € 1745 p/m,2025 8.135 km Automaat Benzine,v.a. € 1745 p/m,Van Poelgeest Amsterdam
MINI Cooper Cabrio,Cooper Rockingham GT,€ 34.900 v.a. € 359 p/m,2023 22.362 km Automaat Benzine,v.a. € 359 p/m,Van Poelgeest Naarden - PS Center
BMW 2 Serie Gran Coupé,218i,€ 39.900 v.a. € 410 p/m,2024 27.355 km Automaat Benzine,v.a. € 410 p/m,Van Poelgeest Noordwijk
BMW X3,30e xDrive Professional Pack M Sportpakket,€ 79.995 v.a. € 821 p/m,2025 6.148 km Automaat Hybride,v.a. € 821 p/m,Van Poelgeest Gouda
MINI Cooper 3-deurs,1.5 Cooper C Favoured M,€ 45.818 v.a. € 405 p/m,2025 1 km Automaat Benzine,v.a. € 405 p/m,Van Poelgeest Noordwijk
BMW i3s,120Ah 42 kWh,€ 23.900 v.a. € 255 p/m,2020 41.748 km Automaat Elektrisch,v.a. € 255 p/m,Van Poelgeest Naarden - PS Center
BMW X3,30e xDrive Professional Pack M Sportpakket Pro,,2025 2.500 km Automaat Hybride,,Van Poelgeest Gouda
BMW 2 Serie Gran Coupé,218i M Sportpakket Pro,€ 39.895 v.a. € 410 p/m,2024 26.000 km Automaat Benzine,v.a. € 410 p/m,Van Poelgeest Alphen aan den Rijn
BMW i4,xDrive40,€ 61.900 v.a. € 547 p/m,2025 8.951 km Automaat Elektrisch,v.a. € 547 p/m,Van Poelgeest Hilversum
BMW i7,eDrive50,€ 145.137 v.a. € 1282 p/m,2025 1 km Automaat Elektrisch,v.a. € 1282 p/m,Van Poelgeest Amsterdam
BMW 3 Serie Touring,318i,€ 46.899 v.a. € 482 p/m,2024 16.237 km Automaat Benzine,v.a. € 482 p/m,Van Poelgeest Amsterdam
BMW X5,xDrive50e,€ 135.994 v.a. € 1396 p/m,2025 500 km Automaat Hybride,v.a. € 1396 p/m,Van Poelgeest Amstelveen
Mini Cooper 3-deurs Electric,Comfort,€ 21.900 v.a. € 229 p/m,2022 44.402 km Automaat Elektrisch,v.a. € 229 p/m,Van Poelgeest Amstelveen
BMW Z4,sDrive30i,€ 49.900 v.a. € 620 p/m,2020 11.607 km Automaat Benzine,v.a. € 620 p/m,Van Poelgeest Amersfoort
BMW 5 Serie Sedan,530e M Sport Edition,€ 89.618 v.a. € 856 p/m,2025 1 km Automaat Hybride,v.a. € 856 p/m,Van Poelgeest Amstelveen
BMW iX1,eDrive20 67 kWh M Sport Edition,€ 49.984 v.a. € 441 p/m,2025 1 km Automaat Elektrisch,v.a. € 441 p/m,Van Poelgeest Amstelveen
BMW 3 Serie Sedan,320e,€ 63.600 v.a. € 653 p/m,2025 12.560 km Automaat Hybride,v.a. € 653 p/m,Van Poelgeest Amstelveen
BMW 5 Serie Sedan,530e Business Edition Plus,,2022 77.572 km Automaat Hybride,,Van Poelgeest Amsterdam
BMW 5 Serie Sedan,530e M Sport Edition,€ 85.825 v.a. € 820 p/m,2025 1 km Automaat Hybride,v.a. € 820 p/m,Van Poelgeest Hilversum
BMW i5 Sedan,M60 xDrive,€ 120.879 v.a. € 1068 p/m,2025 1 km Automaat Elektrisch,v.a. € 1068 p/m,Van Poelgeest Noordwijk
BMW 3 Serie Sedan,330e,€ 46.900 v.a. € 482 p/m,2024 25.136 km Automaat Hybride,v.a. € 482 p/m,Van Poelgeest Naarden - PS Center
BMW X1,sDrive18i M-Sport Pro Premium Pack,€ 54.900 v.a. € 564 p/m,2024 26.863 km Automaat Benzine,v.a. € 564 p/m,Van Poelgeest Heemstede
BMW 2 Serie Active Tourer,220i,€ 62.347 v.a. € 640 p/m,2025 1 km Automaat Benzine,v.a. € 640 p/m,Van Poelgeest Amstelveen
BMW X5,M50i,€ 94.900 v.a. € 1179 p/m,2022 14.981 km Automaat Benzine,v.a. € 1179 p/m,Van Poelgeest Amersfoort
MINI Aceman,E John Cooper Works Pakket M,€ 38.895 v.a. € 399 p/m,2025 12.000 km Automaat Elektrisch,v.a. € 399 p/m,Van Poelgeest Gouda
BMW 2 Serie Gran Coupé,218i,€ 39.900 v.a. € 410 p/m,2024 28.453 km Automaat Benzine,v.a. € 410 p/m,Van Poelgeest Naarden - PS Center
MINI Cooper 3-deurs Electric,E,€ 29.450 v.a. € 302 p/m,2024 6.634 km Automaat Elektrisch,v.a. € 302 p/m,Van Poelgeest Amsterdam
BMW 3 Serie Sedan,330e,€ 71.850 v.a. € 686 p/m,2025 1 km Automaat Hybride,v.a. € 686 p/m,Van Poelgeest Amersfoort
BMW 3 Serie Sedan,330e,€ 72.384 v.a. € 692 p/m,2025 1 km Automaat Hybride,v.a. € 692 p/m,Van Poelgeest Amsterdam
BMW iX,xDrive60,€ 122.290 v.a. € 1080 p/m,2025 1 km Automaat Elektrisch,v.a. € 1080 p/m,Van Poelgeest Amsterdam
BMW iX1,eDrive20 67 kWh M Sport Edition,€ 49.984 v.a. € 441 p/m,2025 1 km Automaat Elektrisch,v.a. € 441 p/m,Van Poelgeest Heemstede
MINI Countryman,2.0 S ALL4 John Cooper Works S,€ 52.900 v.a. € 543 p/m,2024 19.999 km Automaat Benzine,v.a. € 543 p/m,Van Poelgeest Amersfoort
BMW 1 Serie,120,€ 45.900 v.a. € 471 p/m,2025 14.999 km Automaat Benzine,v.a. € 471 p/m,Van Poelgeest Amersfoort
BMW X7,xDrive40i M Sportpakket Pro xOffroad Pack,€ 133.900 v.a. € 1374 p/m,2024 21.950 km Automaat Benzine,v.a. € 1374 p/m,Van Poelgeest Woerden
BMW iX1,eDrive20,€ 47.900 v.a. € 423 p/m,2024 6.633 km Automaat Elektrisch,v.a. € 423 p/m,Van Poelgeest Amsterdam
BMW 3 Serie Sedan,318i,€ 68.471 v.a. € 703 p/m,2025 4.001 km Automaat Benzine,v.a. € 703 p/m,Van Poelgeest Heemstede
BMW 2 Serie Active Tourer,225e xDrive,€ 45.900 v.a. € 471 p/m,2024 19.972 km Automaat Hybride,v.a. € 471 p/m,Van Poelgeest Naarden - PS Center
BMW X1,xDrive25e,€ 65.836 v.a. € 629 p/m,2025 1 km Automaat Hybride,v.a. € 629 p/m,Van Poelgeest Alphen aan den Rijn
BMW 3 Serie Sedan,330e,€ 69.470 v.a. € 664 p/m,2025 1 km Automaat Hybride,v.a. € 664 p/m,Van Poelgeest Naarden
BMW i4,eDrive40 M-Sport,€ 58.900 v.a. € 521 p/m,2025 4.501 km Automaat Elektrisch,v.a. € 521 p/m,Van Poelgeest Heemstede
BMW i7,eDrive50 Privilege Edition,€ 148.709 v.a. € 1313 p/m,2025 1 km Automaat Elektrisch,v.a. € 1313 p/m,Van Poelgeest Naarden
BMW iX1,eDrive20 67 kWh M Sport Edition,€ 61.900 v.a. € 547 p/m,2025 4.001 km Automaat Elektrisch,v.a. € 547 p/m,Van Poelgeest Heemstede
BMW iX2,xDrive30,€ 72.406 v.a. € 640 p/m,2025 4.111 km Automaat Elektrisch,v.a. € 640 p/m,Van Poelgeest Amersfoort
BMW i5 Sedan,eDrive40,€ 87.631 v.a. € 774 p/m,2025 4.999 km Automaat Elektrisch,v.a. € 774 p/m,Van Poelgeest Amsterdam
BMW X5 M,Competition,€ 199.900 v.a. € 2052 p/m,2024 6.356 km Automaat Benzine,v.a. € 2052 p/m,Van Poelgeest Amsterdam
BMW i5 Sedan,eDrive40 M Sport Edition 84 kWh,€ 97.285 v.a. € 860 p/m,2025 1 km Automaat Elektrisch,v.a. € 860 p/m,Van Poelgeest Noordwijk
BMW 2 Serie Cabrio,218i High Executive l M-Sport,€ 27.900 v.a. € 347 p/m,2017 20.516 km Automaat Benzine,v.a. € 347 p/m,Van Poelgeest Amsterdam
BMW iX1,eDrive20 67 kWh M Sport Edition,€ 49.984 v.a. € 441 p/m,2025 1 km Automaat Elektrisch,v.a. € 441 p/m,Van Poelgeest Gouda
BMW i7,eDrive50 Innovation Pack M Sportpakket Pro,€ 84.995 v.a. € 750 p/m,2024 33.143 km Automaat Elektrisch,v.a. € 750 p/m,Van Poelgeest Woerden
BMW 4 Serie Cabrio,M440i xDrive High Executive,€ 59.900 v.a. € 744 p/m,2021 85.497 km Automaat Benzine,v.a. € 744 p/m,Van Poelgeest Noordwijk
MINI Cooper 3-deurs Electric,E Favoured M 40.7 kWh,€ 32.900 v.a. € 338 p/m,2024 5.831 km Automaat Elektrisch,v.a. € 338 p/m,Van Poelgeest Hilversum
BMW i5 Touring,eDrive40 M Sport Edition,€ 90.578 v.a. € 800 p/m,2025 2.400 km Automaat Elektrisch,v.a. € 800 p/m,Van Poelgeest Amstelveen
BMW i5 Sedan,eDrive40 M Sport Edition,€ 92.796 v.a. € 820 p/m,2025 1 km Automaat Elektrisch,v.a. € 820 p/m,Van Poelgeest Noordwijk
BMW 1 Serie,120i Executive,€ 19.900 v.a. € 247 p/m,2017 97.738 km Automaat Benzine,v.a. € 247 p/m,VP Cars Naarden
BMW 2 Serie Active Tourer,218i,€ 33.900 v.a. € 421 p/m,2022 51.666 km Automaat Benzine,v.a. € 421 p/m,Van Poelgeest Amersfoort
BMW X3,30e xDrive,€ 87.900 v.a. € 902 p/m,2025 6.900 km Automaat Hybride,v.a. € 902 p/m,Van Poelgeest Noordwijk
BMW i5 Sedan,M60 xDrive 84 kWh,€ 76.900 v.a. € 822 p/m,2023 19.503 km Automaat Elektrisch,v.a. € 822 p/m,Van Poelgeest Amsterdam
BMW X5,xDrive50e Launch Edition,€ 103.900 v.a. € 1067 p/m,2024 11.894 km Automaat Hybride,v.a. € 1067 p/m,Van Poelgeest Amstelveen
BMW iX2,eDrive20,€ 49.900 v.a. € 440 p/m,2024 10.252 km Automaat Elektrisch,v.a. € 440 p/m,Van Poelgeest Amsterdam
BMW X5,xDrive50e,€ 88.900 v.a. € 912 p/m,2023 37.691 km Automaat Hybride,v.a. € 912 p/m,Van Poelgeest Noordwijk
BMW iX1,eDrive20 67 kWh M Sport Edition,€ 49.984 v.a. € 441 p/m,2025 1 km Automaat Elektrisch,v.a. € 441 p/m,Van Poelgeest Naarden
BMW Z4 Roadster,sDrive20i,€ 78.949 v.a. € 811 p/m,2025 4.999 km Automaat Benzine,v.a. € 811 p/m,Van Poelgeest Amsterdam
BMW i4,eDrive40 84 kWh,€ 73.347 v.a. € 648 p/m,2025 3.350 km Automaat Elektrisch,v.a. € 648 p/m,Van Poelgeest Amstelveen
BMW i4,M50,€ 91.691 v.a. € 810 p/m,2025 1 km Automaat Elektrisch,v.a. € 810 p/m,Van Poelgeest Amstelveen
BMW X5,xDrive50e,€ 109.899 v.a. € 1128 p/m,2024 19.948 km Automaat Hybride,v.a. € 1128 p/m,Van Poelgeest Amsterdam
BMW i4,eDrive40 Innovation M Sportpakket Pro Individual,€ 79.597 v.a. € 703 p/m,2025 11.000 km Automaat Elektrisch,v.a. € 703 p/m,Van Poelgeest Woerden
BMW i4,eDrive40 M Sport Edition,€ 72.412 v.a. € 640 p/m,2025 1 km Automaat Elektrisch,v.a. € 640 p/m,Van Poelgeest Hilversum
BMW i4,eDrive35 M Sport Edition,€ 70.047 v.a. € 619 p/m,2025 1 km Automaat Elektrisch,v.a. € 619 p/m,Van Poelgeest Naarden
BMW i5 Sedan,M60 xDrive,€ 120.424 v.a. € 1064 p/m,2025 1 km Automaat Elektrisch,v.a. € 1064 p/m,Van Poelgeest Amsterdam
BMW 2 Serie Coupé,220i,€ 70.903 v.a. € 728 p/m,2025 1 km Automaat Benzine,v.a. € 728 p/m,Van Poelgeest Naarden
BMW X5,xDrive50e Launch Edition,€ 89.899 v.a. € 1117 p/m,2023 35.031 km Automaat Hybride,v.a. € 1117 p/m,Van Poelgeest Naarden - PS Center
BMW iX1,xDrive30 Launch Edition 67 kWh,€ 48.900 v.a. € 432 p/m,2023 44.908 km Automaat Elektrisch,v.a. € 432 p/m,Van Poelgeest Amsterdam
BMW 5 Serie Sedan,M550i xDrive Innovationspakket,€ 61.895 v.a. € 769 p/m,2021 90.873 km Automaat Benzine,v.a. € 769 p/m,Van Poelgeest Gouda
MINI Cooper Cabrio,C Classic M,€ 53.174 v.a. € 469 p/m,2025 1 km Automaat Benzine,v.a. € 469 p/m,Van Poelgeest Noordwijk
BMW 2 Serie Gran Coupé,220 Innovation Pack M Sportpakket Pro Individual,€ 62.894 v.a. € 645 p/m,2025 7.000 km Automaat Benzine,v.a. € 645 p/m,Van Poelgeest Gouda
BMW X1,sDrive20i High Executive,€ 29.900 v.a. € 371 p/m,2019 68.888 km Automaat Benzine,v.a. € 371 p/m,Van Poelgeest Noordwijk
BMW i5 Sedan,eDrive40 M Sport Edition,€ 86.993 v.a. € 769 p/m,2025 1 km Automaat Elektrisch,v.a. € 769 p/m,Van Poelgeest Heemstede
BMW X4,xDrive30i High Executive,€ 61.900 v.a. € 636 p/m,2022 55.693 km Automaat Benzine,v.a. € 636 p/m,Van Poelgeest Amstelveen
BMW X3,30e xDrive,€ 81.434 v.a. € 778 p/m,2025 1 km Automaat Hybride,v.a. € 778 p/m,Van Poelgeest Amsterdam
BMW 3 Serie Touring,320e M Sportpakket,€ 49.895 v.a. € 512 p/m,2024 19.998 km Automaat Hybride,v.a. € 512 p/m,Van Poelgeest Woerden
BMW 3 Serie Touring,320i Executive Edition Model Sport Line,,2021 95.596 km Automaat Benzine,,Van Poelgeest Woerden
BMW 5 Serie Sedan,530e M Sport Edition,€ 85.825 v.a. € 820 p/m,2025 1 km Automaat Hybride,v.a. € 820 p/m,Van Poelgeest Heemstede
BMW 1 Serie,120,€ 58.755 v.a. € 603 p/m,2025 1 km Automaat Benzine,v.a. € 603 p/m,Van Poelgeest Naarden
BMW 3 Serie Touring,318i M Sportpakket Pro,€ 52.895 v.a. € 543 p/m,2025 11.000 km Automaat Benzine,v.a. € 543 p/m,Van Poelgeest Gouda
BMW X5 M,Competition,€ 124.900 v.a. € 1283 p/m,2022 49.526 km Automaat Benzine,v.a. € 1283 p/m,Van Poelgeest Amsterdam
BMW i7,xDrive60 Privilege Edition,€ 193.761 v.a. € 1712 p/m,2025 1 km Automaat Elektrisch,v.a. € 1712 p/m,Van Poelgeest Woerden
BMW X1,sDrive20i High Executive Orange Edition xLine,€ 32.895 v.a. € 409 p/m,2020 71.052 km Automaat Benzine,v.a. € 409 p/m,Van Poelgeest Alphen aan den Rijn
BMW 1 Serie,120,€ 41.900 v.a. € 431 p/m,2024 5.802 km Automaat Benzine,v.a. € 431 p/m,Van Poelgeest Amsterdam
BMW iX3,Executive,€ 71.000 v.a. € 627 p/m,2025 4.001 km Automaat Elektrisch,v.a. € 627 p/m,Van Poelgeest Heemstede
BMW iX2,eDrive20,€ 49.900 v.a. € 440 p/m,2025 4.000 km Automaat Elektrisch,v.a. € 440 p/m,Van Poelgeest Noordwijk
BMW 2 Serie Active Tourer,225e xDrive Innovation Pack M Sportpakket,€ 42.995 v.a. € 441 p/m,2024 14.649 km Automaat Hybride,v.a. € 441 p/m,Van Poelgeest Alphen aan den Rijn
BMW 5 Serie Sedan,530e M Sport Edition,€ 87.106 v.a. € 832 p/m,2025 1 km Automaat Hybride,v.a. € 832 p/m,Van Poelgeest Naarden
BMW 3 Serie Sedan,320i,€ 69.683 v.a. € 716 p/m,2025 4.999 km Automaat Benzine,v.a. € 716 p/m,Van Poelgeest Amsterdam
BMW 3 Serie Touring,330e,€ 51.900 v.a. € 533 p/m,2025 6.999 km Automaat Hybride,v.a. € 533 p/m,Van Poelgeest Amsterdam
BMW iX3,High Executive,€ 36.900 v.a. € 394 p/m,2021 79.363 km Automaat Elektrisch,v.a. € 394 p/m,Van Poelgeest Hilversum
BMW 5 Serie Sedan,550e xDrive,€ 90.900 v.a. € 933 p/m,2025 18.514 km Automaat Hybride,v.a. € 933 p/m,Van Poelgeest Noordwijk
BMW 5 Serie Touring,530e Business Edition Plus M Sportpakket,€ 48.895 v.a. € 502 p/m,2023 60.884 km Automaat Hybride,v.a. € 502 p/m,Van Poelgeest Gouda
BMW XM,PHEV 50e,€ 147.837 v.a. € 1306 p/m,2025 1 km Automaat Hybride,v.a. € 1306 p/m,Van Poelgeest Amsterdam
BMW 4 Serie Gran Coupé,M440i xDrive,€ 122.714 v.a. € 1260 p/m,2025 1 km Automaat Benzine,v.a. € 1260 p/m,Van Poelgeest Amstelveen
BMW iX3,High Executive 80 kWh,€ 57.900 v.a. € 512 p/m,2024 8.235 km Automaat Elektrisch,v.a. € 512 p/m,Van Poelgeest Amstelveen
BMW i4,eDrive35 M Sport Edition,€ 69.781 v.a. € 617 p/m,2025 1 km Automaat Elektrisch,v.a. € 617 p/m,Van Poelgeest Alphen aan den Rijn
BMW iX1,xDrive30 M-Sport Premium Pack,€ 45.900 v.a. € 406 p/m,2024 7.535 km Automaat Elektrisch,v.a. € 406 p/m,Van Poelgeest Heemstede
BMW i5 Touring,eDrive40 M Sport Edition,€ 97.534 v.a. € 861 p/m,2025 1 km Automaat Elektrisch,v.a. € 861 p/m,Van Poelgeest Amstelveen
BMW X3,xDrive30i Business Edition Plus High Executive,€ 59.495 v.a. € 611 p/m,2022 64.270 km Automaat Benzine,v.a. € 611 p/m,Van Poelgeest Alphen aan den Rijn
BMW 3 Serie Sedan,320e,€ 44.900 v.a. € 461 p/m,2024 19.531 km Automaat Hybride,v.a. € 461 p/m,Van Poelgeest Amstelveen
BMW 3 Serie Touring,330e,€ 75.671 v.a. € 723 p/m,2025 1 km Automaat Hybride,v.a. € 723 p/m,Van Poelgeest Amstelveen
BMW X4,xDrive20i l M-Sport,€ 65.900 v.a. € 677 p/m,2024 11.556 km Automaat Benzine,v.a. € 677 p/m,Van Poelgeest Amsterdam
BMW 2 Serie Gran Coupé,220,€ 56.794 v.a. € 583 p/m,2025 1 km Automaat Benzine,v.a. € 583 p/m,Van Poelgeest Heemstede
BMW 5 Serie Sedan,520d xDrive,€ 59.900 v.a. € 744 p/m,2024 30.755 km Automaat Diesel,v.a. € 744 p/m,Van Poelgeest Naarden - PS Center
BMW 4 Serie Gran Coupé,420i,€ 80.918 v.a. € 831 p/m,2025 1 km Automaat Benzine,v.a. € 831 p/m,Van Poelgeest Heemstede
BMW iX,xDrive60,€ 135.583 v.a. € 1198 p/m,2025 4.999 km Automaat Elektrisch,v.a. € 1198 p/m,Van Poelgeest Amsterdam
BMW i4,M50 M-Sport Pro Innovation,€ 69.900 v.a. € 617 p/m,2025 4.501 km Automaat Elektrisch,v.a. € 617 p/m,Van Poelgeest Heemstede
BMW iX1,eDrive20 67 kWh M Sport Edition,€ 49.984 v.a. € 441 p/m,2025 1 km Automaat Elektrisch,v.a. € 441 p/m,Van Poelgeest Noordwijk
BMW 4 Serie Gran Coupé,420i High Executive Edition,€ 33.900 v.a. € 421 p/m,2021 89.838 km Automaat Benzine,v.a. € 421 p/m,Van Poelgeest Noordwijk
BMW 5 Serie Touring,530e,€ 75.900 v.a. € 779 p/m,2024 11.095 km Automaat Hybride,v.a. € 779 p/m,Van Poelgeest Amsterdam
BMW X1,sDrive20i,€ 54.900 v.a. € 564 p/m,2024 11.470 km Automaat Benzine,v.a. € 564 p/m,Van Poelgeest Amstelveen
BMW X1,xDrive30e,€ 59.900 v.a. € 615 p/m,2024 9.018 km Automaat Hybride,v.a. € 615 p/m,Van Poelgeest Amstelveen
BMW 2 Serie Active Tourer,218i Luxury Line Innovation,€ 42.900 v.a. € 440 p/m,2024 7.823 km Automaat Benzine,v.a. € 440 p/m,Van Poelgeest Heemstede
BMW 5 Serie Sedan,530e M Sport Edition,€ 72.900 v.a. € 906 p/m,2025 1.772 km Automaat Hybride,v.a. € 906 p/m,Van Poelgeest Heemstede
BMW i5 Sedan,eDrive40 M Sport Edition,€ 91.147 v.a. € 805 p/m,2025 1 km Automaat Elektrisch,v.a. € 805 p/m,Van Poelgeest Amsterdam
BMW 4 Serie Gran Coupé,430i xDrive,€ 100.490 v.a. € 1031 p/m,2025 1 km Automaat Benzine,v.a. € 1031 p/m,Van Poelgeest Amsterdam
BMW 4 Serie Gran Coupé,420i,€ 80.217 v.a. € 824 p/m,2025 1 km Automaat Benzine,v.a. € 824 p/m,Van Poelgeest Noordwijk
BMW 3 Serie Touring,330e Innovation Pack M Sportpakket Pro,€ 73.564 v.a. € 755 p/m,2025 6.000 km Automaat Hybride,v.a. € 755 p/m,Van Poelgeest Woerden
BMW X1,xDrive25e,€ 65.836 v.a. € 629 p/m,2025 1 km Automaat Hybride,v.a. € 629 p/m,Van Poelgeest Amersfoort
BMW i5 Sedan,eDrive40 M Sport Edition,€ 88.203 v.a. € 779 p/m,2025 1 km Automaat Elektrisch,v.a. € 779 p/m,Van Poelgeest Amstelveen
BMW 2 Serie Active Tourer,220i,€ 62.347 v.a. € 640 p/m,2025 1 km Automaat Benzine,v.a. € 640 p/m,Van Poelgeest Alphen aan den Rijn
BMW 3 Serie Touring,320d xDrive,€ 64.900 v.a. € 666 p/m,2024 12.588 km Automaat Diesel,v.a. € 666 p/m,Van Poelgeest Amersfoort
BMW 5 Serie Touring,530e M Sport Edition,€ 87.387 v.a. € 835 p/m,2025 1 km Automaat Hybride,v.a. € 835 p/m,Van Poelgeest Amsterdam
BMW 2 Serie Active Tourer,220i M Sportpakket,€ 38.900 v.a. € 399 p/m,2023 22.828 km Automaat Benzine,v.a. € 399 p/m,Van Poelgeest Naarden - PS Center
BMW iX1,eDrive20 67 kWh,€ 49.500 v.a. € 437 p/m,2025 8.250 km Automaat Elektrisch,v.a. € 437 p/m,Van Poelgeest Noordwijk
BMW iX,xDrive45,€ 107.912 v.a. € 953 p/m,2025 1 km Automaat Elektrisch,v.a. € 953 p/m,Van Poelgeest Amsterdam
MINI Countryman,1.5 C Classic M Plus,€ 56.614 v.a. € 500 p/m,2025 1 km Automaat Benzine,v.a. € 500 p/m,Van Poelgeest Amsterdam
BMW 2 Serie Active Tourer,218i,€ 43.500 v.a. € 446 p/m,2024 36.402 km Automaat Benzine,v.a. € 446 p/m,Van Poelgeest Amstelveen
BMW 5 Serie Touring,530e xDrive Innovation Pack M Sportpakket,€ 68.995 v.a. € 708 p/m,2024 5.300 km Automaat Hybride,v.a. € 708 p/m,Van Poelgeest Gouda
BMW 4 Serie Gran Coupé,420i,€ 81.039 v.a. € 832 p/m,2025 1 km Automaat Benzine,v.a. € 832 p/m,Van Poelgeest Naarden
BMW i4,eDrive35 M Sport Edition 70 kWh,€ 57.900 v.a. € 512 p/m,2025 6.000 km Automaat Elektrisch,v.a. € 512 p/m,Van Poelgeest Noordwijk
BMW 5 Serie Sedan,530e M Sport Edition,€ 86.277 v.a. € 824 p/m,2025 1 km Automaat Hybride,v.a. € 824 p/m,Van Poelgeest Woerden
BMW i4,eDrive40 High Executive,€ 79.057 v.a. € 698 p/m,2025 4.369 km Automaat Elektrisch,v.a. € 698 p/m,Van Poelgeest Amstelveen
BMW 4 Serie Cabrio,M440i xDrive Innovationspakket,€ 69.995 v.a. € 870 p/m,2022 39.584 km Automaat Benzine,v.a. € 870 p/m,Van Poelgeest Alphen aan den Rijn
BMW i4,eDrive35 M Sport Edition,€ 72.447 v.a. € 640 p/m,2025 1 km Automaat Elektrisch,v.a. € 640 p/m,Van Poelgeest Amsterdam
MINI Aceman,SE John Cooper Works,€ 41.895 v.a. € 430 p/m,2024 20.000 km Automaat Elektrisch,v.a. € 430 p/m,Van Poelgeest Alphen aan den Rijn
BMW iX1,xDrive30 67 kWh l M-Sport,€ 68.900 v.a. € 608 p/m,2025 8.644 km Automaat Elektrisch,v.a. € 608 p/m,Van Poelgeest Amsterdam
BMW iX3,Executive,€ 54.900 v.a. € 485 p/m,2025 4.954 km Automaat Elektrisch,v.a. € 485 p/m,Van Poelgeest Heemstede
BMW 1 Serie,120,€ 58.352 v.a. € 599 p/m,2025 4.999 km Automaat Benzine,v.a. € 599 p/m,Van Poelgeest Amsterdam
BMW X5,xDrive40i High Executive M Sportpakket,€ 58.995 v.a. € 733 p/m,2020 115.806 km Automaat Benzine,v.a. € 733 p/m,Van Poelgeest Alphen aan den Rijn
BMW XM,PHEV 50e 30 kWh,€ 140.508 v.a. € 1443 p/m,2025 4.850 km Automaat Hybride,v.a. € 1443 p/m,Van Poelgeest Amstelveen
BMW i4,eDrive40 High Executive 84 kWh,€ 42.900 v.a. € 459 p/m,2022 44.871 km Automaat Elektrisch,v.a. € 459 p/m,Van Poelgeest Hilversum
BMW iX3,High Executive,€ 68.900 v.a. € 608 p/m,2025 14.999 km Automaat Elektrisch,v.a. € 608 p/m,Van Poelgeest Amersfoort
BMW 2 Serie Coupé,220i l Harman Kardon l Panoramadak,€ 41.899 v.a. € 521 p/m,2023 66.995 km Automaat Benzine,v.a. € 521 p/m,Van Poelgeest Amsterdam
BMW iX1,xDrive30 67 kWh,€ 47.900 v.a. € 423 p/m,2024 22.165 km Automaat Elektrisch,v.a. € 423 p/m,Van Poelgeest Amstelveen
BMW i5 Touring,eDrive40 M Sport Edition,€ 98.510 v.a. € 870 p/m,2025 1 km Automaat Elektrisch,v.a. € 870 p/m,Van Poelgeest Amsterdam
BMW 2 Serie Gran Coupé,220 M Sport Design Edition,€ 53.131 v.a. € 545 p/m,2025 0 km Automaat Benzine,v.a. € 545 p/m,Van Poelgeest Amsterdam
BMW 5 Serie Touring,540i xDrive High Executive Edition M Sportpakket,,2020 106.500 km Automaat Benzine,,Van Poelgeest Woerden
BMW 5 Serie Touring,530e M Sport Edition,€ 90.179 v.a. € 861 p/m,2025 1 km Automaat Hybride,v.a. € 861 p/m,Van Poelgeest Woerden
BMW X5,xDrive50e,€ 113.900 v.a. € 1169 p/m,2025 14.600 km Automaat Hybride,v.a. € 1169 p/m,Van Poelgeest Heemstede
BMW iX1,eDrive20,€ 38.900 v.a. € 344 p/m,2025 8.741 km Automaat Elektrisch,v.a. € 344 p/m,Van Poelgeest Hilversum
BMW X3,30e xDrive,€ 77.900 v.a. € 800 p/m,2025 7.906 km Automaat Hybride,v.a. € 800 p/m,Van Poelgeest Amsterdam
BMW 2 Serie Gran Coupé,220 M Sport Design Edition,€ 57.795 v.a. € 593 p/m,2025 1 km Automaat Benzine,v.a. € 593 p/m,Van Poelgeest Amersfoort
BMW 4 Serie Gran Coupé,420i High Executive,€ 63.900 v.a. € 656 p/m,2025 7.128 km Automaat Benzine,v.a. € 656 p/m,Van Poelgeest Hilversum
BMW M5 Sedan,M Drive Professional,€ 137.900 v.a. € 1416 p/m,2024 7.704 km Automaat Hybride,v.a. € 1416 p/m,Van Poelgeest Woerden
BMW i5 Sedan,eDrive40 84 kWh,€ 65.900 v.a. € 582 p/m,2025 9.556 km Automaat Elektrisch,v.a. € 582 p/m,Van Poelgeest Naarden - PS Center
MINI Aceman,E Essential XS,€ 37.690 v.a. € 333 p/m,2025 1 km Automaat Elektrisch,v.a. € 333 p/m,Van Poelgeest Amstelveen
BMW 2 Serie Active Tourer,225xe High Executive,€ 23.900 v.a. € 297 p/m,2020 82.181 km Automaat Hybride,v.a. € 297 p/m,Van Poelgeest Hilversum
BMW i4,eDrive35 M Sport Edition,€ 74.442 v.a. € 658 p/m,2025 1 km Automaat Elektrisch,v.a. € 658 p/m,Van Poelgeest Naarden
BMW X5,xDrive50e,€ 118.900 v.a. € 1221 p/m,2025 18.698 km Automaat Hybride,v.a. € 1221 p/m,Van Poelgeest Heemstede
BMW iX,xDrive40 High Executive,€ 48.900 v.a. € 523 p/m,2023 57.602 km Automaat Elektrisch,v.a. € 523 p/m,Van Poelgeest Hilversum
BMW 2 Serie Gran Coupé,220,€ 57.246 v.a. € 588 p/m,2025 1 km Automaat Benzine,v.a. € 588 p/m,Van Poelgeest Amersfoort
BMW 5 Serie Sedan,530e M Sport Edition,€ 87.106 v.a. € 832 p/m,2025 1 km Automaat Hybride,v.a. € 832 p/m,Van Poelgeest Noordwijk
BMW i4,eDrive35 M Sport Edition,€ 70.739 v.a. € 625 p/m,2025 1 km Automaat Elektrisch,v.a. € 625 p/m,Van Poelgeest Amersfoort
BMW iX3,High Executive Shadow Line,,2022 82.000 km Automaat Elektrisch,,Van Poelgeest Alphen aan den Rijn
BMW X3,xDrive30i,€ 74.900 v.a. € 930 p/m,2023 37.182 km Automaat Benzine,v.a. € 930 p/m,Van Poelgeest Amersfoort
BMW 3 Serie Touring,318i,€ 28.900 v.a. € 359 p/m,2021 98.811 km Automaat Benzine,v.a. € 359 p/m,Van Poelgeest Heemstede
BMW 3 Serie Sedan,330e,€ 73.900 v.a. € 759 p/m,2025 5.100 km Automaat Hybride,v.a. € 759 p/m,Van Poelgeest Noordwijk
BMW iX2,eDrive20,€ 62.593 v.a. € 553 p/m,2025 8.500 km Automaat Elektrisch,v.a. € 553 p/m,Van Poelgeest Amstelveen
BMW X2,sDrive20i,€ 54.900 v.a. € 564 p/m,2024 13.282 km Automaat Benzine,v.a. € 564 p/m,Van Poelgeest Amersfoort
BMW 4 Serie Cabrio,420i,€ 90.057 v.a. € 925 p/m,2025 1 km Automaat Benzine,v.a. € 925 p/m,Van Poelgeest Amsterdam
BMW 2 Serie Coupé,220i,€ 71.841 v.a. € 737 p/m,2025 1 km Automaat Benzine,v.a. € 737 p/m,Van Poelgeest Amstelveen
MINI Cooper 3-deurs,One Essential,€ 17.900 v.a. € 183 p/m,2021 73.950 km Handgeschakeld Benzine,v.a. € 183 p/m,Van Poelgeest Amsterdam
Mini Countryman Electric,SE ALL4 John Cooper Works L,€ 49.800 v.a. € 520 p/m,2025 7 km Automaat Elektrisch,v.a. € 520 p/m,Van Poelgeest Amstelveen
MINI Cooper Cabrio,Cooper C John Cooper Works M,€ 49.900 v.a. € 512 p/m,2025 6.325 km Automaat Benzine,v.a. € 512 p/m,Van Poelgeest Naarden - PS Center
BMW 1 Serie,120,€ 39.900 v.a. € 410 p/m,2024 4.999 km Automaat Benzine,v.a. € 410 p/m,Van Poelgeest Amsterdam
BMW X2,sDrive20i Premium Pack M Sportpakket Pro,€ 47.795 v.a. € 491 p/m,2024 37.787 km Automaat Benzine,v.a. € 491 p/m,Van Poelgeest Gouda
BMW 5 Serie Touring,530e xDrive M-Sport,€ 49.900 v.a. € 512 p/m,2023 33.600 km Automaat Hybride,v.a. € 512 p/m,Van Poelgeest Hilversum
BMW iX2,xDrive30 67 kWh,€ 73.900 v.a. € 653 p/m,2025 1.750 km Automaat Elektrisch,v.a. € 653 p/m,Van Poelgeest Noordwijk
BMW 4 Serie Gran Coupé,420i,€ 88.124 v.a. € 905 p/m,2025 1 km Automaat Benzine,v.a. € 905 p/m,Van Poelgeest Amsterdam
BMW i5 Sedan,eDrive40 M Sport Edition,€ 88.203 v.a. € 779 p/m,2025 1 km Automaat Elektrisch,v.a. € 779 p/m,Van Poelgeest Amstelveen
BMW i4,eDrive40 M Sport Edition,€ 72.999 v.a. € 645 p/m,2025 1 km Automaat Elektrisch,v.a. € 645 p/m,Van Poelgeest Amsterdam
BMW X1,M35i,€ 96.681 v.a. € 993 p/m,2025 1 km Automaat Benzine,v.a. € 993 p/m,Van Poelgeest Amstelveen
BMW iX,M60 112 kWh,€ 78.500 v.a. € 693 p/m,2023 30.030 km Automaat Elektrisch,v.a. € 693 p/m,Van Poelgeest Amersfoort
BMW 5 Serie Sedan,530e M Sportpakket Pro,€ 67.895 v.a. € 697 p/m,2024 15.897 km Automaat Hybride,v.a. € 697 p/m,Van Poelgeest Gouda
BMW 4 Serie Gran Coupé,420i,€ 83.742 v.a. € 860 p/m,2025 1 km Automaat Benzine,v.a. € 860 p/m,Van Poelgeest Gouda
BMW 5 Serie Touring,530e Business Edition Plus,€ 42.900 v.a. € 440 p/m,2022 42.424 km Automaat Hybride,v.a. € 440 p/m,Van Poelgeest Amstelveen
BMW i3,120Ah 42 kWh,€ 22.900 v.a. € 202 p/m,2022 89.904 km Automaat Elektrisch,v.a. € 202 p/m,Van Poelgeest Amstelveen
BMW 3 Serie Touring,330e xDrive Innovation Pack M Sportpakket Pro,€ 58.895 v.a. € 605 p/m,2024 22.710 km Automaat Hybride,v.a. € 605 p/m,Van Poelgeest Gouda
BMW iX1,eDrive20 M Sport Edition Innovation Pack,€ 58.289 v.a. € 515 p/m,2025 6.500 km Automaat Elektrisch,v.a. € 515 p/m,Van Poelgeest Alphen aan den Rijn
BMW 1 Serie,120 M Sport Design Edition,€ 45.900 v.a. € 471 p/m,2025 6.501 km Automaat Benzine,v.a. € 471 p/m,Van Poelgeest Heemstede
BMW 3 Serie Touring,330e xDrive Innovation Pack M Sportpakket,€ 47.995 v.a. € 493 p/m,2023 14.173 km Automaat Hybride,v.a. € 493 p/m,Van Poelgeest Alphen aan den Rijn
BMW X1,sDrive20i,€ 54.900 v.a. € 564 p/m,2025 11.143 km Automaat Benzine,v.a. € 564 p/m,Van Poelgeest Naarden - PS Center
MINI Cooper 3-deurs Electric,E John Cooper Works Pakket M,€ 35.795 v.a. € 368 p/m,2024 5.360 km Automaat Elektrisch,v.a. € 368 p/m,Van Poelgeest Alphen aan den Rijn
BMW 2 Serie Gran Coupé,220 M Sport Design Edition,€ 53.224 v.a. € 546 p/m,2025 4.999 km Automaat Benzine,v.a. € 546 p/m,Van Poelgeest Amsterdam
BMW 3 Serie Touring,330e xDrive Innovation Pack M Sportpakket Pro,€ 58.895 v.a. € 605 p/m,2024 21.140 km Automaat Hybride,v.a. € 605 p/m,Van Poelgeest Gouda
BMW i4,eDrive35 M Sport Edition,€ 69.781 v.a. € 617 p/m,2025 1 km Automaat Elektrisch,v.a. € 617 p/m,Van Poelgeest Naarden
BMW iX3,High Executive Edition Shadow Line,€ 61.895 v.a. € 547 p/m,2025 8.500 km Automaat Elektrisch,v.a. € 547 p/m,Van Poelgeest Gouda
BMW 4 Serie Gran Coupé,420i,€ 63.900 v.a. € 656 p/m,2024 15.312 km Automaat Benzine,v.a. € 656 p/m,Van Poelgeest Amsterdam
MINI Countryman,Cooper S,€ 25.900 v.a. € 322 p/m,2019 100.896 km Automaat Benzine,v.a. € 322 p/m,Van Poelgeest Hilversum
MINI Cooper 3-deurs Electric,E Classic L,€ 46.157 v.a. € 474 p/m,2025 3.250 km Automaat Elektrisch,v.a. € 474 p/m,Van Poelgeest Amstelveen
BMW 2 Serie Active Tourer,225e xDrive Premium Pack M Sportpakket,€ 58.024 v.a. € 596 p/m,2025 9.000 km Automaat Hybride,v.a. € 596 p/m,Van Poelgeest Woerden
BMW X1,xDrive25e High Executive,€ 31.900 v.a. € 327 p/m,2020 71.144 km Automaat Hybride,v.a. € 327 p/m,Van Poelgeest Naarden - PS Center
BMW i4,eDrive40 M Sport Edition,€ 72.412 v.a. € 640 p/m,2025 1 km Automaat Elektrisch,v.a. € 640 p/m,Van Poelgeest Amersfoort
BMW iX,xDrive45 101 kWh,€ 104.446 v.a. € 922 p/m,2025 4.001 km Automaat Elektrisch,v.a. € 922 p/m,Van Poelgeest Heemstede
BMW X2,M35i xDrive,€ 101.782 v.a. € 1045 p/m,2025 1 km Automaat Benzine,v.a. € 1045 p/m,Van Poelgeest Amsterdam
BMW 1 Serie,M135i xDrive Business Edition l Schuifdak,€ 44.900 v.a. € 558 p/m,2022 34.791 km Automaat Benzine,v.a. € 558 p/m,Van Poelgeest Amsterdam
BMW 5 Serie Sedan,530e M Sport Edition,€ 90.931 v.a. € 869 p/m,2025 1 km Automaat Hybride,v.a. € 869 p/m,Van Poelgeest Amsterdam
BMW i4,eDrive40 M Sport Edition,€ 72.412 v.a. € 640 p/m,2025 1 km Automaat Elektrisch,v.a. € 640 p/m,Van Poelgeest Amersfoort
BMW X2,sDrive20i Premium Pack M Sportpakket Pro,€ 54.895 v.a. € 564 p/m,2024 19.421 km Automaat Benzine,v.a. € 564 p/m,Van Poelgeest Alphen aan den Rijn
BMW X5,xDrive50e,€ 99.900 v.a. € 1026 p/m,2024 22.890 km Automaat Hybride,v.a. € 1026 p/m,Van Poelgeest Naarden - PS Center
BMW 2 Serie Active Tourer,225e xDrive,€ 61.273 v.a. € 585 p/m,2025 1 km Automaat Hybride,v.a. € 585 p/m,Van Poelgeest Gouda
BMW 1 Serie,120 Innovation Pack M Sportpakket Pro,€ 57.784 v.a. € 593 p/m,2025 6.500 km Automaat Benzine,v.a. € 593 p/m,Van Poelgeest Woerden
BMW iX2,eDrive20 M Sport Edition,€ 63.176 v.a. € 558 p/m,2025 1 km Automaat Elektrisch,v.a. € 558 p/m,Van Poelgeest Hilversum
BMW X3,M50 xDrive,€ 99.900 v.a. € 1026 p/m,2025 4.000 km Automaat Benzine,v.a. € 1026 p/m,Van Poelgeest Hilversum
BMW 5 Serie Touring,530e,€ 85.900 v.a. € 882 p/m,2024 6.977 km Automaat Hybride,v.a. € 882 p/m,Van Poelgeest Amsterdam
BMW X5,xDrive50e Launch Edition,€ 104.900 v.a. € 1303 p/m,2024 22.471 km Automaat Hybride,v.a. € 1303 p/m,Van Poelgeest Amstelveen
BMW i5 Sedan,eDrive40 M Sport Edition,€ 86.993 v.a. € 769 p/m,2025 1 km Automaat Elektrisch,v.a. € 769 p/m,Van Poelgeest Amersfoort
BMW X1,xDrive30e l M-Sport l Harman Kardon,€ 61.900 v.a. € 636 p/m,2025 15.022 km Automaat Hybride,v.a. € 636 p/m,Van Poelgeest Amsterdam
BMW 4 Serie Gran Coupé,420i,€ 54.900 v.a. € 564 p/m,2024 26.419 km Automaat Benzine,v.a. € 564 p/m,Van Poelgeest Naarden - PS Center
BMW iX2,xDrive30,€ 53.899 v.a. € 476 p/m,2024 4.469 km Automaat Elektrisch,v.a. € 476 p/m,Van Poelgeest Amsterdam
BMW 3 Serie Touring,318i,€ 54.900 v.a. € 564 p/m,2025 8.867 km Automaat Benzine,v.a. € 564 p/m,Van Poelgeest Amstelveen
BMW 5 Serie Touring,530e M Sport Edition,€ 71.900 v.a. € 893 p/m,2025 1.638 km Automaat Hybride,v.a. € 893 p/m,Van Poelgeest Amsterdam
MINI Cooper 3-deurs,Cooper,€ 16.900 v.a. € 174 p/m,2020 52.831 km Handgeschakeld Benzine,v.a. € 174 p/m,Van Poelgeest Amsterdam