location,title,subtitle,year_km_fuel,price,detail_url
Dusseldorp Schiedam,BMW iX1,xDrive30 67 kWh,2025 | 9999 km | Elektrisch,€ 53.950,https://www.dusseldorpbmw.nl/aanbod/bmw-ix1-company-car-xdrive30-67-kwh-36559967
Dusseldorp Den Haag,BMW iX,xDrive50 High Executive 112 kWh,2025 | 6999 km | Elektrisch,€ 89.900,https://www.dusseldorpbmw.nl/aanbod/bmw-ix-company-car-xdrive50-high-executive-112-kwh-36024781
Dusseldorp Schiedam,BMW i5,M60 xDrive,2025 | 10 km | Elektrisch,€ 96.950,https://www.dusseldorpbmw.nl/aanbod/bmw-i5-occasion-m60-xdrive-34693218
Dusseldorp Zwolle,BMW i7,eDrive50 M-Sport 106 kWh,2025 | 12500 km | Elektrisch,€ 99.850,https://www.dusseldorpbmw.nl/aanbod/bmw-i7-company-car-edrive50-m-sport-106-kwh-35959911
Dusseldorp Zwolle,BMW i4,M50 High Executive M-Sport,2025 | 11500 km | Elektrisch,€ 68.950,https://www.dusseldorpbmw.nl/aanbod/bmw-i4-company-car-m50-high-executive-m-sport-35995241
Dusseldorp Rotterdam Zuid,BMW iX,xDrive40 High Executive Sportpakket,2025 | 7500 km | Elektrisch,€ 79.950,https://www.dusseldorpbmw.nl/aanbod/bmw-ix-company-car-xdrive40-high-executive-sportpakket-36316238
Dusseldorp Rotterdam Zuid,BMW i4,eDrive40 High Executive,2025 | 21500 km | Elektrisch,€ 52.950,https://www.dusseldorpbmw.nl/aanbod/bmw-i4-company-car-edrive40-high-executive-36574545
Dusseldorp Zwolle,BMW 4 Serie,430i Gran Coupé M-Sport,2025 | 11500 km | Benzine,€ 86.500,https://www.dusseldorpbmw.nl/aanbod/bmw-4-serie-company-car-430i-gran-coupe-m-sport-37116065
Dusseldorp Rotterdam Noord,BMW 3 Serie,Touring 320e M Sport Pro,2025 | 7500 km | Hybrid,€ 56.450,https://www.dusseldorpbmw.nl/aanbod/bmw-3-serie-company-car-touring-320e-m-sport-pro-37274742
Dusseldorp Rotterdam Zuid,BMW i5,eDrive40 Sedan M Sport Pro,2025 | 7500 km | Elektrisch,€ 69.950,https://www.dusseldorpbmw.nl/aanbod/bmw-i5-company-car-edrive40-sedan-m-sport-pro-37515707
Dusseldorp Den Haag,BMW i5,eDrive40 M Sport Edition Touring 84 kWh,2025 | 12999 km | Elektrisch,€ 79.900,https://www.dusseldorpbmw.nl/aanbod/bmw-i5-company-car-edrive40-m-sport-edition-touring-84-kwh-37618214
Dusseldorp Deventer,BMW i5,eDrive40 M Sport Edition 84 kWh,2025 | 10000 km | Elektrisch,€ 68.950,https://www.dusseldorpbmw.nl/aanbod/bmw-i5-company-car-edrive40-m-sport-edition-84-kwh-38240189
Dusseldorp Oostzaan,BMW 4 Serie,Gran Coupé M440i xDrive High Executive,2025 | 10 km | Benzine,€ 120.030,https://www.dusseldorpbmw.nl/aanbod/bmw-4-serie-nieuw-gran-coupe-m440i-xdrive-high-executive-38261929
Dusseldorp Apeldoorn,BMW iX1,xDrive30 67 kWh,2025 | 14667 km | Elektrisch,€ 56.950,https://www.dusseldorpbmw.nl/aanbod/bmw-ix1-company-car-xdrive30-67-kwh-38856768
Dusseldorp Hoorn,BMW 1 Serie,M135i xDrive,2025 | 10 km | Benzine,€ 95.437,https://www.dusseldorpbmw.nl/aanbod/bmw-1-serie-nieuw-m135i-xdrive-38901315
Dusseldorp Alkmaar,BMW i5,Touring eDrive40 M Sport Edition 84 kWh,2025 | 6981 km | Elektrisch,€ 71.950,https://www.dusseldorpbmw.nl/aanbod/bmw-i5-company-car-touring-edrive40-m-sport-edition-84-kwh-38993207
Dusseldorp Schiedam,BMW 4 Serie,Gran Coupé M440i High Executive,2025 | 10 km | Benzine,€ 120.062,https://www.dusseldorpbmw.nl/aanbod/bmw-4-serie-nieuw-gran-coupe-m440i-high-executive-39105584
Dusseldorp Oostzaan,BMW i5,Touring eDrive40 M Sport Edition,2025 | 10 km | Elektrisch,€ 91.200,https://www.dusseldorpbmw.nl/aanbod/bmw-i5-nieuw-touring-edrive40-m-sport-edition-39197520
Dusseldorp Oostzaan,BMW i5,Touring eDrive40 M Sport Edition,2025 | 10 km | Elektrisch,€ 92.400,https://www.dusseldorpbmw.nl/aanbod/bmw-i5-nieuw-touring-edrive40-m-sport-edition-39198747
Dusseldorp Oostzaan,BMW i5,Touring eDrive40 M Sport Edition,2025 | 10 km | Elektrisch,€ 83.577,https://www.dusseldorpbmw.nl/aanbod/bmw-i5-nieuw-touring-edrive40-m-sport-edition-39198757
Dusseldorp Hoorn,BMW 1 Serie,120,2024 | 23000 km | Benzine,€ 39.750,https://www.dusseldorpbmw.nl/aanbod/bmw-1-serie-occasion-120-39239314
Dusseldorp Den Haag,BMW 1 Serie,M135i xDrive,2025 | 12 km | Benzine,€ 95.437,https://www.dusseldorpbmw.nl/aanbod/bmw-1-serie-nieuw-m135i-xdrive-39291977
Dusseldorp Brielle,BMW 1 Serie,120 M-Sport,2024 | 18180 km | Benzine,€ 38.950,https://www.dusseldorpbmw.nl/aanbod/bmw-1-serie-occasion-120-m-sport-39294486
Dusseldorp Brielle,BMW 1 Serie,120 M Sport,2024 | 11813 km | Benzine,€ 39.950,https://www.dusseldorpbmw.nl/aanbod/bmw-1-serie-occasion-120-m-sport-39294660
Dusseldorp Rotterdam Zuid,BMW i4,eDrive40 M Sport Pro,2025 | 7500 km | Elektrisch,€ 62.950,https://www.dusseldorpbmw.nl/aanbod/bmw-i4-company-car-edrive40-m-sport-pro-39615923
Dusseldorp Brielle,BMW 3 Serie,330e M-sport,2023 | 25626 km | Hybrid,€ 40.950,https://www.dusseldorpbmw.nl/aanbod/bmw-3-serie-occasion-330e-m-sport-39705601
Dusseldorp Zwolle,BMW i4,eDrive40 M-Sport Pro 84 kWh,2025 | 14992 km | Elektrisch,€ 57.950,https://www.dusseldorpbmw.nl/aanbod/bmw-i4-company-car-edrive40-m-sport-pro-84-kwh-39707207
Dusseldorp Zwolle,BMW i4,eDrive35 M-Sport Aut. 70 kWh,2024 | 22021 km | Elektrisch,€ 45.950,https://www.dusseldorpbmw.nl/aanbod/bmw-i4-occasion-edrive35-m-sport-aut-70-kwh-39779916
Dusseldorp Zwolle,BMW i4,eDrive35 M-Sport Aut. 70 kWh,2025 | 10 km | Elektrisch,€ 68.766,https://www.dusseldorpbmw.nl/aanbod/bmw-i4-nieuw-edrive35-m-sport-aut-70-kwh-39779923
Dusseldorp Oostzaan,BMW i5,Touring eDrive40 84 kWh,2025 | 10 km | Elektrisch,€ 85.282,https://www.dusseldorpbmw.nl/aanbod/bmw-i5-nieuw-touring-edrive40-84-kwh-39916511
Dusseldorp Oostzaan,BMW 1 Serie,120 M Sport Design Edition,2024 | 32189 km | Benzine,€ 38.950,https://www.dusseldorpbmw.nl/aanbod/bmw-1-serie-occasion-120-m-sport-design-edition-40384525
Dusseldorp Schiedam,BMW 2 Serie,Gran Coupé 218i,2025 | 9999 km | Benzine,€ 38.950,https://www.dusseldorpbmw.nl/aanbod/bmw-2-serie-company-car-gran-coupe-218i-40420126
Dusseldorp Schiedam,BMW 5 Serie,530e Touring,2024 | 27283 km | Hybrid,€ 62.950,https://www.dusseldorpbmw.nl/aanbod/bmw-5-serie-occasion-530e-touring-40456251
Dusseldorp Deventer,BMW i4,eDrive35 M Sport Edition 70 kWh,2025 | 10000 km | Elektrisch,€ 53.950,https://www.dusseldorpbmw.nl/aanbod/bmw-i4-company-car-edrive35-m-sport-edition-70-kwh-40475860
Dusseldorp Zwolle,BMW iX3,Executive M-Sport 80 kWh,2024 | 14720 km | Elektrisch,€ 48.950,https://www.dusseldorpbmw.nl/aanbod/bmw-ix3-occasion-executive-m-sport-80-kwh-40491985
Dusseldorp Zwolle,BMW i4,eDrive35 M-Sport Pro Aut. 70 kWh,2025 | 10 km | Elektrisch,€ 70.039,https://www.dusseldorpbmw.nl/aanbod/bmw-i4-nieuw-edrive35-m-sport-pro-aut-70-kwh-40491993
Dusseldorp Den Haag,BMW 5 Serie,Touring 530e M-Sport,2024 | 16999 km | Hybrid,€ 63.900,https://www.dusseldorpbmw.nl/aanbod/bmw-5-serie-company-car-touring-530e-m-sport-40493441
Dusseldorp Oostzaan,BMW i4,eDrive40 84 kWh,2025 | 10 km | Elektrisch,€ 74.674,https://www.dusseldorpbmw.nl/aanbod/bmw-i4-nieuw-edrive40-84-kwh-40494278
Dusseldorp Brielle,BMW 5 Serie,520i Touring Business Edition Plus M-Sport Trekhaak,2024 | 39218 km | Benzine,€ 54.450,https://www.dusseldorpbmw.nl/aanbod/bmw-5-serie-occasion-520i-touring-business-edition-plus-m-sport-trekhaak-40683009
Dusseldorp Oostzaan,BMW 1 Serie,120,2024 | 15455 km | Benzine,€ 37.950,https://www.dusseldorpbmw.nl/aanbod/bmw-1-serie-company-car-120-40795619
Dusseldorp Oostzaan,BMW 1 Serie,120 M Sport Design Edition,2024 | 11718 km | Benzine,€ 39.950,https://www.dusseldorpbmw.nl/aanbod/bmw-1-serie-company-car-120-m-sport-design-edition-40830468
Dusseldorp Apeldoorn,BMW i4,eDrive35 High Executive 70 kWh,2024 | 24120 km | Elektrisch,€ 44.950,https://www.dusseldorpbmw.nl/aanbod/bmw-i4-occasion-edrive35-high-executive-70-kwh-40850114
Dusseldorp Apeldoorn,BMW 5 Serie,530e M-Sport - Trekhaak,2024 | 21685 km | Hybrid,€ 63.450,https://www.dusseldorpbmw.nl/aanbod/bmw-5-serie-company-car-530e-m-sport---trekhaak-40877028
Dusseldorp Deventer,BMW i5,eDrive40 Touring M Sport Edition 84 kWh,2025 | 10200 km | Elektrisch,€ 66.500,https://www.dusseldorpbmw.nl/aanbod/bmw-i5-company-car-edrive40-touring-m-sport-edition-84-kwh-40933631
Dusseldorp Apeldoorn,BMW i5,eDrive40 M Sport Pro,2025 | 10 km | Elektrisch,€ 87.171,https://www.dusseldorpbmw.nl/aanbod/bmw-i5-nieuw-edrive40-m-sport-pro-40988831
Dusseldorp Schiedam,BMW 2 Serie,218i Gran Coupé M Sportpakket Aut.,2025 | 9999 km | Benzine,€ 39.950,https://www.dusseldorpbmw.nl/aanbod/bmw-2-serie-company-car-218i-gran-coupe-m-sportpakket-aut-41073118
Dusseldorp Apeldoorn,BMW M5,Sedan,2024 | 25999 km | Hybrid,€ 137.450,https://www.dusseldorpbmw.nl/aanbod/bmw-m5-company-car-sedan-41161804
Dusseldorp Deventer,BMW i4,eDrive35 M Sport Edition 70 kWh,2024 | 19500 km | Elektrisch,€ 46.850,https://www.dusseldorpbmw.nl/aanbod/bmw-i4-occasion-edrive35-m-sport-edition-70-kwh-41204207
Dusseldorp Hoorn,BMW i4,eDrive40 84 kWh,2025 | 10 km | Elektrisch,€ 75.969,https://www.dusseldorpbmw.nl/aanbod/bmw-i4-nieuw-edrive40-84-kwh-41470879
Dusseldorp Hoorn,BMW i5,Touring eDrive40 84 kWh,2025 | 5000 km | Elektrisch,€ 74.950,https://www.dusseldorpbmw.nl/aanbod/bmw-i5-company-car-touring-edrive40-84-kwh-41470947
Dusseldorp Hoorn,BMW iX2,xDrive30 67kWh,2025 | 10 km | Elektrisch,€ 74.489,https://www.dusseldorpbmw.nl/aanbod/bmw-ix2-nieuw-xdrive30-67kwh-41470963
Dusseldorp Apeldoorn,BMW 2 Serie,218i Gran Coupé - Pano - 19 inch lichmetaal,2025 | 15984 km | Benzine,€ 39.950,https://www.dusseldorpbmw.nl/aanbod/bmw-2-serie-company-car-218i-gran-coupe---pano---19-inch-lichmetaal-41548678
Dusseldorp Rotterdam Zuid,BMW X7,M50i High Executive,2020 | 59557 km | Benzine,€ 82.950,https://www.dusseldorpbmw.nl/aanbod/bmw-x7-occasion-m50i-high-executive-41580725
Dusseldorp Rotterdam Zuid,BMW i5,eDrive40 Touring M Sport Pro,2025 | 5 km | Elektrisch,€ 92.467,https://www.dusseldorpbmw.nl/aanbod/bmw-i5-nieuw-edrive40-touring-m-sport-pro-41596906
Dusseldorp Rotterdam Zuid,BMW 2 Serie,M235i xDrive Gran Coupé,2025 | 10 km | Benzine,€ 79.950,https://www.dusseldorpbmw.nl/aanbod/bmw-2-serie-nieuw-m235i-xdrive-gran-coupe-41598167
Dusseldorp Rotterdam Zuid,BMW i5,eDrive40 M Sport,2025 | 10 km | Elektrisch,€ 88.649,https://www.dusseldorpbmw.nl/aanbod/bmw-i5-nieuw-edrive40-m-sport-41621916
Dusseldorp Alkmaar,BMW 2 Serie,Gran Coupé 218i M Sport,2025 | 12024 km | Benzine,€ 38.250,https://www.dusseldorpbmw.nl/aanbod/bmw-2-serie-company-car-gran-coupe-218i-m-sport-41689211
Dusseldorp Rotterdam Zuid,BMW 4 Serie,420i Gran Coupé M Sport,2025 | 7500 km | Benzine,€ 62.950,https://www.dusseldorpbmw.nl/aanbod/bmw-4-serie-company-car-420i-gran-coupe-m-sport-41703646
Dusseldorp Oostzaan,BMW 1 Serie,120,2025 | 10 km | Benzine,€ 52.514,https://www.dusseldorpbmw.nl/aanbod/bmw-1-serie-nieuw-120-41841864
Dusseldorp Hoorn,BMW 2 Serie,220 Gran Coupé,2025 | 10 km | Benzine,€ 56.540,https://www.dusseldorpbmw.nl/aanbod/bmw-2-serie-nieuw-220-gran-coupe-41906418
Dusseldorp Rotterdam Noord,BMW i7,xDrive60 Privilege Edition,2025 | 10 km | Elektrisch,€ 177.760,https://www.dusseldorpbmw.nl/aanbod/bmw-i7-nieuw-xdrive60-privilege-edition-41920044
Dusseldorp Alkmaar,BMW 1 Serie,120 M Sport Pro,2025 | 23251 km | Benzine,€ 45.950,https://www.dusseldorpbmw.nl/aanbod/bmw-1-serie-company-car-120-m-sport-pro-42096253
Dusseldorp Alkmaar,BMW X3,30e xDrive M Sport Pro,2025 | 8652 km | Hybrid,€ 79.950,https://www.dusseldorpbmw.nl/aanbod/bmw-x3-company-car-30e-xdrive-m-sport-pro-42096282
Dusseldorp Den Haag,BMW 1 Serie,120i M-Sport,2025 | 6999 km | Benzine,€ 42.450,https://www.dusseldorpbmw.nl/aanbod/bmw-1-serie-company-car-120i-m-sport-42096408
Dusseldorp Rotterdam Zuid,BMW 5 Serie,530e Touring M Sport Pro,2025 | 22500 km | Hybrid,€ 69.950,https://www.dusseldorpbmw.nl/aanbod/bmw-5-serie-company-car-530e-touring-m-sport-pro-42096426
Dusseldorp Schiedam,BMW iX1,eDrive20 67 kWh,2025 | 25500 km | Elektrisch,€ 48.450,https://www.dusseldorpbmw.nl/aanbod/bmw-ix1-company-car-edrive20-67-kwh-42096874
Dusseldorp Alkmaar,BMW iX1,eDrive 20 M Sport 67 kWh,2024 | 6059 km | Elektrisch,€ 41.950,https://www.dusseldorpbmw.nl/aanbod/bmw-ix1-occasion-edrive-20-m-sport-67-kwh-42126371
Dusseldorp Deventer,BMW i5,Touring eDrive40 84 kWh,2025 | 10 km | Elektrisch,€ 82.584,https://www.dusseldorpbmw.nl/aanbod/bmw-i5-nieuw-touring-edrive40-84-kwh-42158122
Dusseldorp Deventer,BMW 2 Serie,Coupé 218i,2025 | 5 km | Benzine,€ 68.697,https://www.dusseldorpbmw.nl/aanbod/bmw-2-serie-nieuw-coupe-218i-42158269
Dusseldorp Schiedam,BMW 1 Serie,M135 xDrive,2025 | 10 km | Benzine,€ 96.781,https://www.dusseldorpbmw.nl/aanbod/bmw-1-serie-nieuw-m135-xdrive-42212284
Dusseldorp Wateringen,BMW i4,M50,2025 | 11473 km | Elektrisch,€ 64.950,https://www.dusseldorpbmw.nl/aanbod/bmw-i4-occasion-m50-42216275
Dusseldorp Rotterdam Noord,BMW i4,eDrive35 M Sport Pro,2025 | 10000 km | Elektrisch,€ 55.950,https://www.dusseldorpbmw.nl/aanbod/bmw-i4-company-car-edrive35-m-sport-pro-42237544
Dusseldorp Apeldoorn,BMW i4,eDrive40 M-Sport Pro,2025 | 19653 km | Elektrisch,€ 59.950,https://www.dusseldorpbmw.nl/aanbod/bmw-i4-company-car-edrive40-m-sport-pro-42244976
Dusseldorp Schiedam,BMW 3 Serie,330e,2025 | 6999 km | Hybrid,€ 57.950,https://www.dusseldorpbmw.nl/aanbod/bmw-3-serie-company-car-330e-42260314
Dusseldorp Alkmaar,BMW i5,M60 xDrive 84 kWh,2025 | 10 km | Elektrisch,€ 128.630,https://www.dusseldorpbmw.nl/aanbod/bmw-i5-nieuw-m60-xdrive-84-kwh-42260326
Dusseldorp Brielle,BMW i7,eDrive50 M-Sport Pro,2025 | 6999 km | Elektrisch,€ 99.950,https://www.dusseldorpbmw.nl/aanbod/bmw-i7-company-car-edrive50-m-sport-pro-42266417
Dusseldorp Hoorn,BMW 1 Serie,120 M Sport Design Edition,2025 | 21000 km | Benzine,€ 42.450,https://www.dusseldorpbmw.nl/aanbod/bmw-1-serie-company-car-120-m-sport-design-edition-42268222
Dusseldorp Apeldoorn,BMW 1 Serie,120 M Sport Pro - Trekhaak - 19 inch M Performance,2025 | 25999 km | Benzine,€ 42.450,https://www.dusseldorpbmw.nl/aanbod/bmw-1-serie-company-car-120-m-sport-pro---trekhaak---19-inch-m-performance-42269136
Dusseldorp Deventer,BMW i4,eDrive40 84 kWh,2025 | 12500 km | Elektrisch,€ 60.950,https://www.dusseldorpbmw.nl/aanbod/bmw-i4-company-car-edrive40-84-kwh-42303546
Dusseldorp Apeldoorn,BMW i4,eDrive40 M Sportpakket Pro,2025 | 4563 km | Elektrisch,€ 80.593,https://www.dusseldorpbmw.nl/aanbod/bmw-i4-company-car-edrive40-m-sportpakket-pro-42307714
Dusseldorp Schiedam,BMW X1,sDrive20i,2024 | 26706 km | Benzine,€ 46.950,https://www.dusseldorpbmw.nl/aanbod/bmw-x1-occasion-sdrive20i-42311920
Dusseldorp Hoorn,BMW X3,30e xDrive,2025 | 6500 km | Hybrid,€ 77.950,https://www.dusseldorpbmw.nl/aanbod/bmw-x3-company-car-30e-xdrive-42315943
Dusseldorp Apeldoorn,BMW 1 Serie,120 M Sport Pro,2025 | 18669 km | Benzine,€ 42.950,https://www.dusseldorpbmw.nl/aanbod/bmw-1-serie-occasion-120-m-sport-pro-42326240
Dusseldorp Den Haag,BMW 1 Serie,120i M-Sport,2025 | 13999 km | Benzine,€ 42.900,https://www.dusseldorpbmw.nl/aanbod/bmw-1-serie-company-car-120i-m-sport-42326417
Dusseldorp Brielle,BMW i4,eDrive40 84 kWh,2025 | 2999 km | Elektrisch,€ 63.950,https://www.dusseldorpbmw.nl/aanbod/bmw-i4-company-car-edrive40-84-kwh-42327105
Dusseldorp Schiedam,BMW X6M,Competition,2025 | 10 km | Benzine,€ 271.356,https://www.dusseldorpbmw.nl/aanbod/bmw-x6m-nieuw-competition-42328587
Dusseldorp Schiedam,BMW iX1,eDrive20 67 kWh,2025 | 6999 km | Elektrisch,€ 49.950,https://www.dusseldorpbmw.nl/aanbod/bmw-ix1-company-car-edrive20-67-kwh-42332046
Dusseldorp Schiedam,BMW iX1,eDrive20 67 kWh,2025 | 9999 km | Elektrisch,€ 49.950,https://www.dusseldorpbmw.nl/aanbod/bmw-ix1-company-car-edrive20-67-kwh-42332703
Dusseldorp Den Haag,BMW Z4,sDrive30i High Executive M-Sport,2024 | 18817 km | Benzine,€ 56.450,https://www.dusseldorpbmw.nl/aanbod/bmw-z4-occasion-sdrive30i-high-executive-m-sport-42346856
Dusseldorp Oostzaan,BMW 2 Serie,Active Tourer 216i M Sport,2024 | 9610 km | Benzine,€ 36.950,https://www.dusseldorpbmw.nl/aanbod/bmw-2-serie-occasion-active-tourer-216i-m-sport-42351026
Dusseldorp Den Haag,BMW i4,eDrive35 70 kWh,2025 | 6999 km | Elektrisch,€ 54.450,https://www.dusseldorpbmw.nl/aanbod/bmw-i4-company-car-edrive35-70-kwh-42351092
Dusseldorp Schiedam,BMW 2 Serie,Coupé 218i,2025 | 10 km | Benzine,€ 66.487,https://www.dusseldorpbmw.nl/aanbod/bmw-2-serie-nieuw-coupe-218i-42351263
Dusseldorp Alkmaar,BMW 2 Serie,Gran Coupé 218i M Sport,2025 | 9935 km | Benzine,€ 39.950,https://www.dusseldorpbmw.nl/aanbod/bmw-2-serie-company-car-gran-coupe-218i-m-sport-42421817
Dusseldorp Alkmaar,BMW i4,eDrive40 84 kWh M Sport,2025 | 21014 km | Elektrisch,€ 59.950,https://www.dusseldorpbmw.nl/aanbod/bmw-i4-company-car-edrive40-84-kwh-m-sport-42421857
Dusseldorp Wateringen,BMW 2 Serie,Gran Coupé 218i M Sport,2025 | 9999 km | Benzine,€ 39.950,https://www.dusseldorpbmw.nl/aanbod/bmw-2-serie-company-car-gran-coupe-218i-m-sport-42422960
Dusseldorp Wateringen,BMW 2 Serie,Gran Coupé 218i M Sport Pro,2025 | 9999 km | Benzine,€ 39.950,https://www.dusseldorpbmw.nl/aanbod/bmw-2-serie-company-car-gran-coupe-218i-m-sport-pro-42422981
Dusseldorp Alkmaar,BMW 2 Serie,Gran Coupé 220 M Sport Pro,2025 | 10 km | Benzine,€ 59.340,https://www.dusseldorpbmw.nl/aanbod/bmw-2-serie-nieuw-gran-coupe-220-m-sport-pro-42439430
Dusseldorp Den Haag,BMW iX1,eDrive20 M-Sport Pro,2025 | 18501 km | Elektrisch,€ 47.900,https://www.dusseldorpbmw.nl/aanbod/bmw-ix1-company-car-edrive20-m-sport-pro-42459494
Dusseldorp Schiedam,BMW 1 Serie,120,2025 | 12999 km | Benzine,€ 44.450,https://www.dusseldorpbmw.nl/aanbod/bmw-1-serie-company-car-120-42459510
Dusseldorp Deventer,BMW iX1,eDrive20 67 kWh,2025 | 12341 km | Elektrisch,€ 47.450,https://www.dusseldorpbmw.nl/aanbod/bmw-ix1-company-car-edrive20-67-kwh-42465677
Dusseldorp Deventer,BMW X5M,Competition,2025 | 10 km | Benzine,€ 268.575,https://www.dusseldorpbmw.nl/aanbod/bmw-x5m-nieuw-competition-42474152
Dusseldorp Rotterdam Zuid,BMW iX3,Executive,2025 | 7500 km | Elektrisch,€ 58.250,https://www.dusseldorpbmw.nl/aanbod/bmw-ix3-company-car-executive-42479525
Dusseldorp Hoorn,BMW i4,eDrive35 70 kWh M-Sport,2025 | 19750 km | Elektrisch,€ 51.950,https://www.dusseldorpbmw.nl/aanbod/bmw-i4-company-car-edrive35-70-kwh-m-sport-42482615
Dusseldorp Rotterdam Zuid,BMW 2 Serie,Gran Coupé 218i M Sport Pro,2025 | 7500 km | Benzine,€ 42.950,https://www.dusseldorpbmw.nl/aanbod/bmw-2-serie-company-car-gran-coupe-218i-m-sport-pro-42484669
Dusseldorp Rotterdam Zuid,BMW 2 Serie,218i Gran Coupé M-Sport,2025 | 7500 km | Benzine,€ 41.450,https://www.dusseldorpbmw.nl/aanbod/bmw-2-serie-company-car-218i-gran-coupe-m-sport-42509626
Dusseldorp Schiedam,BMW i7,xDrive60 106 kWh,2024 | 18187 km | Elektrisch,€ 94.950,https://www.dusseldorpbmw.nl/aanbod/bmw-i7-occasion-xdrive60-106-kwh-42510226
Dusseldorp Rotterdam Zuid,BMW 2 Serie,220 Gran Coupé M Sport Pro,2025 | 7500 km | Benzine,€ 48.450,https://www.dusseldorpbmw.nl/aanbod/bmw-2-serie-company-car-220-gran-coupe-m-sport-pro-42525053
Dusseldorp Rotterdam Zuid,BMW 2 Serie,M235 xDrive Gran Coupé,2025 | 10 km | Benzine,€ 93.151,https://www.dusseldorpbmw.nl/aanbod/bmw-2-serie-nieuw-m235-xdrive-gran-coupe-42525383
Dusseldorp Wateringen,BMW iX2,xDrive30 67kWh,2025 | 12999 km | Elektrisch,€ 53.950,https://www.dusseldorpbmw.nl/aanbod/bmw-ix2-company-car-xdrive30-67kwh-42530433
Dusseldorp Oostzaan,BMW i5,eDrive40 84 kWh,2025 | 10 km | Elektrisch,€ 95.154,https://www.dusseldorpbmw.nl/aanbod/bmw-i5-nieuw-edrive40-84-kwh-42570978
Dusseldorp Den Haag,BMW X3,xDrive20i M Sport,2025 | 501 km | Benzine,€ 82.395,https://www.dusseldorpbmw.nl/aanbod/bmw-x3-occasion-xdrive20i-m-sport-42571558
Dusseldorp Zwolle,BMW 2 Serie,220i Gran Coupé M-Sport Aut.,2025 | 14500 km | Benzine,€ 46.950,https://www.dusseldorpbmw.nl/aanbod/bmw-2-serie-company-car-220i-gran-coupe-m-sport-aut-42584486
Dusseldorp Schiedam,BMW 2 Serie,Gran Coupé M235 xDrive,2025 | 10 km | Benzine,€ 96.379,https://www.dusseldorpbmw.nl/aanbod/bmw-2-serie-nieuw-gran-coupe-m235-xdrive-42584640
Dusseldorp Rotterdam Zuid,BMW i4,eDrive40 M Sport,2025 | 7500 km | Elektrisch,€ 58.950,https://www.dusseldorpbmw.nl/aanbod/bmw-i4-company-car-edrive40-m-sport-42609643
Dusseldorp Rotterdam Noord,BMW iX1,eDrive20 M Sport Pro,2025 | 16250 km | Elektrisch,€ 48.950,https://www.dusseldorpbmw.nl/aanbod/bmw-ix1-company-car-edrive20-m-sport-pro-42611231
Dusseldorp Rotterdam Zuid,BMW iX1,eDrive20 M-Sport Pro,2025 | 7500 km | Elektrisch,€ 49.950,https://www.dusseldorpbmw.nl/aanbod/bmw-ix1-company-car-edrive20-m-sport-pro-42614919
Dusseldorp Rotterdam Zuid,BMW iX1,eDrive20 M Sport Pro,2025 | 7500 km | Elektrisch,€ 52.750,https://www.dusseldorpbmw.nl/aanbod/bmw-ix1-company-car-edrive20-m-sport-pro-42614934
Dusseldorp Deventer,BMW iX1,eDrive20 67 kWh,2025 | 4000 km | Elektrisch,€ 52.750,https://www.dusseldorpbmw.nl/aanbod/bmw-ix1-company-car-edrive20-67-kwh-42615009
Dusseldorp Deventer,BMW iX1,eDrive20 67 kWh M-sport,2025 | 6523 km | Elektrisch,€ 51.950,https://www.dusseldorpbmw.nl/aanbod/bmw-ix1-company-car-edrive20-67-kwh-m-sport-42615048
Dusseldorp Alkmaar,BMW iX1,eDrive20 67 kWh,2025 | 5567 km | Elektrisch,€ 49.950,https://www.dusseldorpbmw.nl/aanbod/bmw-ix1-company-car-edrive20-67-kwh-42615080
Dusseldorp Rotterdam Noord,BMW i5,Touring eDrive40 M Sport,2025 | 10 km | Elektrisch,€ 82.584,https://www.dusseldorpbmw.nl/aanbod/bmw-i5-nieuw-touring-edrive40-m-sport-42617398
Dusseldorp Rotterdam Noord,BMW i4,eDrive40 M Sport Pro,2025 | 4500 km | Elektrisch,€ 62.750,https://www.dusseldorpbmw.nl/aanbod/bmw-i4-company-car-edrive40-m-sport-pro-42617417
Dusseldorp Den Haag,BMW 2 Serie,Gran Coupé 218i M-Sport,2025 | 6999 km | Benzine,€ 40.900,https://www.dusseldorpbmw.nl/aanbod/bmw-2-serie-company-car-gran-coupe-218i-m-sport-42650397
Dusseldorp Den Haag,BMW iX3,High Executive,2025 | 6999 km | Elektrisch,€ 61.450,https://www.dusseldorpbmw.nl/aanbod/bmw-ix3-company-car-high-executive-42650411
Dusseldorp Den Haag,BMW i5,eDrive40 M-Sport,2025 | 6999 km | Elektrisch,€ 65.450,https://www.dusseldorpbmw.nl/aanbod/bmw-i5-company-car-edrive40-m-sport-42650428
Dusseldorp Den Haag,BMW 2 Serie,Gran Coupé 218i M-Sport,2025 | 6999 km | Benzine,€ 38.450,https://www.dusseldorpbmw.nl/aanbod/bmw-2-serie-company-car-gran-coupe-218i-m-sport-42650496
Dusseldorp Den Haag,BMW 2 Serie,Gran Coupé 218i M-Sport,2025 | 6999 km | Benzine,€ 38.450,https://www.dusseldorpbmw.nl/aanbod/bmw-2-serie-company-car-gran-coupe-218i-m-sport-42650502
Dusseldorp Den Haag,BMW 3 Serie,Touring 330e M-Sport Pro,2025 | 16999 km | Hybrid,€ 59.900,https://www.dusseldorpbmw.nl/aanbod/bmw-3-serie-company-car-touring-330e-m-sport-pro-42650516
Dusseldorp Oostzaan,BMW X3,30e xDrive M Sport Pro,2025 | 4094 km | Hybrid,€ 77.950,https://www.dusseldorpbmw.nl/aanbod/bmw-x3-company-car-30e-xdrive-m-sport-pro-42668073
Dusseldorp Oostzaan,BMW i5,Touring eDrive40 M Sport Edition,2025 | 11000 km | Elektrisch,€ 66.950,https://www.dusseldorpbmw.nl/aanbod/bmw-i5-company-car-touring-edrive40-m-sport-edition-42668197
Dusseldorp Oostzaan,BMW iX3,High Executive 80 kWh,2025 | 9200 km | Elektrisch,€ 61.450,https://www.dusseldorpbmw.nl/aanbod/bmw-ix3-company-car-high-executive-80-kwh-42668219
Dusseldorp Oostzaan,BMW i4,eDrive40 M Sport Pro,2025 | 8718 km | Elektrisch,€ 59.950,https://www.dusseldorpbmw.nl/aanbod/bmw-i4-occasion-edrive40-m-sport-pro-42669190
Dusseldorp Oostzaan,BMW iX3,Executive,2025 | 13226 km | Elektrisch,€ 57.950,https://www.dusseldorpbmw.nl/aanbod/bmw-ix3-company-car-executive-42669344
Dusseldorp Oostzaan,BMW 3 Serie,Touring 330e M Sport Pro,2025 | 14000 km | Hybrid,€ 60.250,https://www.dusseldorpbmw.nl/aanbod/bmw-3-serie-company-car-touring-330e-m-sport-pro-42669369
Dusseldorp Oostzaan,BMW 2 Serie,Gran Coupé 218i M Sport Pro,2025 | 5571 km | Benzine,€ 42.450,https://www.dusseldorpbmw.nl/aanbod/bmw-2-serie-occasion-gran-coupe-218i-m-sport-pro-42669431
Dusseldorp Oostzaan,BMW iX1,eDrive20 M Sport Pro,2025 | 4571 km | Elektrisch,€ 48.950,https://www.dusseldorpbmw.nl/aanbod/bmw-ix1-company-car-edrive20-m-sport-pro-42669474
Dusseldorp Oostzaan,BMW iX1,eDrive20 M Sport Pro,2025 | 3521 km | Elektrisch,€ 48.950,https://www.dusseldorpbmw.nl/aanbod/bmw-ix1-company-car-edrive20-m-sport-pro-42669521
Dusseldorp Apeldoorn,BMW 2 Serie,220 Gran Coupé,2025 | 10 km | Benzine,€ 59.340,https://www.dusseldorpbmw.nl/aanbod/bmw-2-serie-nieuw-220-gran-coupe-42706863
Dusseldorp Alkmaar,BMW i5,eDrive40 M Sport Edition 84 kWh,2025 | 10 km | Elektrisch,€ 85.621,https://www.dusseldorpbmw.nl/aanbod/bmw-i5-nieuw-edrive40-m-sport-edition-84-kwh-42753577
Dusseldorp Oostzaan,BMW 5 Serie,Touring 530e M Sport Edition,2025 | 18510 km | Hybrid,€ 69.950,https://www.dusseldorpbmw.nl/aanbod/bmw-5-serie-company-car-touring-530e-m-sport-edition-42759518
Dusseldorp Wateringen,BMW X1,xDrive30e M Sport Pro,2024 | 26243 km | Hybrid,€ 56.950,https://www.dusseldorpbmw.nl/aanbod/bmw-x1-occasion-xdrive30e-m-sport-pro-42761692
Dusseldorp Alkmaar,BMW 7 Serie,M760e xDrive,2024 | 6277 km | Hybrid,€ 128.950,https://www.dusseldorpbmw.nl/aanbod/bmw-7-serie-occasion-m760e-xdrive-42768823
Dusseldorp Deventer,BMW 1 Serie,120 M-Sport,2024 | 4016 km | Benzine,€ 39.700,https://www.dusseldorpbmw.nl/aanbod/bmw-1-serie-occasion-120-m-sport-42781467
Dusseldorp Hoorn,BMW iX3,High Executive Edition 80 kWh,2025 | 6500 km | Elektrisch,€ 61.950,https://www.dusseldorpbmw.nl/aanbod/bmw-ix3-company-car-high-executive-edition-80-kwh-42796412
Dusseldorp Den Haag,BMW 2 Serie,M235i xDrive Gran Coupé,2025 | 10 km | Benzine,€ 95.534,https://www.dusseldorpbmw.nl/aanbod/bmw-2-serie-nieuw-m235i-xdrive-gran-coupe-42805964
Dusseldorp Brielle,BMW 2 Serie,Gran Coupé 218i,2025 | 4999 km | Benzine,€ 39.250,https://www.dusseldorpbmw.nl/aanbod/bmw-2-serie-company-car-gran-coupe-218i-42829047
Dusseldorp Rotterdam Noord,BMW i5,Touring eDrive40 M Sport Pro,2025 | 10 km | Elektrisch,€ 98.887,https://www.dusseldorpbmw.nl/aanbod/bmw-i5-nieuw-touring-edrive40-m-sport-pro-42830151
Dusseldorp Rotterdam Noord,BMW i4,eDrive40 M Sport Pro,2025 | 10 km | Elektrisch,€ 80.832,https://www.dusseldorpbmw.nl/aanbod/bmw-i4-nieuw-edrive40-m-sport-pro-42830168
Dusseldorp Schiedam,BMW iX1,xDrive30 Launch Edition,2024 | 22270 km | Elektrisch,€ 38.450,https://www.dusseldorpbmw.nl/aanbod/bmw-ix1-occasion-xdrive30-launch-edition-42857209
Dusseldorp Rotterdam Zuid,BMW M8,Coupé Competition,2025 | 5014 km | Benzine,€ 179.950,https://www.dusseldorpbmw.nl/aanbod/bmw-m8-occasion-coupe-competition-42883738
Dusseldorp Schiedam,BMW 5 Serie,Touring 530e Business Edition Plus,2024 | 29783 km | Hybrid,€ 57.950,https://www.dusseldorpbmw.nl/aanbod/bmw-5-serie-occasion-touring-530e-business-edition-plus-42947989
Dusseldorp Brielle,BMW iX1,eDrive20 M-Sport Pro Trekhaak,2025 | 2999 km | Elektrisch,€ 51.450,https://www.dusseldorpbmw.nl/aanbod/bmw-ix1-company-car-edrive20-m-sport-pro-trekhaak-43058781
Dusseldorp Den Haag,BMW i4,eDrive40 84 kWh,2025 | 10 km | Elektrisch,€ 81.533,https://www.dusseldorpbmw.nl/aanbod/bmw-i4-nieuw-edrive40-84-kwh-43058975
Dusseldorp Rotterdam Noord,BMW 1 Serie,120 M Sport,2025 | 7500 km | Benzine,€ 51.331,https://www.dusseldorpbmw.nl/aanbod/bmw-1-serie-company-car-120-m-sport-43060162
Dusseldorp Deventer,BMW 2 Serie,Gran Coupé 220 M Sport Design Edition,2025 | 12807 km | Benzine,€ 45.950,https://www.dusseldorpbmw.nl/aanbod/bmw-2-serie-company-car-gran-coupe-220-m-sport-design-edition-43060938
Dusseldorp Oostzaan,BMW i4,eDrive35 M Sport Edition 70 kWh,2025 | 11000 km | Elektrisch,€ 57.950,https://www.dusseldorpbmw.nl/aanbod/bmw-i4-occasion-edrive35-m-sport-edition-70-kwh-43088425
Dusseldorp Oostzaan,BMW iX1,eDrive20 67 kWh,2025 | 8150 km | Elektrisch,€ 48.450,https://www.dusseldorpbmw.nl/aanbod/bmw-ix1-company-car-edrive20-67-kwh-43088706
Dusseldorp Oostzaan,BMW 3 Serie,Touring 318i,2025 | 22450 km | Benzine,€ 49.950,https://www.dusseldorpbmw.nl/aanbod/bmw-3-serie-company-car-touring-318i-43096816
Dusseldorp Schiedam,BMW i4,eDrive35 M Sport Edition 70 kWh,2025 | 6999 km | Elektrisch,€ 56.950,https://www.dusseldorpbmw.nl/aanbod/bmw-i4-company-car-edrive35-m-sport-edition-70-kwh-43130006
Dusseldorp Den Haag,BMW 1 Serie,120i M-Sport Pro,2025 | 16999 km | Benzine,€ 45.750,https://www.dusseldorpbmw.nl/aanbod/bmw-1-serie-company-car-120i-m-sport-pro-43133392
Dusseldorp Den Haag,BMW iX1,eDrive20 67 kWh,2025 | 6999 km | Elektrisch,€ 44.900,https://www.dusseldorpbmw.nl/aanbod/bmw-ix1-company-car-edrive20-67-kwh-43140555
Dusseldorp Den Haag,BMW 3 Serie,Touring 318i M-Sport Pro,2025 | 12999 km | Benzine,€ 56.900,https://www.dusseldorpbmw.nl/aanbod/bmw-3-serie-company-car-touring-318i-m-sport-pro-43153890
Dusseldorp Apeldoorn,BMW 3 Serie,318i High Executive - M Sport - 19 inch,2022 | 79098 km | Benzine,€ 31.450,https://www.dusseldorpbmw.nl/aanbod/bmw-3-serie-occasion-318i-high-executive---m-sport---19-inch-43157958
Dusseldorp Wateringen,BMW X1,xDrive25e,2025 | 6999 km | Hybrid,€ 51.950,https://www.dusseldorpbmw.nl/aanbod/bmw-x1-company-car-xdrive25e-43166007
Dusseldorp Hoorn,BMW 2 Serie,Gran Coupé 220,2025 | 9500 km | Benzine,€ 48.950,https://www.dusseldorpbmw.nl/aanbod/bmw-2-serie-company-car-gran-coupe-220-43177030
Dusseldorp Deventer,BMW X7,xDrive40i,2024 | 21101 km | Benzine,€ 124.950,https://www.dusseldorpbmw.nl/aanbod/bmw-x7-occasion-xdrive40i-43186269
Dusseldorp Wateringen,BMW 3 Serie,320e M Sport,2025 | 19999 km | Hybrid,€ 53.950,https://www.dusseldorpbmw.nl/aanbod/bmw-3-serie-company-car-320e-m-sport-43186408
Dusseldorp Deventer,BMW iX,M60 High Executive 112 kWh,2025 | 22496 km | Elektrisch,€ 99.950,https://www.dusseldorpbmw.nl/aanbod/bmw-ix-company-car-m60-high-executive-112-kwh-43196387
Dusseldorp Den Haag,BMW 7 Serie,750e xDrive M-Sport Pro,2025 | 16999 km | Hybrid,€ 124.900,https://www.dusseldorpbmw.nl/aanbod/bmw-7-serie-company-car-750e-xdrive-m-sport-pro-43208895
Dusseldorp Den Haag,BMW i4,eDrive40 84 kWh,2025 | 10 km | Elektrisch,€ 74.732,https://www.dusseldorpbmw.nl/aanbod/bmw-i4-nieuw-edrive40-84-kwh-43210162
Dusseldorp Apeldoorn,BMW 4 Serie,Cabrio 420i,2025 | 7735 km | Benzine,€ 77.450,https://www.dusseldorpbmw.nl/aanbod/bmw-4-serie-occasion-cabrio-420i-43212549
Dusseldorp Alkmaar,BMW 3 Serie,Touring 330e M Sport Pro,2025 | 12659 km | Hybrid,€ 61.950,https://www.dusseldorpbmw.nl/aanbod/bmw-3-serie-company-car-touring-330e-m-sport-pro-43260264
Dusseldorp Alkmaar,BMW i7,eDrive50 106 kWh M Sport,2025 | 16541 km | Elektrisch,€ 99.950,https://www.dusseldorpbmw.nl/aanbod/bmw-i7-company-car-edrive50-106-kwh-m-sport-43268651
Dusseldorp Den Haag,BMW i4,eDrive40 84 kWh,2025 | 10 km | Elektrisch,€ 80.832,https://www.dusseldorpbmw.nl/aanbod/bmw-i4-nieuw-edrive40-84-kwh-43270745
Dusseldorp Den Haag,BMW 2 Serie,Gran Coupé M-Sport,2025 | 6999 km | Benzine,€ 47.900,https://www.dusseldorpbmw.nl/aanbod/bmw-2-serie-company-car-gran-coupe-m-sport-43285793
Dusseldorp Den Haag,BMW 1 Serie,120,2025 | 6999 km | Benzine,€ 42.900,https://www.dusseldorpbmw.nl/aanbod/bmw-1-serie-company-car-120-43286351
Dusseldorp Den Haag,BMW 1 Serie,120,2025 | 6999 km | Benzine,€ 42.450,https://www.dusseldorpbmw.nl/aanbod/bmw-1-serie-company-car-120-43286638
Dusseldorp Oostzaan,BMW 1 Serie,120,2025 | 10 km | Benzine,€ 49.644,https://www.dusseldorpbmw.nl/aanbod/bmw-1-serie-nieuw-120-43286952
Dusseldorp Apeldoorn,BMW 5 Serie,520i Touring M Sport Pro - Trekhaak,2025 | 6999 km | Benzine,€ 89.419,https://www.dusseldorpbmw.nl/aanbod/bmw-5-serie-company-car-520i-touring-m-sport-pro---trekhaak-43294749
Dusseldorp Alkmaar,BMW 1 Serie,120 M Sport,2025 | 7961 km | Benzine,€ 41.950,https://www.dusseldorpbmw.nl/aanbod/bmw-1-serie-company-car-120-m-sport-43310165
Dusseldorp Oostzaan,BMW 3 Serie,Touring 330e,2025 | 14300 km | Hybrid,€ 59.950,https://www.dusseldorpbmw.nl/aanbod/bmw-3-serie-company-car-touring-330e-43311347
Dusseldorp Alkmaar,BMW X6M,Competition,2025 | 10 km | Benzine,€ 274.087,https://www.dusseldorpbmw.nl/aanbod/bmw-x6m-nieuw-competition-43314057
Dusseldorp Schiedam,BMW M4,Competition M xDrive Cabrio,2025 | 10 km | Benzine,€ 180.346,https://www.dusseldorpbmw.nl/aanbod/bmw-m4-nieuw-competition-m-xdrive-cabrio-43317426
Dusseldorp Schiedam,BMW 2 Serie,Active Tourer 225e xDrive,2025 | 6999 km | Hybrid,€ 53.950,https://www.dusseldorpbmw.nl/aanbod/bmw-2-serie-company-car-active-tourer-225e-xdrive-43317944
Dusseldorp Den Haag,BMW i4,eDrive35 70 kWh,2025 | 10 km | Elektrisch,€ 71.325,https://www.dusseldorpbmw.nl/aanbod/bmw-i4-nieuw-edrive35-70-kwh-43319437
Dusseldorp Den Haag,BMW i4,eDrive35 70 kWh,2025 | 10 km | Elektrisch,€ 75.878,https://www.dusseldorpbmw.nl/aanbod/bmw-i4-nieuw-edrive35-70-kwh-43319467
Dusseldorp Schiedam,BMW iX1,eDrive20 67 kWh,2025 | 6999 km | Elektrisch,€ 51.950,https://www.dusseldorpbmw.nl/aanbod/bmw-ix1-company-car-edrive20-67-kwh-43328401
Dusseldorp Schiedam,BMW iX1,eDrive20 67 kWh,2025 | 10 km | Elektrisch,€ 62.044,https://www.dusseldorpbmw.nl/aanbod/bmw-ix1-nieuw-edrive20-67-kwh-43328632
Dusseldorp Schiedam,BMW iX1,eDrive20 67 kWh,2025 | 10 km | Elektrisch,€ 62.889,https://www.dusseldorpbmw.nl/aanbod/bmw-ix1-nieuw-edrive20-67-kwh-43329035
Dusseldorp Alkmaar,BMW 1 Serie,120 M Sport,2025 | 5341 km | Benzine,€ 50.144,https://www.dusseldorpbmw.nl/aanbod/bmw-1-serie-company-car-120-m-sport-43329499
Dusseldorp Schiedam,BMW i4,eDrive35 M Sport Edition 70 kWh,2025 | 9999 km | Elektrisch,€ 59.950,https://www.dusseldorpbmw.nl/aanbod/bmw-i4-company-car-edrive35-m-sport-edition-70-kwh-43329730
Dusseldorp Oostzaan,BMW iX1,eDrive20 67 kWh,2025 | 10 km | Elektrisch,€ 63.844,https://www.dusseldorpbmw.nl/aanbod/bmw-ix1-nieuw-edrive20-67-kwh-43330155
Dusseldorp Schiedam,BMW XM,PHEV 50e 30 kWh,2025 | 4999 km | Hybrid,€ 119.950,https://www.dusseldorpbmw.nl/aanbod/bmw-xm-company-car-phev-50e-30-kwh-43337706
Dusseldorp Deventer,BMW iX,xDrive M70 112 kWh,2025 | 5 km | Elektrisch,€ 149.219,https://www.dusseldorpbmw.nl/aanbod/bmw-ix-nieuw-xdrive-m70-112-kwh-43338738
Dusseldorp Deventer,BMW 2 Serie,220 Gran Coupé,2025 | 10 km | Benzine,€ 60.993,https://www.dusseldorpbmw.nl/aanbod/bmw-2-serie-company-car-220-gran-coupe-43339685
Dusseldorp Apeldoorn,BMW iX3,High Executive Edition 80 kWh,2025 | 8532 km | Elektrisch,€ 61.950,https://www.dusseldorpbmw.nl/aanbod/bmw-ix3-company-car-high-executive-edition-80-kwh-43352256
Dusseldorp Brielle,BMW 3 Serie,330e eDrive Edition,2020 | 75689 km | Hybrid,€ 31.950,https://www.dusseldorpbmw.nl/aanbod/bmw-3-serie-occasion-330e-edrive-edition-43352478
Dusseldorp Schiedam,BMW 5 Serie,Touring 530e M Sport Edition,2025 | 11999 km | Hybrid,€ 68.950,https://www.dusseldorpbmw.nl/aanbod/bmw-5-serie-company-car-touring-530e-m-sport-edition-43353752
Dusseldorp Den Haag,BMW iX1,eDrive20 67 kWh,2025 | 10 km | Elektrisch,€ 54.181,https://www.dusseldorpbmw.nl/aanbod/bmw-ix1-nieuw-edrive20-67-kwh-43356830
Dusseldorp Rotterdam Noord,BMW 2 Serie,Active Tourer 223i M Sport,2022 | 33826 km | Benzine,€ 38.950,https://www.dusseldorpbmw.nl/aanbod/bmw-2-serie-occasion-active-tourer-223i-m-sport-43360392
Dusseldorp Apeldoorn,BMW i4,eDrive40 M Sport - Trekhaak,2025 | 10 km | Elektrisch,€ 74.732,https://www.dusseldorpbmw.nl/aanbod/bmw-i4-nieuw-edrive40-m-sport---trekhaak-43360411
Dusseldorp Apeldoorn,BMW 5 Serie,Touring 530e M Sport Edition,2025 | 10999 km | Hybrid,€ 69.950,https://www.dusseldorpbmw.nl/aanbod/bmw-5-serie-company-car-touring-530e-m-sport-edition-43360463
Dusseldorp Schiedam,BMW iX,xDrive45 101 kWh,2025 | 10 km | Elektrisch,€ 115.231,https://www.dusseldorpbmw.nl/aanbod/bmw-ix-nieuw-xdrive45-101-kwh-43361692
Dusseldorp Brielle,BMW iX,xDrive45 101 kWh,2025 | 10 km | Elektrisch,€ 117.935,https://www.dusseldorpbmw.nl/aanbod/bmw-ix-nieuw-xdrive45-101-kwh-43361882
Dusseldorp Brielle,BMW 4 Serie,430i xDrive Cabrio,2024 | 20327 km | Benzine,€ 64.750,https://www.dusseldorpbmw.nl/aanbod/bmw-4-serie-occasion-430i-xdrive-cabrio-43362777
Dusseldorp Schiedam,BMW 2 Serie,Active Tourer 225e xDrive,2025 | 6999 km | Hybrid,€ 53.950,https://www.dusseldorpbmw.nl/aanbod/bmw-2-serie-company-car-active-tourer-225e-xdrive-43375913
Dusseldorp Schiedam,BMW i4,eDrive35 70 kWh,2025 | 10 km | Elektrisch,€ 66.051,https://www.dusseldorpbmw.nl/aanbod/bmw-i4-nieuw-edrive35-70-kwh-43376241
Dusseldorp Schiedam,BMW i4,eDrive35 M Sport Edition 70 kWh,2025 | 9999 km | Elektrisch,€ 55.950,https://www.dusseldorpbmw.nl/aanbod/bmw-i4-company-car-edrive35-m-sport-edition-70-kwh-43377595
Dusseldorp Schiedam,BMW i4,eDrive40 84 kWh,2025 | 10 km | Elektrisch,€ 71.676,https://www.dusseldorpbmw.nl/aanbod/bmw-i4-nieuw-edrive40-84-kwh-43378245
Dusseldorp Rotterdam Zuid,BMW i4,eDrive35 M Sport Pro,2025 | 10000 km | Elektrisch,€ 57.950,https://www.dusseldorpbmw.nl/aanbod/bmw-i4-company-car-edrive35-m-sport-pro-43388503
Dusseldorp Den Haag,BMW 2 Serie,225e xDrive Active Tourer,2025 | 6999 km | Hybrid,€ 53.900,https://www.dusseldorpbmw.nl/aanbod/bmw-2-serie-company-car-225e-xdrive-active-tourer-43412133
Dusseldorp Den Haag,BMW 2 Serie,220 Gran Coupé,2025 | 6999 km | Benzine,€ 45.900,https://www.dusseldorpbmw.nl/aanbod/bmw-2-serie-company-car-220-gran-coupe-43412139
Dusseldorp Den Haag,BMW 1 Serie,120,2025 | 6999 km | Benzine,€ 40.900,https://www.dusseldorpbmw.nl/aanbod/bmw-1-serie-company-car-120-43412147
Dusseldorp Den Haag,BMW 1 Serie,120,2025 | 6999 km | Benzine,€ 43.900,https://www.dusseldorpbmw.nl/aanbod/bmw-1-serie-company-car-120-43412155
Dusseldorp Den Haag,BMW 1 Serie,120 M Sport Design Edition,2025 | 6999 km | Benzine,€ 42.900,https://www.dusseldorpbmw.nl/aanbod/bmw-1-serie-company-car-120-m-sport-design-edition-43424571
Dusseldorp Brielle,BMW 5 Serie,530e High Executive Luxury,2021 | 51337 km | Hybrid,€ 38.750,https://www.dusseldorpbmw.nl/aanbod/bmw-5-serie-occasion-530e-high-executive-luxury-43428967
Dusseldorp Alkmaar,BMW iX1,eDrive 20 67 kWh M Sport,2025 | 8999 km | Elektrisch,€ 48.750,https://www.dusseldorpbmw.nl/aanbod/bmw-ix1-company-car-edrive-20-67-kwh-m-sport-43446380
Dusseldorp Apeldoorn,BMW 2 Serie,Gran Coupé 218i High Executive - M Sport - Trekhaak,2022 | 48456 km | Benzine,€ 29.750,https://www.dusseldorpbmw.nl/aanbod/bmw-2-serie-occasion-gran-coupe-218i-high-executive---m-sport---trekhaak-43447128
Dusseldorp Den Haag,BMW 2 Serie,220 Gran Coupé,2025 | 6999 km | Benzine,€ 45.900,https://www.dusseldorpbmw.nl/aanbod/bmw-2-serie-company-car-220-gran-coupe-43459521
Dusseldorp Den Haag,BMW X3,20 xDrive,2025 | 10 km | Benzine,€ 92.469,https://www.dusseldorpbmw.nl/aanbod/bmw-x3-nieuw-20-xdrive-43459693
Dusseldorp Den Haag,BMW 3 Serie,Touring 330e M-Sport,2025 | 6999 km | Hybrid,€ 60.900,https://www.dusseldorpbmw.nl/aanbod/bmw-3-serie-company-car-touring-330e-m-sport-43461798
Dusseldorp Den Haag,BMW 1 Serie,120i M-Sport Pro,2025 | 6999 km | Benzine,€ 48.900,https://www.dusseldorpbmw.nl/aanbod/bmw-1-serie-company-car-120i-m-sport-pro-43462080
Dusseldorp Den Haag,BMW 5 Serie,Touring 520i,2025 | 10 km | Benzine,€ 91.247,https://www.dusseldorpbmw.nl/aanbod/bmw-5-serie-nieuw-touring-520i-43475238
Dusseldorp Alkmaar,BMW X5,xDrive30d M Sport Pro,2024 | 11973 km | Diesel,€ 108.950,https://www.dusseldorpbmw.nl/aanbod/bmw-x5-occasion-xdrive30d-m-sport-pro-43478219
Dusseldorp Rotterdam Noord,BMW M3,Competition xDrive Touring,2025 | 10 km | Benzine,€ 189.665,https://www.dusseldorpbmw.nl/aanbod/bmw-m3-nieuw-competition-xdrive-touring-43479480
Dusseldorp Zwolle,BMW 5 Serie,520i Sedan High Exe M-Sport Aut.,2022 | 61157 km | Benzine,€ 39.950,https://www.dusseldorpbmw.nl/aanbod/bmw-5-serie-occasion-520i-sedan-high-exe-m-sport-aut-43504524
Dusseldorp Hoorn,BMW 5 Serie,M5 sedan,2019 | 115513 km | Benzine,€ 69.950,https://www.dusseldorpbmw.nl/aanbod/bmw-5-serie-occasion-m5-sedan-43506536
Dusseldorp Alkmaar,BMW 2 Serie,Gran Coupé 220 M Sport Pro,2025 | 8851 km | Benzine,€ 47.950,https://www.dusseldorpbmw.nl/aanbod/bmw-2-serie-company-car-gran-coupe-220-m-sport-pro-43524059
Dusseldorp Alkmaar,BMW 1 Serie,120 M Sport,2025 | 6954 km | Benzine,€ 40.950,https://www.dusseldorpbmw.nl/aanbod/bmw-1-serie-company-car-120-m-sport-43524080
Dusseldorp Schiedam,BMW X5,xDrive50e,2024 | 29255 km | Hybrid,€ 99.950,https://www.dusseldorpbmw.nl/aanbod/bmw-x5-occasion-xdrive50e-43524901
Dusseldorp Hoorn,BMW iX1,eDrive20 67 kWh,2025 | 10 km | Elektrisch,€ 62.044,https://www.dusseldorpbmw.nl/aanbod/bmw-ix1-nieuw-edrive20-67-kwh-43532316
Dusseldorp Deventer,BMW 1 Serie,120,2025 | 21000 km | Benzine,€ 43.450,https://www.dusseldorpbmw.nl/aanbod/bmw-1-serie-occasion-120-43537100
Dusseldorp Deventer,BMW i4,eDrive40 84 kWh,2025 | 10000 km | Elektrisch,€ 64.950,https://www.dusseldorpbmw.nl/aanbod/bmw-i4-company-car-edrive40-84-kwh-43558964
Dusseldorp Rotterdam Zuid,BMW 4 Serie,M440i xDrive Cabrio M Sport Pro,2023 | 76399 km | Benzine,€ 64.950,https://www.dusseldorpbmw.nl/aanbod/bmw-4-serie-occasion-m440i-xdrive-cabrio-m-sport-pro-43589539
Dusseldorp Zwolle,BMW 7 Serie,M760e xDrive M-Sport Aut.,2024 | 9788 km | Hybrid,€ 129.950,https://www.dusseldorpbmw.nl/aanbod/bmw-7-serie-occasion-m760e-xdrive-m-sport-aut-43592510
Dusseldorp Deventer,BMW 1 Serie,120 M-Sport,2025 | 9820 km | Benzine,€ 42.750,https://www.dusseldorpbmw.nl/aanbod/bmw-1-serie-company-car-120-m-sport-43592781
Dusseldorp Zwolle,BMW 1 Serie,120 M-Sport Design Edit. Aut.,2025 | 15000 km | Benzine,€ 42.950,https://www.dusseldorpbmw.nl/aanbod/bmw-1-serie-company-car-120-m-sport-design-edit-aut-43595574
Dusseldorp Oostzaan,BMW i4,eDrive35 70 kWh,2025 | 10 km | Elektrisch,€ 64.820,https://www.dusseldorpbmw.nl/aanbod/bmw-i4-nieuw-edrive35-70-kwh-43616344
Dusseldorp Zwolle,BMW i5,Touring eDrive40 M-Sport Edit. 84 kWh,2025 | 17500 km | Elektrisch,€ 67.450,https://www.dusseldorpbmw.nl/aanbod/bmw-i5-company-car-touring-edrive40-m-sport-edit-84-kwh-43616348
Dusseldorp Rotterdam Noord,BMW 1 Serie,120 M Sport,2025 | 4500 km | Benzine,€ 45.750,https://www.dusseldorpbmw.nl/aanbod/bmw-1-serie-company-car-120-m-sport-43616409
Dusseldorp Zwolle,BMW 3 Serie,330e Touring M-Sport Aut. Hybrid,2024 | 16414 km | Hybrid,€ 51.450,https://www.dusseldorpbmw.nl/aanbod/bmw-3-serie-occasion-330e-touring-m-sport-aut-hybrid-43618723
Dusseldorp Deventer,BMW 1 Serie,120 M-Sport,2025 | 7980 km | Benzine,€ 42.450,https://www.dusseldorpbmw.nl/aanbod/bmw-1-serie-company-car-120-m-sport-43618802
Dusseldorp Rotterdam Noord,BMW i5,Touring eDrive40 M Sport Pro,2025 | 9500 km | Elektrisch,€ 72.950,https://www.dusseldorpbmw.nl/aanbod/bmw-i5-company-car-touring-edrive40-m-sport-pro-43637574
Dusseldorp Den Haag,BMW 3 Serie,Touring 330e M-Sport,2025 | 6999 km | Hybrid,€ 64.900,https://www.dusseldorpbmw.nl/aanbod/bmw-3-serie-company-car-touring-330e-m-sport-43642287
Dusseldorp Rotterdam Zuid,BMW i5,eDrive40 M-Sport Pro,2025 | 10 km | Elektrisch,€ 89.204,https://www.dusseldorpbmw.nl/aanbod/bmw-i5-nieuw-edrive40-m-sport-pro-43644379
Dusseldorp Rotterdam Zuid,BMW X6,xDrive40i M Sport Pro,2025 | 10 km | Benzine,€ 159.818,https://www.dusseldorpbmw.nl/aanbod/bmw-x6-nieuw-xdrive40i-m-sport-pro-43644404
Dusseldorp Hoorn,BMW iX,xDrive45 101 kWh,2025 | 4000 km | Elektrisch,€ 99.950,https://www.dusseldorpbmw.nl/aanbod/bmw-ix-company-car-xdrive45-101-kwh-43644465
Dusseldorp Zwolle,BMW 1 Serie,120 M-Sport Aut.,2025 | 12500 km | Benzine,€ 42.450,https://www.dusseldorpbmw.nl/aanbod/bmw-1-serie-company-car-120-m-sport-aut-43644485
Dusseldorp Wateringen,BMW iX1,xDrive30 Launch Edition,2025 | 6999 km | Elektrisch,€ 55.950,https://www.dusseldorpbmw.nl/aanbod/bmw-ix1-company-car-xdrive30-launch-edition-43671588
Dusseldorp Schiedam,BMW 2 Serie,Active Tourer 218i Executive Edition,2020 | 89516 km | Benzine,€ 19.750,https://www.dusseldorpbmw.nl/aanbod/bmw-2-serie-occasion-active-tourer-218i-executive-edition-43675737
Dusseldorp Zwolle,BMW 4 Serie,M440i xDrive Cabriolet Aut.,2025 | 10 km | Benzine,€ 126.997,https://www.dusseldorpbmw.nl/aanbod/bmw-4-serie-nieuw-m440i-xdrive-cabriolet-aut-43677284
Dusseldorp Oostzaan,BMW M3,CS Touring,2025 | 10 km | Benzine,€ 214.012,https://www.dusseldorpbmw.nl/aanbod/bmw-m3-nieuw-cs-touring-43677340
Dusseldorp Deventer,BMW 5 Serie,520i Business Edition Plus,2024 | 18445 km | Benzine,€ 53.750,https://www.dusseldorpbmw.nl/aanbod/bmw-5-serie-occasion-520i-business-edition-plus-43679300
Dusseldorp Den Haag,BMW 1 Serie,120,2025 | 6999 km | Benzine,€ 41.900,https://www.dusseldorpbmw.nl/aanbod/bmw-1-serie-company-car-120-43695385
Dusseldorp Rotterdam Noord,BMW 3 Serie,Touring 330e M Sport Pro,2025 | 25000 km | Hybrid,€ 55.950,https://www.dusseldorpbmw.nl/aanbod/bmw-3-serie-company-car-touring-330e-m-sport-pro-43708210
Dusseldorp Rotterdam Zuid,BMW 1 Serie,120 M Sport,2025 | 7500 km | Benzine,€ 42.450,https://www.dusseldorpbmw.nl/aanbod/bmw-1-serie-company-car-120-m-sport-43708707
Dusseldorp Rotterdam Zuid,BMW i4,eDrive40 M Sport Pro,2025 | 7500 km | Elektrisch,€ 59.950,https://www.dusseldorpbmw.nl/aanbod/bmw-i4-company-car-edrive40-m-sport-pro-43720602
Dusseldorp Rotterdam Zuid,BMW 1 Serie,120 M Sport,2025 | 7500 km | Benzine,€ 42.450,https://www.dusseldorpbmw.nl/aanbod/bmw-1-serie-company-car-120-m-sport-43720638
Dusseldorp Den Haag,BMW iX2,eDrive20 67kWh,2025 | 10 km | Elektrisch,€ 64.659,https://www.dusseldorpbmw.nl/aanbod/bmw-ix2-nieuw-edrive20-67kwh-43720972
Dusseldorp Brielle,BMW X1,xDrive30e,2024 | 27341 km | Hybrid,€ 56.950,https://www.dusseldorpbmw.nl/aanbod/bmw-x1-occasion-xdrive30e-43721793
Dusseldorp Brielle,BMW 1 Serie,120 M-Sport Pro Trekhaak,2025 | 24999 km | Benzine,€ 46.450,https://www.dusseldorpbmw.nl/aanbod/bmw-1-serie-company-car-120-m-sport-pro-trekhaak-43731050
Dusseldorp Rotterdam Zuid,BMW X5,xDrive50e M Sport Pro,2024 | 7792 km | Hybrid,€ 99.950,https://www.dusseldorpbmw.nl/aanbod/bmw-x5-occasion-xdrive50e-m-sport-pro-43735638
Dusseldorp Deventer,BMW 2 Serie,216i 7p. Business Edition,2021 | 111793 km | Benzine,€ 18.900,https://www.dusseldorpbmw.nl/aanbod/bmw-2-serie-occasion-216i-7p-business-edition-43736293
Dusseldorp Schiedam,BMW 3 Serie,Touring 330e,2025 | 11999 km | Hybrid,€ 61.450,https://www.dusseldorpbmw.nl/aanbod/bmw-3-serie-company-car-touring-330e-43738229
Dusseldorp Schiedam,BMW iX1,eDrive20 67 kWh,2025 | 6999 km | Elektrisch,€ 49.950,https://www.dusseldorpbmw.nl/aanbod/bmw-ix1-company-car-edrive20-67-kwh-43740815
Dusseldorp Den Haag,BMW 1 Serie,120i M-Sport,2025 | 14950 km | Benzine,€ 42.900,https://www.dusseldorpbmw.nl/aanbod/bmw-1-serie-company-car-120i-m-sport-43743428
Dusseldorp Apeldoorn,BMW 1 Serie,M Sport Design Edition,2025 | 7652 km | Benzine,€ 40.950,https://www.dusseldorpbmw.nl/aanbod/bmw-1-serie-company-car-m-sport-design-edition-43755868
Dusseldorp Apeldoorn,BMW 5 Serie,530e M Sport Edition,2025 | 8965 km | Hybrid,€ 72.900,https://www.dusseldorpbmw.nl/aanbod/bmw-5-serie-company-car-530e-m-sport-edition-43755876
Dusseldorp Alkmaar,BMW iX1,eDrive20 67 kWh M Sport,2025 | 5410 km | Elektrisch,€ 49.750,https://www.dusseldorpbmw.nl/aanbod/bmw-ix1-company-car-edrive20-67-kwh-m-sport-43767412
Dusseldorp Hoorn,BMW iX1,eDrive20 67 kWh,2025 | 3826 km | Elektrisch,€ 48.950,https://www.dusseldorpbmw.nl/aanbod/bmw-ix1-occasion-edrive20-67-kwh-43779186
Dusseldorp Rotterdam Noord,BMW i4,eDrive40 M Sport,2025 | 10 km | Elektrisch,€ 69.211,https://www.dusseldorpbmw.nl/aanbod/bmw-i4-nieuw-edrive40-m-sport-43779520
Dusseldorp Rotterdam Zuid,BMW iX,xDrive45 M Sport Pro,2025 | 10 km | Elektrisch,€ 112.917,https://www.dusseldorpbmw.nl/aanbod/bmw-ix-nieuw-xdrive45-m-sport-pro-43779567
Dusseldorp Zwolle,BMW iX,xDrive45 M-Sport Pro Aut. 101 kWh,2025 | 10 km | Elektrisch,€ 110.213,https://www.dusseldorpbmw.nl/aanbod/bmw-ix-nieuw-xdrive45-m-sport-pro-aut-101-kwh-43779591
Dusseldorp Den Haag,BMW 5 Serie,530e M-Sport Pro,2025 | 6999 km | Hybrid,€ 72.900,https://www.dusseldorpbmw.nl/aanbod/bmw-5-serie-company-car-530e-m-sport-pro-43779766
Dusseldorp Den Haag,BMW iX1,eDrive20 M-Sport,2025 | 6999 km | Elektrisch,€ 48.900,https://www.dusseldorpbmw.nl/aanbod/bmw-ix1-company-car-edrive20-m-sport-43779845
Dusseldorp Den Haag,BMW i7,eDrive50 106 kWh,2025 | 6999 km | Elektrisch,€ 102.900,https://www.dusseldorpbmw.nl/aanbod/bmw-i7-company-car-edrive50-106-kwh-43779858
Dusseldorp Den Haag,BMW iX1,eDrive 20 M-Sport Pro,2025 | 12999 km | Elektrisch,€ 51.750,https://www.dusseldorpbmw.nl/aanbod/bmw-ix1-company-car-edrive-20-m-sport-pro-43779877
Dusseldorp Den Haag,BMW X1,sDrive20i,2025 | 6999 km | Benzine,€ 55.900,https://www.dusseldorpbmw.nl/aanbod/bmw-x1-company-car-sdrive20i-43779890
Dusseldorp Den Haag,BMW 2 Serie,220i M-Sport Pro,2025 | 6999 km | Benzine,€ 47.900,https://www.dusseldorpbmw.nl/aanbod/bmw-2-serie-company-car-220i-m-sport-pro-43779911
Dusseldorp Den Haag,BMW iX2,eDrive20 67kWh,2025 | 6999 km | Elektrisch,€ 52.900,https://www.dusseldorpbmw.nl/aanbod/bmw-ix2-company-car-edrive20-67kwh-43779920
Dusseldorp Den Haag,BMW 1 Serie,120,2025 | 6999 km | Benzine,€ 42.900,https://www.dusseldorpbmw.nl/aanbod/bmw-1-serie-company-car-120-43780228
Dusseldorp Den Haag,BMW 1 Serie,120 M-Sport,2025 | 6999 km | Benzine,€ 44.900,https://www.dusseldorpbmw.nl/aanbod/bmw-1-serie-company-car-120-m-sport-43780282
Dusseldorp Schiedam,BMW i4,eDrive35 70 kWh,2025 | 10 km | Elektrisch,€ 68.046,https://www.dusseldorpbmw.nl/aanbod/bmw-i4-nieuw-edrive35-70-kwh-43780383
Dusseldorp Den Haag,BMW 5 Serie,520i M-Sport Pro,2025 | 6999 km | Benzine,€ 68.950,https://www.dusseldorpbmw.nl/aanbod/bmw-5-serie-company-car-520i-m-sport-pro-43780385
Dusseldorp Den Haag,BMW iX1,eDrive20 67 kWh,2025 | 6999 km | Elektrisch,€ 49.850,https://www.dusseldorpbmw.nl/aanbod/bmw-ix1-company-car-edrive20-67-kwh-43780434
Dusseldorp Schiedam,BMW i4,eDrive35 70 kWh,2025 | 10 km | Elektrisch,€ 68.046,https://www.dusseldorpbmw.nl/aanbod/bmw-i4-nieuw-edrive35-70-kwh-43780493
Dusseldorp Wateringen,BMW i4,eDrive35 High Executive 70 kWh,2025 | 6999 km | Elektrisch,€ 51.950,https://www.dusseldorpbmw.nl/aanbod/bmw-i4-company-car-edrive35-high-executive-70-kwh-43781305
Dusseldorp Wateringen,BMW 1 Serie,120,2025 | 6999 km | Benzine,€ 42.450,https://www.dusseldorpbmw.nl/aanbod/bmw-1-serie-company-car-120-43781848
Dusseldorp Wateringen,BMW 1 Serie,120,2025 | 12999 km | Benzine,€ 41.750,https://www.dusseldorpbmw.nl/aanbod/bmw-1-serie-company-car-120-43781851
Dusseldorp Schiedam,BMW iX1,eDrive20 67 kWh,2025 | 10 km | Elektrisch,€ 57.000,https://www.dusseldorpbmw.nl/aanbod/bmw-ix1-nieuw-edrive20-67-kwh-43781926
Dusseldorp Den Haag,BMW 1 Serie,120i M-Sport,2025 | 6999 km | Benzine,€ 42.450,https://www.dusseldorpbmw.nl/aanbod/bmw-1-serie-company-car-120i-m-sport-43782243
Dusseldorp Schiedam,BMW iX1,eDrive20 67 kWh,2025 | 10 km | Elektrisch,€ 55.950,https://www.dusseldorpbmw.nl/aanbod/bmw-ix1-nieuw-edrive20-67-kwh-43782888
Dusseldorp Brielle,BMW 1 Serie,120 M Sport Design Edition,2025 | 3999 km | Benzine,€ 42.950,https://www.dusseldorpbmw.nl/aanbod/bmw-1-serie-company-car-120-m-sport-design-edition-43784946
Dusseldorp Den Haag,BMW iX2,xDrive30 M-Sport Pro 67kWh,2025 | 6999 km | Elektrisch,€ 62.900,https://www.dusseldorpbmw.nl/aanbod/bmw-ix2-company-car-xdrive30-m-sport-pro-67kwh-43791306
Dusseldorp Den Haag,BMW i4,eDrive35 M-Sport 70 kWh,2025 | 6999 km | Elektrisch,€ 55.450,https://www.dusseldorpbmw.nl/aanbod/bmw-i4-company-car-edrive35-m-sport-70-kwh-43791328
Dusseldorp Schiedam,BMW iX1,eDrive20 67 kWh,2025 | 10 km | Elektrisch,€ 55.950,https://www.dusseldorpbmw.nl/aanbod/bmw-ix1-nieuw-edrive20-67-kwh-43791561
Dusseldorp Schiedam,BMW iX1,eDrive20 67 kWh,2025 | 10 km | Elektrisch,€ 55.950,https://www.dusseldorpbmw.nl/aanbod/bmw-ix1-nieuw-edrive20-67-kwh-43791621
Dusseldorp Schiedam,BMW iX1,eDrive20 67 kWh,2025 | 6999 km | Elektrisch,€ 55.950,https://www.dusseldorpbmw.nl/aanbod/bmw-ix1-company-car-edrive20-67-kwh-43791851
Dusseldorp Den Haag,BMW 5 Serie,Touring 530e M-Sport,2025 | 6999 km | Hybrid,€ 68.900,https://www.dusseldorpbmw.nl/aanbod/bmw-5-serie-company-car-touring-530e-m-sport-43805991
Dusseldorp Alkmaar,BMW 3 Serie,Touring 330e M Sport,2025 | 2999 km | Hybrid,€ 73.883,https://www.dusseldorpbmw.nl/aanbod/bmw-3-serie-company-car-touring-330e-m-sport-43806373
Dusseldorp Hoorn,BMW X3,xDrive20i High Executive,2024 | 5992 km | Benzine,€ 62.450,https://www.dusseldorpbmw.nl/aanbod/bmw-x3-occasion-xdrive20i-high-executive-43806719
Dusseldorp Wateringen,BMW i5,Touring eDrive40 M Sport Edition 84 kWh,2025 | 12999 km | Elektrisch,€ 76.950,https://www.dusseldorpbmw.nl/aanbod/bmw-i5-company-car-touring-edrive40-m-sport-edition-84-kwh-43809756
Dusseldorp Wateringen,BMW iX1,eDrive20 67 kWh,2025 | 6999 km | Elektrisch,€ 49.950,https://www.dusseldorpbmw.nl/aanbod/bmw-ix1-company-car-edrive20-67-kwh-43809762
Dusseldorp Oostzaan,BMW XM,PHEV 50e 30 kWh,2024 | 31795 km | Hybrid,€ 109.850,https://www.dusseldorpbmw.nl/aanbod/bmw-xm-occasion-phev-50e-30-kwh-43812654
Dusseldorp Den Haag,BMW 1 Serie,120i M-Sport,2025 | 6999 km | Benzine,€ 42.250,https://www.dusseldorpbmw.nl/aanbod/bmw-1-serie-company-car-120i-m-sport-43814825
Dusseldorp Alkmaar,BMW i4,eDrive40 84 kWh M Sport,2025 | 4996 km | Elektrisch,€ 62.450,https://www.dusseldorpbmw.nl/aanbod/bmw-i4-company-car-edrive40-84-kwh-m-sport-43819774
Dusseldorp Alkmaar,BMW i4,eDrive35 M Sport Edition 70 kWh,2025 | 4251 km | Elektrisch,€ 59.950,https://www.dusseldorpbmw.nl/aanbod/bmw-i4-company-car-edrive35-m-sport-edition-70-kwh-43831688
Dusseldorp Brielle,BMW Z4,Roadster sDrive30i,2021 | 10156 km | Benzine,€ 56.950,https://www.dusseldorpbmw.nl/aanbod/bmw-z4-occasion-roadster-sdrive30i-43832013
Dusseldorp Brielle,BMW 1 Serie,120 M Sport Design Edition,2025 | 3999 km | Benzine,€ 42.950,https://www.dusseldorpbmw.nl/aanbod/bmw-1-serie-company-car-120-m-sport-design-edition-43832031
Dusseldorp Den Haag,BMW iX1,xDrive30 Launch Edition 67 kWh,2025 | 6999 km | Elektrisch,€ 56.050,https://www.dusseldorpbmw.nl/aanbod/bmw-ix1-company-car-xdrive30-launch-edition-67-kwh-43834253
Dusseldorp Brielle,BMW iX2,xDrive30 M Sportpakket Pro,2025 | 501 km | Elektrisch,€ 62.950,https://www.dusseldorpbmw.nl/aanbod/bmw-ix2-company-car-xdrive30-m-sportpakket-pro-43837310
Dusseldorp Den Haag,BMW iX1,eDrive20 67 kWh,2025 | 6999 km | Elektrisch,€ 49.850,https://www.dusseldorpbmw.nl/aanbod/bmw-ix1-company-car-edrive20-67-kwh-43837326
Dusseldorp Den Haag,BMW iX1,eDrive20 67 kWh,2025 | 6999 km | Elektrisch,€ 48.900,https://www.dusseldorpbmw.nl/aanbod/bmw-ix1-company-car-edrive20-67-kwh-43838727
Dusseldorp Brielle,BMW 3 Serie,330e,2025 | 7999 km | Hybrid,€ 59.950,https://www.dusseldorpbmw.nl/aanbod/bmw-3-serie-company-car-330e-43858672
Dusseldorp Brielle,BMW iX1,eDrive20 M-Sport,2025 | 501 km | Elektrisch,€ 48.450,https://www.dusseldorpbmw.nl/aanbod/bmw-ix1-company-car-edrive20-m-sport-43858734
Dusseldorp Brielle,BMW i4,eDrive35 M Sport Edition Trekhaak,2025 | 501 km | Elektrisch,€ 59.450,https://www.dusseldorpbmw.nl/aanbod/bmw-i4-company-car-edrive35-m-sport-edition-trekhaak-43858807
Dusseldorp Brielle,BMW 5 Serie,520i Touring M-Sport Pro,2025 | 6999 km | Benzine,€ 72.950,https://www.dusseldorpbmw.nl/aanbod/bmw-5-serie-company-car-520i-touring-m-sport-pro-43859209
Dusseldorp Schiedam,BMW i4,eDrive40 84 kWh,2025 | 14999 km | Elektrisch,€ 58.950,https://www.dusseldorpbmw.nl/aanbod/bmw-i4-company-car-edrive40-84-kwh-43860718
Dusseldorp Hoorn,BMW 1 Serie,120 M Sport Design Edition,2025 | 5000 km | Benzine,€ 40.850,https://www.dusseldorpbmw.nl/aanbod/bmw-1-serie-company-car-120-m-sport-design-edition-43874093
Dusseldorp Schiedam,BMW X1,xDrive25e,2025 | 6999 km | Hybrid,€ 55.950,https://www.dusseldorpbmw.nl/aanbod/bmw-x1-company-car-xdrive25e-43874956
Dusseldorp Rotterdam Zuid,BMW iX1,xDrive30 M Sport,2023 | 63306 km | Elektrisch,€ 41.950,https://www.dusseldorpbmw.nl/aanbod/bmw-ix1-occasion-xdrive30-m-sport-43876246
Dusseldorp Wateringen,BMW i4,xDrive40 84 kWh,2025 | 18999 km | Elektrisch,€ 65.950,https://www.dusseldorpbmw.nl/aanbod/bmw-i4-company-car-xdrive40-84-kwh-43879649
Dusseldorp Oostzaan,BMW 3 Serie,330e,2025 | 14300 km | Hybrid,€ 59.950,https://www.dusseldorpbmw.nl/aanbod/bmw-3-serie-company-car-330e-43880736
Dusseldorp Oostzaan,BMW iX,xDrive40 High Executive,2025 | 7300 km | Elektrisch,€ 76.950,https://www.dusseldorpbmw.nl/aanbod/bmw-ix-company-car-xdrive40-high-executive-43880767
Dusseldorp Oostzaan,BMW i5,eDrive40 84 kWh,2025 | 6100 km | Elektrisch,€ 69.950,https://www.dusseldorpbmw.nl/aanbod/bmw-i5-company-car-edrive40-84-kwh-43881133
Dusseldorp Oostzaan,BMW iX1,eDrive20 67 kWh,2025 | 6100 km | Elektrisch,€ 49.950,https://www.dusseldorpbmw.nl/aanbod/bmw-ix1-company-car-edrive20-67-kwh-43881218
Dusseldorp Oostzaan,BMW iX1,eDrive20 67 kWh,2025 | 5152 km | Elektrisch,€ 49.950,https://www.dusseldorpbmw.nl/aanbod/bmw-ix1-company-car-edrive20-67-kwh-43881293
Dusseldorp Deventer,BMW iX2,eDrive20 67kWh,2025 | 10 km | Elektrisch,€ 64.518,https://www.dusseldorpbmw.nl/aanbod/bmw-ix2-nieuw-edrive20-67kwh-43885569
Dusseldorp Zwolle,BMW iX1,eDrive20 M-Sport Pro 67 kWh,2025 | 8500 km | Elektrisch,€ 48.750,https://www.dusseldorpbmw.nl/aanbod/bmw-ix1-company-car-edrive20-m-sport-pro-67-kwh-43888354
Dusseldorp Alkmaar,BMW 1 Serie,120 M Sport,2025 | 6841 km | Benzine,€ 42.450,https://www.dusseldorpbmw.nl/aanbod/bmw-1-serie-company-car-120-m-sport-43902287
Dusseldorp Alkmaar,BMW iX1,eDrive20 M Sport Pro 67 kWh,2025 | 4485 km | Elektrisch,€ 49.950,https://www.dusseldorpbmw.nl/aanbod/bmw-ix1-company-car-edrive20-m-sport-pro-67-kwh-43902406
Dusseldorp Hoorn,BMW 2 Serie,218i Executive Active Tourer,2019 | 124880 km | Benzine,€ 17.950,https://www.dusseldorpbmw.nl/aanbod/bmw-2-serie-occasion-218i-executive-active-tourer-43902508
Dusseldorp Alkmaar,BMW i4,M50 High Executive 84 kWh,2025 | 2999 km | Elektrisch,€ 64.950,https://www.dusseldorpbmw.nl/aanbod/bmw-i4-company-car-m50-high-executive-84-kwh-43902658
Dusseldorp Oostzaan,BMW X1,xDrive30e M Sport,2024 | 21776 km | Hybrid,€ 54.950,https://www.dusseldorpbmw.nl/aanbod/bmw-x1-occasion-xdrive30e-m-sport-43904687
Dusseldorp Alkmaar,BMW i5,Touring eDrive40 M Sport Edition 84 kWh,2025 | 6217 km | Elektrisch,€ 76.950,https://www.dusseldorpbmw.nl/aanbod/bmw-i5-company-car-touring-edrive40-m-sport-edition-84-kwh-43904732
Dusseldorp Den Haag,BMW 2 Serie,218i Gran Coupe M-Sport,2023 | 35142 km | Benzine,€ 33.450,https://www.dusseldorpbmw.nl/aanbod/bmw-2-serie-occasion-218i-gran-coupe-m-sport-43907514
Dusseldorp Hoorn,BMW X1,sDrive18i,2024 | 14059 km | Benzine,€ 48.950,https://www.dusseldorpbmw.nl/aanbod/bmw-x1-occasion-sdrive18i-43907553
Dusseldorp Alkmaar,BMW X5,xDrive50e M Sport Pro,2025 | 11024 km | Hybrid,€ 117.950,https://www.dusseldorpbmw.nl/aanbod/bmw-x5-company-car-xdrive50e-m-sport-pro-43909391
Dusseldorp Schiedam,BMW 1 Serie,118i Introduction Edition,2023 | 44704 km | Benzine,€ 27.450,https://www.dusseldorpbmw.nl/aanbod/bmw-1-serie-occasion-118i-introduction-edition-43912627
Dusseldorp Hoorn,BMW X3,xDrive30i High Executive,2024 | 7680 km | Benzine,€ 73.450,https://www.dusseldorpbmw.nl/aanbod/bmw-x3-occasion-xdrive30i-high-executive-43927911
Dusseldorp Hoorn,BMW 1 Serie,120 M Sport Design Edition,2025 | 6000 km | Benzine,€ 39.950,https://www.dusseldorpbmw.nl/aanbod/bmw-1-serie-company-car-120-m-sport-design-edition-43927993
Dusseldorp Hoorn,BMW i4,eDrive40 84 kWh,2025 | 5000 km | Elektrisch,€ 60.950,https://www.dusseldorpbmw.nl/aanbod/bmw-i4-company-car-edrive40-84-kwh-43928028
Dusseldorp Hoorn,BMW iX1,eDrive20 67 kWh,2025 | 6000 km | Elektrisch,€ 51.950,https://www.dusseldorpbmw.nl/aanbod/bmw-ix1-company-car-edrive20-67-kwh-43928060
Dusseldorp Hoorn,BMW i5,eDrive40 M Sport Edition 84 kWh,2025 | 5000 km | Elektrisch,€ 67.950,https://www.dusseldorpbmw.nl/aanbod/bmw-i5-company-car-edrive40-m-sport-edition-84-kwh-43928082
Dusseldorp Rotterdam Zuid,BMW 2 Serie,216i Gran Tourer 7p. Business Edition,2022 | 76170 km | Benzine,€ 20.950,https://www.dusseldorpbmw.nl/aanbod/bmw-2-serie-occasion-216i-gran-tourer-7p-business-edition-43929228
Dusseldorp Brielle,BMW X3,xDrive30i High Executive M-Sport Trekhaak,2024 | 19871 km | Benzine,€ 73.950,https://www.dusseldorpbmw.nl/aanbod/bmw-x3-occasion-xdrive30i-high-executive-m-sport-trekhaak-43931992
Dusseldorp Wateringen,BMW 5 Serie,Touring 520i M Sport Business Edition Plus,2023 | 38879 km | Benzine,€ 50.450,https://www.dusseldorpbmw.nl/aanbod/bmw-5-serie-occasion-touring-520i-m-sport-business-edition-plus-43936435
Dusseldorp Rotterdam Zuid,BMW iX,xDrive45 M Sport Pro,2025 | 10 km | Elektrisch,€ 112.450,https://www.dusseldorpbmw.nl/aanbod/bmw-ix-nieuw-xdrive45-m-sport-pro-43939138
Dusseldorp Alkmaar,BMW i4,eDrive35 M Sport Edition 70 kWh,2025 | 2999 km | Elektrisch,€ 54.950,https://www.dusseldorpbmw.nl/aanbod/bmw-i4-company-car-edrive35-m-sport-edition-70-kwh-43939395
Dusseldorp Deventer,BMW M3,xDrive Competition,2025 | 10 km | Benzine,€ 173.612,https://www.dusseldorpbmw.nl/aanbod/bmw-m3-nieuw-xdrive-competition-43951214
Dusseldorp Schiedam,BMW iX1,eDrive20 67 kWh,2025 | 9999 km | Elektrisch,€ 49.950,https://www.dusseldorpbmw.nl/aanbod/bmw-ix1-company-car-edrive20-67-kwh-43953122
Dusseldorp Alkmaar,BMW i4,eDrive40 84 kWh M Sport,2025 | 9951 km | Elektrisch,€ 61.450,https://www.dusseldorpbmw.nl/aanbod/bmw-i4-company-car-edrive40-84-kwh-m-sport-43954856
Dusseldorp Alkmaar,BMW iX2,xDrive30 67kWh M Sport,2025 | 2999 km | Elektrisch,€ 54.950,https://www.dusseldorpbmw.nl/aanbod/bmw-ix2-company-car-xdrive30-67kwh-m-sport-43954865
Dusseldorp Alkmaar,BMW 3 Serie,Touring 330e M Sport Pro,2025 | 14325 km | Hybrid,€ 62.950,https://www.dusseldorpbmw.nl/aanbod/bmw-3-serie-company-car-touring-330e-m-sport-pro-43954915
Dusseldorp Hoorn,BMW 2 Serie,218i Gran Coupé,2025 | 10000 km | Benzine,€ 38.950,https://www.dusseldorpbmw.nl/aanbod/bmw-2-serie-company-car-218i-gran-coupe-43958823
Dusseldorp Apeldoorn,BMW M5,Sedan - Carbon Pack,2024 | 6787 km | Hybrid,€ 139.950,https://www.dusseldorpbmw.nl/aanbod/bmw-m5-occasion-sedan---carbon-pack-43960139
Dusseldorp Rotterdam Noord,BMW Z4,Roadster M40i,2024 | 24760 km | Benzine,€ 70.450,https://www.dusseldorpbmw.nl/aanbod/bmw-z4-occasion-roadster-m40i-43980186
Dusseldorp Den Haag,BMW 1 Serie,118i Sport Line,2021 | 106186 km | Benzine,€ 21.250,https://www.dusseldorpbmw.nl/aanbod/bmw-1-serie-occasion-118i-sport-line-43985162
Dusseldorp Hoorn,BMW i4,eDrive35 High Executive 70 kWh,2025 | 3000 km | Elektrisch,€ 57.950,https://www.dusseldorpbmw.nl/aanbod/bmw-i4-company-car-edrive35-high-executive-70-kwh-43996642
Dusseldorp Rotterdam Zuid,BMW i4,M50 High Executive,2022 | 49341 km | Elektrisch,€ 49.950,https://www.dusseldorpbmw.nl/aanbod/bmw-i4-occasion-m50-high-executive-44004998
Dusseldorp Oostzaan,BMW X5,xDrive50e M Sport,2024 | 26641 km | Hybrid,€ 94.950,https://www.dusseldorpbmw.nl/aanbod/bmw-x5-occasion-xdrive50e-m-sport-44035157
Dusseldorp Apeldoorn,BMW X5,xDrive40i High Executive M-Sport,2020 | 78931 km | Benzine,€ 59.750,https://www.dusseldorpbmw.nl/aanbod/bmw-x5-occasion-xdrive40i-high-executive-m-sport-44036901
Dusseldorp Rotterdam Zuid,BMW i4,eDrive35 M Sport,2025 | 10 km | Elektrisch,€ 66.465,https://www.dusseldorpbmw.nl/aanbod/bmw-i4-nieuw-edrive35-m-sport-44041131
Dusseldorp Schiedam,BMW 2 Serie,Gran Coupé 220,2025 | 10 km | Benzine,€ 54.531,https://www.dusseldorpbmw.nl/aanbod/bmw-2-serie-nieuw-gran-coupe-220-44044079
Dusseldorp Den Haag,BMW 5 Serie,Touring 530e M Sport Edition,2025 | 10 km | Hybrid,€ 86.968,https://www.dusseldorpbmw.nl/aanbod/bmw-5-serie-nieuw-touring-530e-m-sport-edition-44044671
Dusseldorp Den Haag,BMW iX1,eDrive20 67 kWh,2025 | 10 km | Elektrisch,€ 57.000,https://www.dusseldorpbmw.nl/aanbod/bmw-ix1-nieuw-edrive20-67-kwh-44046723
Dusseldorp Den Haag,BMW iX1,eDrive20 67 kWh,2025 | 10 km | Elektrisch,€ 57.000,https://www.dusseldorpbmw.nl/aanbod/bmw-ix1-nieuw-edrive20-67-kwh-44047978
Dusseldorp Oostzaan,BMW i5,M60 xDrive 84 kWh,2025 | 10 km | Elektrisch,€ 123.572,https://www.dusseldorpbmw.nl/aanbod/bmw-i5-nieuw-m60-xdrive-84-kwh-44050001
Dusseldorp Den Haag,BMW 2 Serie,Active Tourer 225e xDrive,2025 | 10 km | Hybrid,€ 58.365,https://www.dusseldorpbmw.nl/aanbod/bmw-2-serie-nieuw-active-tourer-225e-xdrive-44114464
Dusseldorp Den Haag,BMW 2 Serie,Active Tourer 225e xDrive,2025 | 10 km | Hybrid,€ 58.365,https://www.dusseldorpbmw.nl/aanbod/bmw-2-serie-nieuw-active-tourer-225e-xdrive-44114652
Dusseldorp Den Haag,BMW i4,eDrive35 M Sport Edition 70 kWh,2025 | 510 km | Elektrisch,€ 65.638,https://www.dusseldorpbmw.nl/aanbod/bmw-i4-company-car-edrive35-m-sport-edition-70-kwh-44115534
Dusseldorp Den Haag,BMW i5,eDrive40 M Sport Edition 84 kWh,2025 | 10 km | Elektrisch,€ 84.604,https://www.dusseldorpbmw.nl/aanbod/bmw-i5-nieuw-edrive40-m-sport-edition-84-kwh-44116413
Dusseldorp Oostzaan,BMW iX,xDrive45 101 kWh,2025 | 10 km | Elektrisch,€ 115.231,https://www.dusseldorpbmw.nl/aanbod/bmw-ix-nieuw-xdrive45-101-kwh-44126848
Dusseldorp Den Haag,BMW X4,xDrive20i,2025 | 10 km | Benzine,€ 104.697,https://www.dusseldorpbmw.nl/aanbod/bmw-x4-nieuw-xdrive20i-44134083
Dusseldorp Rotterdam Zuid,BMW iX3,Executive,2023 | 31239 km | Elektrisch,€ 45.750,https://www.dusseldorpbmw.nl/aanbod/bmw-ix3-occasion-executive-44136796
Dusseldorp Den Haag,BMW X7,M60i xDrive,2025 | 10 km | Benzine,€ 247.888,https://www.dusseldorpbmw.nl/aanbod/bmw-x7-nieuw-m60i-xdrive-44137265
Dusseldorp Alkmaar,BMW M3,Competition xDrive Sedan,2025 | 10 km | Benzine,€ 172.912,https://www.dusseldorpbmw.nl/aanbod/bmw-m3-nieuw-competition-xdrive-sedan-44137644
Dusseldorp Hoorn,BMW 2 Serie,216i 7p. Gran Tourer Sportline,2022 | 110135 km | Benzine,€ 19.450,https://www.dusseldorpbmw.nl/aanbod/bmw-2-serie-occasion-216i-7p-gran-tourer-sportline-44144146
Dusseldorp Zwolle,BMW X5,xDrive50e M-Sport Aut. Hybrid,2024 | 22852 km | Hybrid,€ 94.950,https://www.dusseldorpbmw.nl/aanbod/bmw-x5-occasion-xdrive50e-m-sport-aut-hybrid-44145559
Dusseldorp Apeldoorn,BMW M3,Competition xDrive Sedan,2025 | 10 km | Benzine,€ 186.239,https://www.dusseldorpbmw.nl/aanbod/bmw-m3-nieuw-competition-xdrive-sedan-44183843
Dusseldorp Alkmaar,BMW 4 Serie,Coupé 420i M Sport Pro,2025 | 10 km | Benzine,€ 85.255,https://www.dusseldorpbmw.nl/aanbod/bmw-4-serie-nieuw-coupe-420i-m-sport-pro-44184020
Dusseldorp Brielle,BMW 3 Serie,Touring 330e M-Sport Trekhaak,2024 | 18784 km | Hybrid,€ 51.950,https://www.dusseldorpbmw.nl/aanbod/bmw-3-serie-occasion-touring-330e-m-sport-trekhaak-44184739
Dusseldorp Deventer,BMW X3,xDrive30e High Executive,2022 | 30868 km | Hybrid,€ 48.950,https://www.dusseldorpbmw.nl/aanbod/bmw-x3-occasion-xdrive30e-high-executive-44192216
Dusseldorp Den Haag,BMW 2 Serie,Gran Coupé 223 xDrive,2025 | 10 km | Benzine,€ 65.316,https://www.dusseldorpbmw.nl/aanbod/bmw-2-serie-nieuw-gran-coupe-223-xdrive-44194603
Dusseldorp Schiedam,BMW i5,Touring eDrive40 84 kWh,2025 | 6999 km | Elektrisch,€ 87.796,https://www.dusseldorpbmw.nl/aanbod/bmw-i5-company-car-touring-edrive40-84-kwh-44195258
Dusseldorp Oostzaan,BMW i4,eDrive35 M Sport Edition 70 kWh,2025 | 4400 km | Elektrisch,€ 66.465,https://www.dusseldorpbmw.nl/aanbod/bmw-i4-company-car-edrive35-m-sport-edition-70-kwh-44195553
Dusseldorp Den Haag,BMW 1 Serie,120,2025 | 6999 km | Benzine,€ 43.900,https://www.dusseldorpbmw.nl/aanbod/bmw-1-serie-company-car-120-44199899
Dusseldorp Alkmaar,BMW X5,xDrive 40i High Executive xLine,2019 | 80635 km | Benzine,€ 56.950,https://www.dusseldorpbmw.nl/aanbod/bmw-x5-occasion-xdrive-40i-high-executive-xline-44211363
Dusseldorp Den Haag,BMW 2 Serie,220i M-Sport Pro,2025 | 6999 km | Benzine,€ 49.900,https://www.dusseldorpbmw.nl/aanbod/bmw-2-serie-company-car-220i-m-sport-pro-44246845
Dusseldorp Alkmaar,BMW 2 Serie,Gran Coupé 220 M Sport Pro M Performance Parts,2025 | 10 km | Benzine,€ 69.996,https://www.dusseldorpbmw.nl/aanbod/bmw-2-serie-nieuw-gran-coupe-220-m-sport-pro-m-performance-parts-44259405
Dusseldorp Oostzaan,BMW X1,sDrive18i M Sport Pro,2024 | 39066 km | Benzine,€ 48.450,https://www.dusseldorpbmw.nl/aanbod/bmw-x1-occasion-sdrive18i-m-sport-pro-44260726
Dusseldorp Oostzaan,BMW 1 Serie,120,2025 | 12100 km | Benzine,€ 43.950,https://www.dusseldorpbmw.nl/aanbod/bmw-1-serie-company-car-120-44261693
Dusseldorp Rotterdam Zuid,BMW X3,M50,2025 | 7500 km | Benzine,€ 114.950,https://www.dusseldorpbmw.nl/aanbod/bmw-x3-company-car-m50-44262923
Dusseldorp Brielle,BMW 1 Serie,120 M-Sport Pro,2025 | 19693 km | Benzine,€ 44.950,https://www.dusseldorpbmw.nl/aanbod/bmw-1-serie-occasion-120-m-sport-pro-44265583
Dusseldorp Brielle,BMW X5,xDrive50eM-Sport Pro Trekhaak,2023 | 48507 km | Hybrid,€ 89.950,https://www.dusseldorpbmw.nl/aanbod/bmw-x5-occasion-xdrive50em-sport-pro-trekhaak-44267490
Dusseldorp Oostzaan,BMW 4 Serie,Coupé 420i,2025 | 10 km | Benzine,€ 85.255,https://www.dusseldorpbmw.nl/aanbod/bmw-4-serie-nieuw-coupe-420i-44267668
Dusseldorp Zwolle,BMW iX,xDrive45 M-Sport Pro Aut. 101 kWh,2025 | 10 km | Elektrisch,€ 113.651,https://www.dusseldorpbmw.nl/aanbod/bmw-ix-nieuw-xdrive45-m-sport-pro-aut-101-kwh-44268464
Dusseldorp Den Haag,BMW 2 Serie,220i M-Sport Pro,2025 | 13999 km | Benzine,€ 47.900,https://www.dusseldorpbmw.nl/aanbod/bmw-2-serie-company-car-220i-m-sport-pro-44269001
Dusseldorp Den Haag,BMW 5 Serie,Touring 520i M-Sport,2025 | 10999 km | Benzine,€ 71.900,https://www.dusseldorpbmw.nl/aanbod/bmw-5-serie-company-car-touring-520i-m-sport-44269016
Dusseldorp Den Haag,BMW 1 Serie,120,2025 | 6999 km | Benzine,€ 43.250,https://www.dusseldorpbmw.nl/aanbod/bmw-1-serie-company-car-120-44269139
Dusseldorp Alkmaar,BMW 1 Serie,120 M Sport,2025 | 2999 km | Benzine,€ 43.950,https://www.dusseldorpbmw.nl/aanbod/bmw-1-serie-company-car-120-m-sport-44269182
Dusseldorp Schiedam,BMW 1 Serie,120 M Sport Design Edition,2025 | 9999 km | Benzine,€ 42.450,https://www.dusseldorpbmw.nl/aanbod/bmw-1-serie-company-car-120-m-sport-design-edition-44269206
Dusseldorp Schiedam,BMW 3 Serie,Touring 330e,2025 | 9999 km | Hybrid,€ 60.950,https://www.dusseldorpbmw.nl/aanbod/bmw-3-serie-company-car-touring-330e-44269367
Dusseldorp Den Haag,BMW 1 Serie,120,2025 | 6999 km | Benzine,€ 40.450,https://www.dusseldorpbmw.nl/aanbod/bmw-1-serie-company-car-120-44269435
Dusseldorp Den Haag,BMW i4,eDrive 40 M-Sport,2025 | 12999 km | Elektrisch,€ 57.900,https://www.dusseldorpbmw.nl/aanbod/bmw-i4-company-car-edrive-40-m-sport-44269466
Dusseldorp Rotterdam Noord,BMW X1,xDrive25e M Sport,2025 | 8500 km | Hybrid,€ 61.950,https://www.dusseldorpbmw.nl/aanbod/bmw-x1-company-car-xdrive25e-m-sport-44279972
Dusseldorp Schiedam,BMW M2,Coupe,2025 | 3153 km | Benzine,€ 99.950,https://www.dusseldorpbmw.nl/aanbod/bmw-m2-occasion-coupe-44284051
Dusseldorp Rotterdam Zuid,BMW 2 Serie,Gran Coupé 223 xDrive M Sport Pro,2025 | 7500 km | Benzine,€ 65.316,https://www.dusseldorpbmw.nl/aanbod/bmw-2-serie-company-car-gran-coupe-223-xdrive-m-sport-pro-44285093
Dusseldorp Deventer,BMW 1 Serie,123 xDrive,2025 | 7000 km | Benzine,€ 66.750,https://www.dusseldorpbmw.nl/aanbod/bmw-1-serie-company-car-123-xdrive-44289109
Dusseldorp Apeldoorn,BMW 1 Serie,120 M Sport Pro - Trekhaak,2025 | 18999 km | Benzine,€ 44.950,https://www.dusseldorpbmw.nl/aanbod/bmw-1-serie-company-car-120-m-sport-pro---trekhaak-44292654
Dusseldorp Apeldoorn,BMW iX,M60 112 kWh,2025 | 3999 km | Elektrisch,€ 109.950,https://www.dusseldorpbmw.nl/aanbod/bmw-ix-company-car-m60-112-kwh-44292672
Dusseldorp Schiedam,BMW 3 Serie,320e,2024 | 18579 km | Hybrid,€ 42.950,https://www.dusseldorpbmw.nl/aanbod/bmw-3-serie-occasion-320e-44294387
Dusseldorp Rotterdam Zuid,BMW 1 Serie,120 M Sport Pro,2025 | 12500 km | Benzine,€ 46.950,https://www.dusseldorpbmw.nl/aanbod/bmw-1-serie-company-car-120-m-sport-pro-44294470
Dusseldorp Deventer,BMW X5,xDrive45e High Executive,2021 | 65724 km | Hybrid,€ 61.950,https://www.dusseldorpbmw.nl/aanbod/bmw-x5-occasion-xdrive45e-high-executive-44308503
Dusseldorp Rotterdam Zuid,BMW 5 Serie,Sedan 520i M Sport Pro,2024 | 25000 km | Benzine,€ 62.950,https://www.dusseldorpbmw.nl/aanbod/bmw-5-serie-company-car-sedan-520i-m-sport-pro-44308648
Dusseldorp Apeldoorn,BMW 4 Serie,Gran Coupé 420i,2025 | 12500 km | Benzine,€ 63.950,https://www.dusseldorpbmw.nl/aanbod/bmw-4-serie-company-car-gran-coupe-420i-44309403
Dusseldorp Apeldoorn,BMW iX1,eDrive20 67 kWh,2025 | 12500 km | Elektrisch,€ 47.950,https://www.dusseldorpbmw.nl/aanbod/bmw-ix1-company-car-edrive20-67-kwh-44309461
Dusseldorp Apeldoorn,BMW 2 Serie,Gran Coupé 220,2025 | 9865 km | Benzine,€ 44.950,https://www.dusseldorpbmw.nl/aanbod/bmw-2-serie-company-car-gran-coupe-220-44309525
Dusseldorp Apeldoorn,BMW X1,xDrive25e,2025 | 9865 km | Hybrid,€ 52.950,https://www.dusseldorpbmw.nl/aanbod/bmw-x1-company-car-xdrive25e-44309568
Dusseldorp Apeldoorn,BMW iX1,xDrive30 67 kWh,2025 | 8565 km | Elektrisch,€ 54.950,https://www.dusseldorpbmw.nl/aanbod/bmw-ix1-company-car-xdrive30-67-kwh-44309622
Dusseldorp Den Haag,BMW 2 Serie,Gran Coupé 220,2025 | 3000 km | Benzine,€ 46.900,https://www.dusseldorpbmw.nl/aanbod/bmw-2-serie-company-car-gran-coupe-220-44309711
Dusseldorp Apeldoorn,BMW i5,eDrive40 M Sport Edition 84 kWh,2025 | 3500 km | Elektrisch,€ 72.950,https://www.dusseldorpbmw.nl/aanbod/bmw-i5-company-car-edrive40-m-sport-edition-84-kwh-44309875
Dusseldorp Den Haag,BMW i5,eDrive40 84 kWh,2025 | 6999 km | Elektrisch,€ 71.900,https://www.dusseldorpbmw.nl/aanbod/bmw-i5-company-car-edrive40-84-kwh-44309947
Dusseldorp Schiedam,BMW iX,xDrive40 High Executive 77 kWh,2025 | 6999 km | Elektrisch,€ 79.950,https://www.dusseldorpbmw.nl/aanbod/bmw-ix-company-car-xdrive40-high-executive-77-kwh-44310115
Dusseldorp Apeldoorn,BMW i4,eDrive35 M Sport Edition 70 kWh,2025 | 6999 km | Elektrisch,€ 58.950,https://www.dusseldorpbmw.nl/aanbod/bmw-i4-company-car-edrive35-m-sport-edition-70-kwh-44310238
Dusseldorp Wateringen,BMW XM,PHEV 50e 30 kWh,2024 | 16053 km | Hybrid,€ 111.850,https://www.dusseldorpbmw.nl/aanbod/bmw-xm-occasion-phev-50e-30-kwh-44311828
Dusseldorp Zwolle,BMW 8 Serie,840i Cabrio M-Sport Pro Aut.,2025 | 10 km | Benzine,€ 168.111,https://www.dusseldorpbmw.nl/aanbod/bmw-8-serie-nieuw-840i-cabrio-m-sport-pro-aut-44321089
Dusseldorp Hoorn,BMW 2 Serie,218i Business Edition Plus Gran Tourer,2022 | 38109 km | Benzine,€ 26.950,https://www.dusseldorpbmw.nl/aanbod/bmw-2-serie-occasion-218i-business-edition-plus-gran-tourer-44345179
Dusseldorp Schiedam,BMW iX,xDrive45 101 kWh,2025 | 10 km | Elektrisch,€ 112.450,https://www.dusseldorpbmw.nl/aanbod/bmw-ix-nieuw-xdrive45-101-kwh-44348532
Dusseldorp Apeldoorn,BMW 3 Serie,330e,2025 | 17895 km | Hybrid,€ 58.950,https://www.dusseldorpbmw.nl/aanbod/bmw-3-serie-company-car-330e-44348931
Dusseldorp Den Haag,BMW 2 Serie,220 Gran Coupé M-Sport Pro,2025 | 6999 km | Benzine,€ 56.433,https://www.dusseldorpbmw.nl/aanbod/bmw-2-serie-company-car-220-gran-coupe-m-sport-pro-44381255
Dusseldorp Deventer,BMW 1 Serie,M135i xDrive,2025 | 10 km | Benzine,€ 96.781,https://www.dusseldorpbmw.nl/aanbod/bmw-1-serie-nieuw-m135i-xdrive-44411206
Dusseldorp Alkmaar,BMW 1 Serie,123 xDrive M-Performance Parts,2025 | 10 km | Benzine,€ 74.737,https://www.dusseldorpbmw.nl/aanbod/bmw-1-serie-nieuw-123-xdrive-m-performance-parts-44412946
Dusseldorp Schiedam,BMW 3 Serie,320i High Executive,2021 | 72209 km | Benzine,€ 28.950,https://www.dusseldorpbmw.nl/aanbod/bmw-3-serie-occasion-320i-high-executive-44414256
Dusseldorp Schiedam,BMW 1 Serie,120,2025 | 10 km | Benzine,€ 59.035,https://www.dusseldorpbmw.nl/aanbod/bmw-1-serie-nieuw-120-44419495
Dusseldorp Den Haag,BMW iX,xDrive50,2022 | 115817 km | Elektrisch,€ 62.850,https://www.dusseldorpbmw.nl/aanbod/bmw-ix-occasion-xdrive50-44430372
Dusseldorp Schiedam,BMW iX1,eDrive20 67 kWh,2025 | 6999 km | Elektrisch,€ 49.450,https://www.dusseldorpbmw.nl/aanbod/bmw-ix1-company-car-edrive20-67-kwh-44433902
Dusseldorp Rotterdam Zuid,BMW i5,Sedan M60 xDrive,2025 | 10 km | Elektrisch,€ 122.291,https://www.dusseldorpbmw.nl/aanbod/bmw-i5-nieuw-sedan-m60-xdrive-44434110
Dusseldorp Den Haag,BMW 1 Serie,120,2025 | 6999 km | Benzine,€ 45.900,https://www.dusseldorpbmw.nl/aanbod/bmw-1-serie-company-car-120-44436246
Dusseldorp Den Haag,BMW 3 Serie,330e High Executive M-Sport,2025 | 6999 km | Hybrid,€ 58.900,https://www.dusseldorpbmw.nl/aanbod/bmw-3-serie-company-car-330e-high-executive-m-sport-44436368
Dusseldorp Den Haag,BMW 2 Serie,Gran Coupé 220,2025 | 510 km | Benzine,€ 57.832,https://www.dusseldorpbmw.nl/aanbod/bmw-2-serie-company-car-gran-coupe-220-44436455
Dusseldorp Hoorn,BMW X1,xDrive30e,2024 | 14801 km | Hybrid,€ 56.450,https://www.dusseldorpbmw.nl/aanbod/bmw-x1-occasion-xdrive30e-44437557
Dusseldorp Hoorn,BMW iX2,eDrive20 67 kWh,2025 | 8000 km | Elektrisch,€ 59.950,https://www.dusseldorpbmw.nl/aanbod/bmw-ix2-company-car-edrive20-67-kwh-44452269
Dusseldorp Rotterdam Zuid,BMW 2 Serie,Gran Coupé 220 M Sport Pro,2025 | 10 km | Benzine,€ 59.123,https://www.dusseldorpbmw.nl/aanbod/bmw-2-serie-nieuw-gran-coupe-220-m-sport-pro-44454134
Dusseldorp Oostzaan,BMW iX,xDrive45 101 kWh,2025 | 10 km | Elektrisch,€ 115.155,https://www.dusseldorpbmw.nl/aanbod/bmw-ix-nieuw-xdrive45-101-kwh-44457535
Dusseldorp Apeldoorn,BMW 2 Serie,220i M-Sport,2025 | 6999 km | Benzine,€ 51.950,https://www.dusseldorpbmw.nl/aanbod/bmw-2-serie-company-car-220i-m-sport-44460093
Dusseldorp Rotterdam Noord,BMW iX3,High Executive,2025 | 4500 km | Elektrisch,€ 61.950,https://www.dusseldorpbmw.nl/aanbod/bmw-ix3-company-car-high-executive-44461389
Dusseldorp Apeldoorn,BMW XM,PHEV 50e,2025 | 9756 km | Hybrid,€ 124.950,https://www.dusseldorpbmw.nl/aanbod/bmw-xm-company-car-phev-50e-44461419
Dusseldorp Den Haag,BMW 2 Serie,Active Tourer 225e xDrive,2025 | 6999 km | Hybrid,€ 53.900,https://www.dusseldorpbmw.nl/aanbod/bmw-2-serie-company-car-active-tourer-225e-xdrive-44506612
Dusseldorp Apeldoorn,BMW X1,xDrive25e,2025 | 19999 km | Hybrid,€ 59.450,https://www.dusseldorpbmw.nl/aanbod/bmw-x1-company-car-xdrive25e-44506704
Dusseldorp Hoorn,BMW 3 Serie,330e M-Sport Touring,2025 | 11000 km | Hybrid,€ 64.950,https://www.dusseldorpbmw.nl/aanbod/bmw-3-serie-company-car-330e-m-sport-touring-44515659
Dusseldorp Rotterdam Zuid,BMW Z4,sDrive30i M Sport Pro,2025 | 10 km | Benzine,€ 90.110,https://www.dusseldorpbmw.nl/aanbod/bmw-z4-nieuw-sdrive30i-m-sport-pro-44516164
Dusseldorp Hoorn,BMW 2 Serie,Active Tourer 225e xDrive,2025 | 10 km | Hybrid,€ 58.365,https://www.dusseldorpbmw.nl/aanbod/bmw-2-serie-nieuw-active-tourer-225e-xdrive-44516322
Dusseldorp Oostzaan,BMW iX1,eDrive20 67 kWh,2025 | 6500 km | Elektrisch,€ 48.950,https://www.dusseldorpbmw.nl/aanbod/bmw-ix1-company-car-edrive20-67-kwh-44517004
Dusseldorp Apeldoorn,BMW 4 Serie,Gran Coupé 420i M Sportpakket - Trekhaak,2025 | 17450 km | Benzine,€ 68.450,https://www.dusseldorpbmw.nl/aanbod/bmw-4-serie-company-car-gran-coupe-420i-m-sportpakket---trekhaak-44524814
Dusseldorp Apeldoorn,BMW i5,eDrive40 M Sport Edition 84 kWh,2025 | 18950 km | Elektrisch,€ 65.950,https://www.dusseldorpbmw.nl/aanbod/bmw-i5-company-car-edrive40-m-sport-edition-84-kwh-44524833
Dusseldorp Rotterdam Zuid,BMW 3 Serie,Touring 330e M Sport,2025 | 7500 km | Hybrid,€ 64.950,https://www.dusseldorpbmw.nl/aanbod/bmw-3-serie-company-car-touring-330e-m-sport-44524868
Dusseldorp Hoorn,BMW 2 Serie,Active Tourer 220i,2024 | 30261 km | Benzine,€ 42.950,https://www.dusseldorpbmw.nl/aanbod/bmw-2-serie-occasion-active-tourer-220i-44525645
Dusseldorp Den Haag,BMW X5,xDrive50e M-Sport,2024 | 8630 km | Hybrid,€ 97.900,https://www.dusseldorpbmw.nl/aanbod/bmw-x5-occasion-xdrive50e-m-sport-44525918
Dusseldorp Schiedam,BMW iX2,eDrive20 67 kWh M Sport Edition,2025 | 6999 km | Elektrisch,€ 63.448,https://www.dusseldorpbmw.nl/aanbod/bmw-ix2-company-car-edrive20-67-kwh-m-sport-edition-44529037
Dusseldorp Oostzaan,BMW 1 Serie,120,2025 | 10500 km | Benzine,€ 42.950,https://www.dusseldorpbmw.nl/aanbod/bmw-1-serie-company-car-120-44548637
Dusseldorp Deventer,BMW iX2,eDrive20 67 kWh,2025 | 10000 km | Elektrisch,€ 55.950,https://www.dusseldorpbmw.nl/aanbod/bmw-ix2-company-car-edrive20-67-kwh-44569141
Dusseldorp Deventer,BMW i4,eDrive35 70 kWh,2025 | 10 km | Elektrisch,€ 66.051,https://www.dusseldorpbmw.nl/aanbod/bmw-i4-company-car-edrive35-70-kwh-44569524
Dusseldorp Deventer,BMW i4,eDrive35 70 kWh,2025 | 10 km | Elektrisch,€ 68.046,https://www.dusseldorpbmw.nl/aanbod/bmw-i4-nieuw-edrive35-70-kwh-44569589
Dusseldorp Deventer,BMW i5,eDrive40 84 kWh,2025 | 10 km | Elektrisch,€ 89.204,https://www.dusseldorpbmw.nl/aanbod/bmw-i5-nieuw-edrive40-84-kwh-44569835
Dusseldorp Deventer,BMW iX1,eDrive20 67 kWh,2025 | 10 km | Elektrisch,€ 62.044,https://www.dusseldorpbmw.nl/aanbod/bmw-ix1-company-car-edrive20-67-kwh-44569937
Dusseldorp Deventer,BMW iX2,eDrive20 67 kWh M Sport Edition,2025 | 4000 km | Elektrisch,€ 64.950,https://www.dusseldorpbmw.nl/aanbod/bmw-ix2-company-car-edrive20-67-kwh-m-sport-edition-44570237
Dusseldorp Deventer,BMW i5,eDrive40 M Sport Edition 84 kWh,2025 | 10 km | Elektrisch,€ 84.604,https://www.dusseldorpbmw.nl/aanbod/bmw-i5-nieuw-edrive40-m-sport-edition-84-kwh-44570713
Dusseldorp Hoorn,BMW iX,xDrive60 112 kWh,2025 | 10 km | Elektrisch,€ 125.437,https://www.dusseldorpbmw.nl/aanbod/bmw-ix-nieuw-xdrive60-112-kwh-44620449
Dusseldorp Schiedam,BMW i4,eDrive35 M Sport Edition 70 kWh,2025 | 10 km | Elektrisch,€ 66.465,https://www.dusseldorpbmw.nl/aanbod/bmw-i4-nieuw-edrive35-m-sport-edition-70-kwh-44626107
Dusseldorp Apeldoorn,BMW iX1,eDrive20 67 kWh,2025 | 3999 km | Elektrisch,€ 59.995,https://www.dusseldorpbmw.nl/aanbod/bmw-ix1-company-car-edrive20-67-kwh-44629386
Dusseldorp Rotterdam Zuid,BMW 4 Serie,Coupé 420i M Sport Pro,2025 | 10 km | Benzine,€ 80.514,https://www.dusseldorpbmw.nl/aanbod/bmw-4-serie-nieuw-coupe-420i-m-sport-pro-44631290
Dusseldorp Schiedam,BMW i5,eDrive40 M Sport Edition 84 kWh,2025 | 10 km | Elektrisch,€ 84.604,https://www.dusseldorpbmw.nl/aanbod/bmw-i5-nieuw-edrive40-m-sport-edition-84-kwh-44631588
Dusseldorp Schiedam,BMW iX,xDrive60 112 kWh,2025 | 10 km | Elektrisch,€ 133.160,https://www.dusseldorpbmw.nl/aanbod/bmw-ix-nieuw-xdrive60-112-kwh-44631595
Dusseldorp Den Haag,BMW X5,xDrive50e M-Sport Pro,2024 | 26824 km | Hybrid,€ 102.900,https://www.dusseldorpbmw.nl/aanbod/bmw-x5-occasion-xdrive50e-m-sport-pro-44648034
Dusseldorp Den Haag,BMW 3 Serie,320e High Executive M-Sport,2021 | 123312 km | Hybrid,€ 30.900,https://www.dusseldorpbmw.nl/aanbod/bmw-3-serie-occasion-320e-high-executive-m-sport-44649396
Dusseldorp Den Haag,BMW X3,30e xDrive,2025 | 10 km | Hybrid,€ 87.927,https://www.dusseldorpbmw.nl/aanbod/bmw-x3-nieuw-30e-xdrive-44650603
Dusseldorp Rotterdam Zuid,BMW iX2,eDrive20 M Sport Pro,2025 | 10 km | Elektrisch,€ 68.211,https://www.dusseldorpbmw.nl/aanbod/bmw-ix2-nieuw-edrive20-m-sport-pro-44668435
Dusseldorp Alkmaar,BMW 4 Serie,Cabrio M440i xDrive,2025 | 10 km | Benzine,€ 130.174,https://www.dusseldorpbmw.nl/aanbod/bmw-4-serie-nieuw-cabrio-m440i-xdrive-44673084
Dusseldorp Brielle,BMW iX1,eDrive20 67 kWh,2025 | 11999 km | Elektrisch,€ 49.450,https://www.dusseldorpbmw.nl/aanbod/bmw-ix1-company-car-edrive20-67-kwh-44674588
Dusseldorp Schiedam,BMW M5,Sedan,2024 | 4405 km | Hybrid,€ 147.500,https://www.dusseldorpbmw.nl/aanbod/bmw-m5-occasion-sedan-44682444
Dusseldorp Den Haag,BMW X3,xDrive30e M-Sport,2024 | 23877 km | Hybrid,€ 66.900,https://www.dusseldorpbmw.nl/aanbod/bmw-x3-occasion-xdrive30e-m-sport-44700999
Dusseldorp Hoorn,BMW iX1,eDrive20 67 kWh,2025 | 10 km | Elektrisch,€ 62.044,https://www.dusseldorpbmw.nl/aanbod/bmw-ix1-nieuw-edrive20-67-kwh-44712926
Dusseldorp Hoorn,BMW i4,eDrive40 84 kWh,2025 | 10 km | Elektrisch,€ 75.433,https://www.dusseldorpbmw.nl/aanbod/bmw-i4-nieuw-edrive40-84-kwh-44712927
Dusseldorp Oostzaan,BMW 2 Serie,Gran Tourer 216i 7p. Sport Line,2022 | 88007 km | Benzine,€ 21.250,https://www.dusseldorpbmw.nl/aanbod/bmw-2-serie-occasion-gran-tourer-216i-7p-sport-line-44722197
Dusseldorp Schiedam,BMW 1 Serie,120 M Sport Design Edition,2025 | 9999 km | Benzine,€ 42.450,https://www.dusseldorpbmw.nl/aanbod/bmw-1-serie-company-car-120-m-sport-design-edition-44724313
Dusseldorp Schiedam,BMW 2 Serie,Active Tourer 218d,2022 | 77379 km | Diesel,€ 29.450,https://www.dusseldorpbmw.nl/aanbod/bmw-2-serie-occasion-active-tourer-218d-44730382
Dusseldorp Schiedam,BMW X1,sDrive18i,2022 | 55860 km | Benzine,€ 39.450,https://www.dusseldorpbmw.nl/aanbod/bmw-x1-occasion-sdrive18i-44730722
Dusseldorp Rotterdam Noord,BMW X3,xDrive20i High Executive M Sport,2019 | 76642 km | Benzine,€ 39.950,https://www.dusseldorpbmw.nl/aanbod/bmw-x3-occasion-xdrive20i-high-executive-m-sport-44751911
Dusseldorp Schiedam,BMW 3 Serie,330e,2025 | 10 km | Hybrid,€ 65.278,https://www.dusseldorpbmw.nl/aanbod/bmw-3-serie-nieuw-330e-44771193
Dusseldorp Schiedam,BMW 4 Serie,Coupé 420i,2025 | 10 km | Benzine,€ 79.947,https://www.dusseldorpbmw.nl/aanbod/bmw-4-serie-nieuw-coupe-420i-44776878
Dusseldorp Schiedam,BMW 4 Serie,Gran Coupé 420i,2025 | 10 km | Benzine,€ 78.557,https://www.dusseldorpbmw.nl/aanbod/bmw-4-serie-nieuw-gran-coupe-420i-44776949
Dusseldorp Alkmaar,BMW 2 Serie,Gran Coupé 218i High Executive Sport Line Automaat,2022 | 90146 km | Benzine,€ 25.450,https://www.dusseldorpbmw.nl/aanbod/bmw-2-serie-occasion-gran-coupe-218i-high-executive-sport-line-automaat-44829938
Dusseldorp Alkmaar,BMW X1,sDrive18i High Executive X Line,2020 | 97093 km | Benzine,€ 27.450,https://www.dusseldorpbmw.nl/aanbod/bmw-x1-occasion-sdrive18i-high-executive-x-line-44830021
Dusseldorp Schiedam,BMW X3,M50,2024 | 23488 km | Benzine,€ 94.950,https://www.dusseldorpbmw.nl/aanbod/bmw-x3-occasion-m50-44840499
Dusseldorp Alkmaar,BMW 3 Serie,Sedan 330e M Sport,2025 | 2999 km | Hybrid,€ 69.138,https://www.dusseldorpbmw.nl/aanbod/bmw-3-serie-company-car-sedan-330e-m-sport-44843629
Dusseldorp Schiedam,BMW 3 Serie,Touring 330e **Vraag naar levertijd**,2025 | 10 km | Hybrid,€ 61.405,https://www.dusseldorpbmw.nl/aanbod/bmw-3-serie-nieuw-touring-330e-vraag-naar-levertijd-44853247
Dusseldorp Schiedam,BMW 2 Serie,Gran Coupé 220 **Vraag naar levertijd**,2025 | 10 km | Benzine,€ 47.057,https://www.dusseldorpbmw.nl/aanbod/bmw-2-serie-nieuw-gran-coupe-220-vraag-naar-levertijd-44853343
Dusseldorp Schiedam,BMW 3 Serie,Sedan 330e **Vraag naar levertijd**,2025 | 10 km | Hybrid,€ 60.193,https://www.dusseldorpbmw.nl/aanbod/bmw-3-serie-nieuw-sedan-330e-vraag-naar-levertijd-44853504
Dusseldorp Schiedam,BMW iX2,eDrive20 67 kWh **Vraag naar levertijd**,2025 | 10 km | Elektrisch,€ 54.050,https://www.dusseldorpbmw.nl/aanbod/bmw-ix2-nieuw-edrive20-67-kwh-vraag-naar-levertijd-44853651
Dusseldorp Schiedam,BMW 5 Serie,Sedan 530e **Vraag naar levertijd**,2025 | 10 km | Hybrid,€ 72.962,https://www.dusseldorpbmw.nl/aanbod/bmw-5-serie-nieuw-sedan-530e-vraag-naar-levertijd-44853707
Dusseldorp Schiedam,BMW i4,eDrive35 70 kWh **Vraag naar levertijd**,2025 | 10 km | Elektrisch,€ 62.194,https://www.dusseldorpbmw.nl/aanbod/bmw-i4-nieuw-edrive35-70-kwh-vraag-naar-levertijd-44853926
Dusseldorp Brielle,BMW 5 Serie,Touring 530e M Sport Edition,2025 | 10 km | Hybrid,€ 86.968,https://www.dusseldorpbmw.nl/aanbod/bmw-5-serie-nieuw-touring-530e-m-sport-edition-44881775
Dusseldorp Deventer,BMW i5,eDrive40 84 kWh,2025 | 10 km | Elektrisch,€ 95.298,https://www.dusseldorpbmw.nl/aanbod/bmw-i5-nieuw-edrive40-84-kwh-44902613
Dusseldorp Brielle,BMW 2 Serie,Coupé 218i,2025 | 10 km | Benzine,€ 59.988,https://www.dusseldorpbmw.nl/aanbod/bmw-2-serie-nieuw-coupe-218i-44903445
Dusseldorp Oostzaan,BMW 1 Serie,120,2025 | 9100 km | Benzine,€ 46.950,https://www.dusseldorpbmw.nl/aanbod/bmw-1-serie-company-car-120-44903785
Dusseldorp Oostzaan,BMW 1 Serie,120,2025 | 9100 km | Benzine,€ 42.950,https://www.dusseldorpbmw.nl/aanbod/bmw-1-serie-company-car-120-44903868
Dusseldorp Hoorn,BMW X1,xDrive25e,2025 | 5000 km | Hybrid,€ 56.950,https://www.dusseldorpbmw.nl/aanbod/bmw-x1-company-car-xdrive25e-44903911
Dusseldorp Zwolle,BMW 5 Serie,Touring 530e Touring M-Sport Edition Aut.,2025 | 9560 km | Hybrid,€ 69.950,https://www.dusseldorpbmw.nl/aanbod/bmw-5-serie-company-car-touring-530e-touring-m-sport-edition-aut-44904223
Dusseldorp Schiedam,BMW i5,eDrive40 84 kWh,2025 | 10 km | Elektrisch,€ 91.321,https://www.dusseldorpbmw.nl/aanbod/bmw-i5-nieuw-edrive40-84-kwh-44905287
Dusseldorp Rotterdam Noord,BMW iX,xDrive60,2025 | 10 km | Elektrisch,€ 123.895,https://www.dusseldorpbmw.nl/aanbod/bmw-ix-nieuw-xdrive60-44905919
Dusseldorp Rotterdam Noord,BMW 2 Serie,Active Tourer 225e xDrive,2025 | 10 km | Hybrid,€ 58.365,https://www.dusseldorpbmw.nl/aanbod/bmw-2-serie-nieuw-active-tourer-225e-xdrive-44906237
Dusseldorp Apeldoorn,BMW i7,eDrive50 106 kWh - M Sportpakket Pro,2025 | 10 km | Elektrisch,€ 145.148,https://www.dusseldorpbmw.nl/aanbod/bmw-i7-nieuw-edrive50-106-kwh---m-sportpakket-pro-44906249
Dusseldorp Deventer,BMW 5 Serie,Touring 550e xDrive,2025 | 10 km | Hybrid,€ 119.131,https://www.dusseldorpbmw.nl/aanbod/bmw-5-serie-nieuw-touring-550e-xdrive-44909471
Dusseldorp Rotterdam Zuid,BMW 2 Serie,Active Tourer 225e xDrive M Sport,2025 | 10 km | Hybrid,€ 58.365,https://www.dusseldorpbmw.nl/aanbod/bmw-2-serie-nieuw-active-tourer-225e-xdrive-m-sport-44915617
Dusseldorp Rotterdam Zuid,BMW iX,xDrive60 M Sport Pro,2025 | 10 km | Elektrisch,€ 125.095,https://www.dusseldorpbmw.nl/aanbod/bmw-ix-nieuw-xdrive60-m-sport-pro-44915699
Dusseldorp Rotterdam Zuid,BMW 4 Serie,Cabrio 420i M Sport Pro,2025 | 10 km | Benzine,€ 92.200,https://www.dusseldorpbmw.nl/aanbod/bmw-4-serie-nieuw-cabrio-420i-m-sport-pro-44915919
Dusseldorp Rotterdam Zuid,BMW i5,eDrive40 M Sport Pro,2025 | 10 km | Elektrisch,€ 86.055,https://www.dusseldorpbmw.nl/aanbod/bmw-i5-nieuw-edrive40-m-sport-pro-44916023
Dusseldorp Den Haag,BMW M4,Cabriolet Competition M xDrive,2022 | 12497 km | Benzine,€ 106.900,https://www.dusseldorpbmw.nl/aanbod/bmw-m4-occasion-cabriolet-competition-m-xdrive-44923147
Dusseldorp Rotterdam Zuid,BMW 4 Serie,420i Gran Coupé M Sport Pro,2025 | 10 km | Benzine,€ 76.688,https://www.dusseldorpbmw.nl/aanbod/bmw-4-serie-nieuw-420i-gran-coupe-m-sport-pro-44926033
Dusseldorp Brielle,BMW 1 Serie,120 M Sport Design Edition,2025 | 6999 km | Benzine,€ 42.950,https://www.dusseldorpbmw.nl/aanbod/bmw-1-serie-company-car-120-m-sport-design-edition-44931003
Dusseldorp Wateringen,BMW 1 Serie,116d Sport Line Executive Edition,2020 | 121256 km | Diesel,€ 19.450,https://www.dusseldorpbmw.nl/aanbod/bmw-1-serie-occasion-116d-sport-line-executive-edition-44935301
Dusseldorp Den Haag,BMW 1 Serie,118i M-Sport,2021 | 97489 km | Benzine,€ 25.900,https://www.dusseldorpbmw.nl/aanbod/bmw-1-serie-occasion-118i-m-sport-44937010
Dusseldorp Den Haag,BMW iX1,eDrive20 67 kWh,2025 | 10 km | Elektrisch,€ 57.845,https://www.dusseldorpbmw.nl/aanbod/bmw-ix1-nieuw-edrive20-67-kwh-44938419
Dusseldorp Hoorn,BMW X5,xDrive50e,2024 | 14960 km | Hybrid,€ 104.950,https://www.dusseldorpbmw.nl/aanbod/bmw-x5-occasion-xdrive50e-44939686
Dusseldorp Brielle,BMW X3,30e xDrive M-Sport Pro Trekhaak,2025 | 4999 km | Hybrid,€ 82.950,https://www.dusseldorpbmw.nl/aanbod/bmw-x3-company-car-30e-xdrive-m-sport-pro-trekhaak-44943458
Dusseldorp Wateringen,BMW 4 Serie,Coupé 420i,2025 | 6999 km | Benzine,€ 64.900,https://www.dusseldorpbmw.nl/aanbod/bmw-4-serie-company-car-coupe-420i-44944571
Dusseldorp Brielle,BMW 4 Serie,M440i xDrive Coupé,2025 | 10 km | Benzine,€ 103.960,https://www.dusseldorpbmw.nl/aanbod/bmw-4-serie-nieuw-m440i-xdrive-coupe-44965049
Dusseldorp Rotterdam Zuid,BMW i5,eDrive40 M Sport Pro,2025 | 10 km | Elektrisch,€ 87.831,https://www.dusseldorpbmw.nl/aanbod/bmw-i5-nieuw-edrive40-m-sport-pro-44982978
Dusseldorp Rotterdam Zuid,BMW i5,eDrive40 M Sport Pro,2025 | 10 km | Elektrisch,€ 91.321,https://www.dusseldorpbmw.nl/aanbod/bmw-i5-nieuw-edrive40-m-sport-pro-44985778
Dusseldorp Den Haag,BMW 3 Serie,330e,2025 | 10 km | Hybrid,€ 65.278,https://www.dusseldorpbmw.nl/aanbod/bmw-3-serie-nieuw-330e-45010822
Dusseldorp Den Haag,BMW 1 Serie,120,2025 | 6999 km | Benzine,€ 43.900,https://www.dusseldorpbmw.nl/aanbod/bmw-1-serie-company-car-120-45014411
Dusseldorp Wateringen,BMW 2 Serie,Gran Coupé 218i M Sport Business Edition Plus,2022 | 49658 km | Benzine,€ 29.750,https://www.dusseldorpbmw.nl/aanbod/bmw-2-serie-occasion-gran-coupe-218i-m-sport-business-edition-plus-45022820
Dusseldorp Rotterdam Zuid,BMW iX1,eDrive20 M Sport,2025 | 10 km | Elektrisch,€ 57.845,https://www.dusseldorpbmw.nl/aanbod/bmw-ix1-nieuw-edrive20-m-sport-45026813
Dusseldorp Den Haag,BMW M2,DCT Competition,2020 | 96429 km | Benzine,€ 57.900,https://www.dusseldorpbmw.nl/aanbod/bmw-m2-occasion-dct-competition-45056197
Dusseldorp Zwolle,Alpina B8,Gran Coupé SWITCH-TRONIC Allrad,2025 | 10 km | Benzine,€ 278.002,https://www.dusseldorpbmw.nl/aanbod/alpina-b8-nieuw-gran-coupe-switch-tronic-allrad-45060892
Dusseldorp Brielle,BMW 1 Serie,M135 xDrive M Sport Pro,2025 | 10 km | Benzine,€ 89.735,https://www.dusseldorpbmw.nl/aanbod/bmw-1-serie-nieuw-m135-xdrive-m-sport-pro-45074441
Dusseldorp Hoorn,BMW X3,xDrive30e Business Edition Plus,2024 | 30322 km | Hybrid,€ 64.950,https://www.dusseldorpbmw.nl/aanbod/bmw-x3-occasion-xdrive30e-business-edition-plus-45077139
Dusseldorp Alkmaar,BMW X1,xDrive30e M Sport Pro,2025 | 5684 km | Hybrid,€ 74.257,https://www.dusseldorpbmw.nl/aanbod/bmw-x1-company-car-xdrive30e-m-sport-pro-45087551
Dusseldorp Oostzaan,BMW 2 Serie,Gran Coupé 218i,2024 | 20469 km | Benzine,€ 35.450,https://www.dusseldorpbmw.nl/aanbod/bmw-2-serie-occasion-gran-coupe-218i-45095139
Dusseldorp Zwolle,BMW iX1,eDrive20 M-Sport 67 kWh,2025 | 10 km | Elektrisch,€ 62.044,https://www.dusseldorpbmw.nl/aanbod/bmw-ix1-nieuw-edrive20-m-sport-67-kwh-45096640
Dusseldorp Zwolle,BMW iX,xDrive60 M-Sport Pro Aut. 112 kWh,2025 | 10 km | Elektrisch,€ 133.265,https://www.dusseldorpbmw.nl/aanbod/bmw-ix-nieuw-xdrive60-m-sport-pro-aut-112-kwh-45096644
Dusseldorp Den Haag,BMW 3 Serie,330e,2025 | 9999 km | Hybrid,€ 58.900,https://www.dusseldorpbmw.nl/aanbod/bmw-3-serie-company-car-330e-45098804
Dusseldorp Deventer,BMW 4 Serie,Coupé 420i,2025 | 10 km | Benzine,€ 79.232,https://www.dusseldorpbmw.nl/aanbod/bmw-4-serie-nieuw-coupe-420i-45099442
Dusseldorp Deventer,BMW i4,eDrive35 70 kWh,2025 | 10 km | Elektrisch,€ 66.051,https://www.dusseldorpbmw.nl/aanbod/bmw-i4-nieuw-edrive35-70-kwh-45099448
Dusseldorp Deventer,BMW iX1,eDrive20 67 kWh,2025 | 10 km | Elektrisch,€ 57.845,https://www.dusseldorpbmw.nl/aanbod/bmw-ix1-nieuw-edrive20-67-kwh-45099553
Dusseldorp Deventer,BMW iX1,eDrive20 67 kWh,2025 | 10 km | Elektrisch,€ 57.000,https://www.dusseldorpbmw.nl/aanbod/bmw-ix1-nieuw-edrive20-67-kwh-45099568
Dusseldorp Apeldoorn,BMW 3 Serie,330e Touring M-Sport Aut. Hybride,2025 | 9652 km | Hybrid,€ 59.950,https://www.dusseldorpbmw.nl/aanbod/bmw-3-serie-company-car-330e-touring-m-sport-aut-hybride-45099726
Dusseldorp Zwolle,BMW X5,xDrive50e M-Sport Pro Aut. Hybrid,2024 | 7420 km | Hybrid,€ 99.950,https://www.dusseldorpbmw.nl/aanbod/bmw-x5-occasion-xdrive50e-m-sport-pro-aut-hybrid-45113133
Dusseldorp Oostzaan,BMW Z4,M40i,2025 | 10 km | Benzine,€ 110.912,https://www.dusseldorpbmw.nl/aanbod/bmw-z4-nieuw-m40i-45113500
Dusseldorp Rotterdam Zuid,BMW i4,eDrive40 M Sport,2025 | 10 km | Elektrisch,€ 74.344,https://www.dusseldorpbmw.nl/aanbod/bmw-i4-nieuw-edrive40-m-sport-45113878
Dusseldorp Rotterdam Zuid,BMW i4,eDrive40 M Sport,2025 | 10 km | Elektrisch,€ 67.987,https://www.dusseldorpbmw.nl/aanbod/bmw-i4-nieuw-edrive40-m-sport-45113923
Dusseldorp Rotterdam Zuid,BMW iX1,xDrive30 M Sport,2025 | 10 km | Elektrisch,€ 66.601,https://www.dusseldorpbmw.nl/aanbod/bmw-ix1-nieuw-xdrive30-m-sport-45114150
Dusseldorp Rotterdam Noord,BMW 1 Serie,120 M Sport Pro,2025 | 7500 km | Benzine,€ 56.938,https://www.dusseldorpbmw.nl/aanbod/bmw-1-serie-company-car-120-m-sport-pro-45161434
Dusseldorp Rotterdam Zuid,BMW 3 Serie,Touring 318i M Sport Pro,2025 | 7000 km | Benzine,€ 59.950,https://www.dusseldorpbmw.nl/aanbod/bmw-3-serie-company-car-touring-318i-m-sport-pro-45165522
Dusseldorp Rotterdam Zuid,BMW i5,M60 xDrive M Sport Pro Touring,2024 | 28339 km | Elektrisch,€ 86.950,https://www.dusseldorpbmw.nl/aanbod/bmw-i5-occasion-m60-xdrive-m-sport-pro-touring-45166031
Dusseldorp Den Haag,BMW 1 Serie,118i Sport Line,2021 | 93102 km | Benzine,€ 23.900,https://www.dusseldorpbmw.nl/aanbod/bmw-1-serie-occasion-118i-sport-line-45167723
Dusseldorp Den Haag,BMW X1,xDrive25e M-Sport Pro,2024 | 26981 km | Hybrid,€ 49.900,https://www.dusseldorpbmw.nl/aanbod/bmw-x1-occasion-xdrive25e-m-sport-pro-45169992
Dusseldorp Den Haag,BMW 1 Serie,118i Sport Line,2020 | 70942 km | Benzine,€ 23.750,https://www.dusseldorpbmw.nl/aanbod/bmw-1-serie-occasion-118i-sport-line-45170986
Dusseldorp Alkmaar,BMW X5,xDrive 50e M Sport Pro,2024 | 18820 km | Hybrid,€ 104.950,https://www.dusseldorpbmw.nl/aanbod/bmw-x5-occasion-xdrive-50e-m-sport-pro-45171113
Dusseldorp Deventer,BMW 1 Serie,M135i xDrive High Executive,2020 | 114242 km | Benzine,€ 35.250,https://www.dusseldorpbmw.nl/aanbod/bmw-1-serie-occasion-m135i-xdrive-high-executive-45171202
Dusseldorp Zwolle,BMW 3 Serie,320i Touring M-Sport Pro Aut.,2024 | 38253 km | Benzine,€ 46.950,https://www.dusseldorpbmw.nl/aanbod/bmw-3-serie-occasion-320i-touring-m-sport-pro-aut-45174113
Dusseldorp Deventer,BMW X5,xDrive40i High Executive,2020 | 112546 km | Benzine,€ 57.950,https://www.dusseldorpbmw.nl/aanbod/bmw-x5-occasion-xdrive40i-high-executive-45174366
Dusseldorp Oostzaan,BMW 7 Serie,750e xDrive,2025 | 10 km | Hybrid,€ 159.562,https://www.dusseldorpbmw.nl/aanbod/bmw-7-serie-nieuw-750e-xdrive-45187223
Dusseldorp Zwolle,BMW M5,Sedan,2024 | 13517 km | Hybrid,€ 134.950,https://www.dusseldorpbmw.nl/aanbod/bmw-m5-occasion-sedan-45220319
Dusseldorp Den Haag,BMW X4,xDrive30i M-Sport,2019 | 66382 km | Benzine,€ 48.900,https://www.dusseldorpbmw.nl/aanbod/bmw-x4-occasion-xdrive30i-m-sport-45221619
Dusseldorp Hoorn,BMW X3,30e xDrive,2025 | 10 km | Hybrid,€ 72.611,https://www.dusseldorpbmw.nl/aanbod/bmw-x3-nieuw-30e-xdrive-45233157
Dusseldorp Den Haag,BMW X1,xDrive23i,2025 | 10 km | Benzine,€ 79.722,https://www.dusseldorpbmw.nl/aanbod/bmw-x1-nieuw-xdrive23i-45233215
Dusseldorp Den Haag,BMW 2 Serie,220i M-Sport Pro,2025 | 6999 km | Benzine,€ 46.900,https://www.dusseldorpbmw.nl/aanbod/bmw-2-serie-company-car-220i-m-sport-pro-45236137
Dusseldorp Schiedam,BMW 1 Serie,120 M Sport Design Edition,2025 | 6999 km | Benzine,€ 45.450,https://www.dusseldorpbmw.nl/aanbod/bmw-1-serie-company-car-120-m-sport-design-edition-45236176
Dusseldorp Den Haag,BMW 1 Serie,120 M-Sport,2025 | 6999 km | Benzine,€ 41.900,https://www.dusseldorpbmw.nl/aanbod/bmw-1-serie-company-car-120-m-sport-45238709
Dusseldorp Rotterdam Zuid,BMW i7,eDrive50 M Sport Pro,2024 | 11868 km | Elektrisch,€ 85.450,https://www.dusseldorpbmw.nl/aanbod/bmw-i7-occasion-edrive50-m-sport-pro-45243082
Dusseldorp Den Haag,BMW M3,Competition,2021 | 47979 km | Benzine,€ 89.900,https://www.dusseldorpbmw.nl/aanbod/bmw-m3-occasion-competition-45245031
Dusseldorp Rotterdam Noord,BMW 2 Serie,Gran Coupé 220 M Sport,2025 | 7500 km | Benzine,€ 56.900,https://www.dusseldorpbmw.nl/aanbod/bmw-2-serie-company-car-gran-coupe-220-m-sport-45259070
Dusseldorp Zwolle,BMW i5,eDrive40 M Sport Edition 84 kWh,2025 | 15320 km | Elektrisch,€ 73.950,https://www.dusseldorpbmw.nl/aanbod/bmw-i5-company-car-edrive40-m-sport-edition-84-kwh-45294557
Dusseldorp Wateringen,BMW 8 Serie,840i Cabrio High Exe M-Sport,2024 | 28977 km | Benzine,€ 99.950,https://www.dusseldorpbmw.nl/aanbod/bmw-8-serie-occasion-840i-cabrio-high-exe-m-sport-45296483
Dusseldorp Apeldoorn,BMW 5 Serie,Touring 530e M Sport Edition,2025 | 3652 km | Hybrid,€ 72.950,https://www.dusseldorpbmw.nl/aanbod/bmw-5-serie-company-car-touring-530e-m-sport-edition-45303041
Dusseldorp Rotterdam Zuid,BMW X3,30e xDrive M Sport Pro,2025 | 7500 km | Hybrid,€ 87.071,https://www.dusseldorpbmw.nl/aanbod/bmw-x3-company-car-30e-xdrive-m-sport-pro-45332161
Dusseldorp Den Haag,BMW X5,xDrive50e M-Sport Pro,2025 | 6999 km | Hybrid,€ 130.130,https://www.dusseldorpbmw.nl/aanbod/bmw-x5-company-car-xdrive50e-m-sport-pro-45333582
Dusseldorp Rotterdam Zuid,BMW X4,xDrive20i M Sport Pro,2025 | 10 km | Benzine,€ 106.547,https://www.dusseldorpbmw.nl/aanbod/bmw-x4-nieuw-xdrive20i-m-sport-pro-45334190
Dusseldorp Den Haag,BMW i4,eDrive35 70 kWh M-Sport,2025 | 6999 km | Elektrisch,€ 55.900,https://www.dusseldorpbmw.nl/aanbod/bmw-i4-company-car-edrive35-70-kwh-m-sport-45335577
Dusseldorp Den Haag,BMW 1 Serie,120i M-Sport,2025 | 6999 km | Benzine,€ 40.900,https://www.dusseldorpbmw.nl/aanbod/bmw-1-serie-company-car-120i-m-sport-45339917
Dusseldorp Rotterdam Zuid,BMW X1,sDrive18i M Sport,2024 | 18306 km | Benzine,€ 48.950,https://www.dusseldorpbmw.nl/aanbod/bmw-x1-occasion-sdrive18i-m-sport-45339987
Dusseldorp Hoorn,BMW i3,S 94Ah 33 kWh,2018 | 28788 km | Elektrisch,€ 15.950,https://www.dusseldorpbmw.nl/aanbod/bmw-i3-occasion-s-94ah-33-kwh-45358292
Dusseldorp Den Haag,BMW X3,30e xDrive,2025 | 10 km | Hybrid,€ 87.271,https://www.dusseldorpbmw.nl/aanbod/bmw-x3-nieuw-30e-xdrive-45371407
Dusseldorp Den Haag,BMW X3,30e xDrive,2025 | 10 km | Hybrid,€ 84.830,https://www.dusseldorpbmw.nl/aanbod/bmw-x3-nieuw-30e-xdrive-45371537
Dusseldorp Den Haag,BMW i5,Touring M60 xDrive 84 kWh,2025 | 10 km | Elektrisch,€ 130.734,https://www.dusseldorpbmw.nl/aanbod/bmw-i5-nieuw-touring-m60-xdrive-84-kwh-45372110
Dusseldorp Hoorn,BMW X5M,Competition,2025 | 10 km | Benzine,€ 274.670,https://www.dusseldorpbmw.nl/aanbod/bmw-x5m-nieuw-competition-45372750
Dusseldorp Den Haag,BMW 4 Serie,M440i Coupé xDrive High Executive M-Sport,2021 | 66351 km | Benzine,€ 55.900,https://www.dusseldorpbmw.nl/aanbod/bmw-4-serie-occasion-m440i-coupe-xdrive-high-executive-m-sport-45394573
Dusseldorp Rotterdam Zuid,BMW 3 Serie,330e xDrive M Sport Touring,2024 | 28175 km | Hybrid,€ 62.950,https://www.dusseldorpbmw.nl/aanbod/bmw-3-serie-occasion-330e-xdrive-m-sport-touring-45396005
Dusseldorp Rotterdam Zuid,BMW 3 Serie,330e xDrive M Sport Pro Touring,2024 | 22834 km | Hybrid,€ 55.950,https://www.dusseldorpbmw.nl/aanbod/bmw-3-serie-occasion-330e-xdrive-m-sport-pro-touring-45396092
Dusseldorp Brielle,BMW X5,xDrive45e High Executive,2022 | 63563 km | Hybrid,€ 73.950,https://www.dusseldorpbmw.nl/aanbod/bmw-x5-occasion-xdrive45e-high-executive-45411612
Dusseldorp Wateringen,BMW iX,xDrive40 Executive 77 kWh,2022 | 64436 km | Elektrisch,€ 45.950,https://www.dusseldorpbmw.nl/aanbod/bmw-ix-occasion-xdrive40-executive-77-kwh-45425976
Dusseldorp Rotterdam Zuid,BMW i5,Touring eDrive40 M Sport,2025 | 10 km | Elektrisch,€ 82.671,https://www.dusseldorpbmw.nl/aanbod/bmw-i5-nieuw-touring-edrive40-m-sport-45438000
Dusseldorp Rotterdam Zuid,BMW 2 Serie,218i M Sport Gran Coupé,2024 | 38944 km | Benzine,€ 36.950,https://www.dusseldorpbmw.nl/aanbod/bmw-2-serie-occasion-218i-m-sport-gran-coupe-45438902
Dusseldorp Rotterdam Zuid,BMW 2 Serie,218i Gran Coupé M Sport,2024 | 36329 km | Benzine,€ 36.950,https://www.dusseldorpbmw.nl/aanbod/bmw-2-serie-occasion-218i-gran-coupe-m-sport-45438955
Dusseldorp Rotterdam Zuid,BMW X1,xDrive30e xLine,2023 | 40327 km | Hybrid,€ 48.250,https://www.dusseldorpbmw.nl/aanbod/bmw-x1-occasion-xdrive30e-xline-45464327
Dusseldorp Rotterdam Zuid,BMW 2 Serie,220 Gran Coupé,2025 | 7500 km | Benzine,€ 60.148,https://www.dusseldorpbmw.nl/aanbod/bmw-2-serie-company-car-220-gran-coupe-45483576
Dusseldorp Rotterdam Zuid,BMW iX1,eDrive20 X Line,2025 | 7500 km | Elektrisch,€ 62.981,https://www.dusseldorpbmw.nl/aanbod/bmw-ix1-company-car-edrive20-x-line-45483754
Dusseldorp Schiedam,BMW 3 Serie,330e,2024 | 28810 km | Hybrid,€ 46.950,https://www.dusseldorpbmw.nl/aanbod/bmw-3-serie-occasion-330e-45490643
Dusseldorp Schiedam,BMW X5,xDrive50e,2025 | 6966 km | Hybrid,€ 109.900,https://www.dusseldorpbmw.nl/aanbod/bmw-x5-occasion-xdrive50e-45490731
Dusseldorp Rotterdam Zuid,BMW 2 Serie,216i Business Edition Plus 7p. Gran Tourer,2022 | 91033 km | Benzine,€ 22.450,https://www.dusseldorpbmw.nl/aanbod/bmw-2-serie-occasion-216i-business-edition-plus-7p-gran-tourer-45492539
Dusseldorp Rotterdam Zuid,BMW 2 Serie,218i M Sport Active Tourer,2024 | 29088 km | Benzine,€ 39.950,https://www.dusseldorpbmw.nl/aanbod/bmw-2-serie-occasion-218i-m-sport-active-tourer-45576025
Dusseldorp Apeldoorn,BMW X7,M60i xDrive - Executive Drive Pro - LCI,2023 | 44145 km | Benzine,€ 134.950,https://www.dusseldorpbmw.nl/aanbod/bmw-x7-occasion-m60i-xdrive---executive-drive-pro---lci-45601055
Dusseldorp Den Haag,BMW 3 Serie,318i M-Sport Sedan,2025 | 6999 km | Benzine,€ 66.493,https://www.dusseldorpbmw.nl/aanbod/bmw-3-serie-company-car-318i-m-sport-sedan-45602296
Dusseldorp Den Haag,BMW X3,xDrive30e X-Line,2021 | 51904 km | Hybrid,€ 44.900,https://www.dusseldorpbmw.nl/aanbod/bmw-x3-occasion-xdrive30e-x-line-45604447
Dusseldorp Den Haag,BMW iX2,eDrive20 67 kWh M-Sport Pro,2025 | 6999 km | Elektrisch,€ 58.486,https://www.dusseldorpbmw.nl/aanbod/bmw-ix2-company-car-edrive20-67-kwh-m-sport-pro-45604506
Dusseldorp Wateringen,BMW 2 Serie,Gran Coupé 218i M Sport Executive Edition,2020 | 33370 km | Benzine,€ 29.950,https://www.dusseldorpbmw.nl/aanbod/bmw-2-serie-occasion-gran-coupe-218i-m-sport-executive-edition-45605337
Dusseldorp Schiedam,BMW X3,M50 xDrive M Sport Pro,2025 | 10 km | Benzine,€ 120.632,https://www.dusseldorpbmw.nl/aanbod/bmw-x3-nieuw-m50-xdrive-m-sport-pro-45610546
Dusseldorp Apeldoorn,BMW 4 Serie,M440i xDrive Active cruise control - Head-up display - 20 inch velgen,2024 | 25941 km | Benzine,€ 72.950,https://www.dusseldorpbmw.nl/aanbod/bmw-4-serie-occasion-m440i-xdrive-active-cruise-control---head-up-display---20-inch-velgen-45621624
Dusseldorp Schiedam,BMW 1 Serie,120 M Sport Design Edition,2025 | 6999 km | Benzine,€ 45.450,https://www.dusseldorpbmw.nl/aanbod/bmw-1-serie-company-car-120-m-sport-design-edition-45632156
Dusseldorp Schiedam,BMW 1 Serie,120 M Sport Design Edition,2025 | 6999 km | Benzine,€ 45.450,https://www.dusseldorpbmw.nl/aanbod/bmw-1-serie-company-car-120-m-sport-design-edition-45632166
Dusseldorp Schiedam,BMW 1 Serie,120 M Sport Design Edition,2025 | 6999 km | Benzine,€ 45.450,https://www.dusseldorpbmw.nl/aanbod/bmw-1-serie-company-car-120-m-sport-design-edition-45632173
Dusseldorp Schiedam,BMW 1 Serie,120 M Sport Design Edition,2025 | 6999 km | Benzine,€ 52.178,https://www.dusseldorpbmw.nl/aanbod/bmw-1-serie-company-car-120-m-sport-design-edition-45632193
Dusseldorp Schiedam,BMW 1 Serie,120 M Sport Design Edition,2025 | 6999 km | Benzine,€ 45.450,https://www.dusseldorpbmw.nl/aanbod/bmw-1-serie-company-car-120-m-sport-design-edition-45632219
Dusseldorp Schiedam,BMW 1 Serie,120 M Sport Design Edition,2025 | 9999 km | Benzine,€ 45.450,https://www.dusseldorpbmw.nl/aanbod/bmw-1-serie-company-car-120-m-sport-design-edition-45632226
Dusseldorp Wateringen,BMW X1,xDrive23i M Sport,2023 | 17945 km | Benzine,€ 49.950,https://www.dusseldorpbmw.nl/aanbod/bmw-x1-occasion-xdrive23i-m-sport-45633547
Dusseldorp Wateringen,BMW 2 Serie,Gran Coupé 218i M Sport Business Edition,2021 | 119797 km | Benzine,€ 25.950,https://www.dusseldorpbmw.nl/aanbod/bmw-2-serie-occasion-gran-coupe-218i-m-sport-business-edition-45636599
Dusseldorp Schiedam,BMW 2 Serie,Gran Tourer 216i 7p. High Executive,2022 | 94617 km | Benzine,€ 20.950,https://www.dusseldorpbmw.nl/aanbod/bmw-2-serie-occasion-gran-tourer-216i-7p-high-executive-45636672
Dusseldorp Rotterdam Zuid,BMW 4 Serie,420i High Executive M Sport Gran Coupé,2022 | 34676 km | Benzine,€ 42.450,https://www.dusseldorpbmw.nl/aanbod/bmw-4-serie-occasion-420i-high-executive-m-sport-gran-coupe-45651358
Dusseldorp Oostzaan,BMW X1,sDrive18i M Sport,2024 | 10844 km | Benzine,€ 48.950,https://www.dusseldorpbmw.nl/aanbod/bmw-x1-occasion-sdrive18i-m-sport-45651550
Dusseldorp Rotterdam Zuid,BMW 2 Serie,218i Gran Coupé,2024 | 25425 km | Benzine,€ 35.450,https://www.dusseldorpbmw.nl/aanbod/bmw-2-serie-occasion-218i-gran-coupe-45653064
Dusseldorp Schiedam,BMW X7,xDrive40i,2025 | 10 km | Benzine,€ 183.501,https://www.dusseldorpbmw.nl/aanbod/bmw-x7-nieuw-xdrive40i-45653118
Dusseldorp Rotterdam Zuid,BMW X1,sDrive18i M Sport,2021 | 81652 km | Benzine,€ 29.950,https://www.dusseldorpbmw.nl/aanbod/bmw-x1-occasion-sdrive18i-m-sport-45659387
Dusseldorp Den Haag,BMW X6,M50i High Executive,2023 | 27647 km | Benzine,€ 99.450,https://www.dusseldorpbmw.nl/aanbod/bmw-x6-occasion-m50i-high-executive-45678430
Dusseldorp Apeldoorn,BMW XM,PHEV Label Red 30 kWh,2024 | 12844 km | Hybrid,€ 152.950,https://www.dusseldorpbmw.nl/aanbod/bmw-xm-occasion-phev-label-red-30-kwh-45684067
Dusseldorp Brielle,BMW 1 Serie,118i Executive Edition M-Sport,2020 | 80879 km | Benzine,€ 28.750,https://www.dusseldorpbmw.nl/aanbod/bmw-1-serie-occasion-118i-executive-edition-m-sport-45686170
Dusseldorp Schiedam,BMW 4 Serie,Coupé 420i High Executive,2024 | 49196 km | Benzine,€ 47.950,https://www.dusseldorpbmw.nl/aanbod/bmw-4-serie-occasion-coupe-420i-high-executive-45687342
Dusseldorp Apeldoorn,BMW X3,30e xDrive M-Sport,2025 | 8965 km | Hybrid,€ 86.171,https://www.dusseldorpbmw.nl/aanbod/bmw-x3-company-car-30e-xdrive-m-sport-45706645
Dusseldorp Apeldoorn,BMW iX1,eDrive20 M Sport - Comfort Pack - Trekhaak,2025 | 10 km | Elektrisch,€ 62.044,https://www.dusseldorpbmw.nl/aanbod/bmw-ix1-nieuw-edrive20-m-sport---comfort-pack---trekhaak-45709772
Dusseldorp Wateringen,BMW X3,30e xDrive,2024 | 13417 km | Hybrid,€ 79.950,https://www.dusseldorpbmw.nl/aanbod/bmw-x3-occasion-30e-xdrive-45716863
Dusseldorp Alkmaar,BMW X5,M50i High Executive,2022 | 35853 km | Benzine,€ 89.950,https://www.dusseldorpbmw.nl/aanbod/bmw-x5-occasion-m50i-high-executive-45723267
Dusseldorp Den Haag,BMW iX2,eDrive20 67 kWh,2025 | 6999 km | Elektrisch,€ 57.164,https://www.dusseldorpbmw.nl/aanbod/bmw-ix2-company-car-edrive20-67-kwh-45723474
Dusseldorp Rotterdam Zuid,BMW iX3,High Executive,2022 | 53654 km | Elektrisch,€ 44.950,https://www.dusseldorpbmw.nl/aanbod/bmw-ix3-occasion-high-executive-45725715
Dusseldorp Deventer,BMW X1,xDrive30e M Sport Pro,2025 | 10 km | Hybrid,€ 76.057,https://www.dusseldorpbmw.nl/aanbod/bmw-x1-nieuw-xdrive30e-m-sport-pro-45725840
Dusseldorp Rotterdam Zuid,BMW i4,eDrive40 M Sport Pro,2025 | 10 km | Elektrisch,€ 80.832,https://www.dusseldorpbmw.nl/aanbod/bmw-i4-nieuw-edrive40-m-sport-pro-45738590
Dusseldorp Wateringen,BMW i4,M50 High Executive 84 kWh,2023 | 35503 km | Elektrisch,€ 51.950,https://www.dusseldorpbmw.nl/aanbod/bmw-i4-occasion-m50-high-executive-84-kwh-45749205
Dusseldorp Rotterdam Zuid,BMW 3 Serie,330e M Sport Pro Touring,2024 | 26608 km | Hybrid,€ 49.450,https://www.dusseldorpbmw.nl/aanbod/bmw-3-serie-occasion-330e-m-sport-pro-touring-45751153
Dusseldorp Zwolle,BMW 1 Serie,120 M-Sport Pro Aut.,2025 | 5920 km | Benzine,€ 57.690,https://www.dusseldorpbmw.nl/aanbod/bmw-1-serie-company-car-120-m-sport-pro-aut-45753772
Dusseldorp Brielle,BMW 1 Serie,120i High Executive,2021 | 120103 km | Benzine,€ 26.950,https://www.dusseldorpbmw.nl/aanbod/bmw-1-serie-occasion-120i-high-executive-45758290
Dusseldorp Apeldoorn,BMW 5 Serie,Touring 530e M Sport Pro - Trekhaak,2025 | 10 km | Hybrid,€ 99.738,https://www.dusseldorpbmw.nl/aanbod/bmw-5-serie-nieuw-touring-530e-m-sport-pro---trekhaak-45760483
Dusseldorp Zwolle,BMW 5 Serie,530e Touring M-Sport Pro Hybrid,2025 | 16720 km | Hybrid,€ 78.950,https://www.dusseldorpbmw.nl/aanbod/bmw-5-serie-company-car-530e-touring-m-sport-pro-hybrid-45772534
Dusseldorp Apeldoorn,BMW 1 Serie,120 M Sport Pro,2025 | 9999 km | Benzine,€ 54.375,https://www.dusseldorpbmw.nl/aanbod/bmw-1-serie-company-car-120-m-sport-pro-45772538
Dusseldorp Rotterdam Zuid,BMW 8 Serie,Cabrio 840i M Sport Pro,2025 | 10 km | Benzine,€ 168.111,https://www.dusseldorpbmw.nl/aanbod/bmw-8-serie-nieuw-cabrio-840i-m-sport-pro-45772543
Dusseldorp Alkmaar,BMW 5 Serie,Touring 520i M Sport Pro,2025 | 2999 km | Benzine,€ 89.798,https://www.dusseldorpbmw.nl/aanbod/bmw-5-serie-company-car-touring-520i-m-sport-pro-45772835
Dusseldorp Rotterdam Zuid,BMW M5,Touring,2025 | 7500 km | Hybrid,€ 151.042,https://www.dusseldorpbmw.nl/aanbod/bmw-m5-company-car-touring-45772938
Dusseldorp Rotterdam Noord,BMW 5 Serie,Touring 530e xDrive M Sport,2024 | 28108 km | Hybrid,€ 58.669,https://www.dusseldorpbmw.nl/aanbod/bmw-5-serie-occasion-touring-530e-xdrive-m-sport-45775310
Dusseldorp Rotterdam Zuid,BMW 3 Serie,318i M Sport Sedan,2020 | 94718 km | Benzine,€ 29.450,https://www.dusseldorpbmw.nl/aanbod/bmw-3-serie-occasion-318i-m-sport-sedan-45782184
Dusseldorp Rotterdam Zuid,BMW 1 Serie,118i M Sport,2021 | 107773 km | Benzine,€ 23.950,https://www.dusseldorpbmw.nl/aanbod/bmw-1-serie-occasion-118i-m-sport-45782361
Dusseldorp Rotterdam Zuid,BMW 3 Serie,330e M Sport Touring,2024 | 23292 km | Hybrid,€ 61.950,https://www.dusseldorpbmw.nl/aanbod/bmw-3-serie-occasion-330e-m-sport-touring-45799842
Dusseldorp Den Haag,BMW M5,Touring,2025 | 3018 km | Hybrid,€ 152.750,https://www.dusseldorpbmw.nl/aanbod/bmw-m5-occasion-touring-45801370
Dusseldorp Deventer,BMW X3,xDrive30e Business Edition Plus,2022 | 90977 km | Hybrid,€ 45.950,https://www.dusseldorpbmw.nl/aanbod/bmw-x3-occasion-xdrive30e-business-edition-plus-45803492
Dusseldorp Rotterdam Zuid,BMW 1 Serie,118i Sportline,2020 | 90990 km | Benzine,€ 21.950,https://www.dusseldorpbmw.nl/aanbod/bmw-1-serie-occasion-118i-sportline-45805519
Dusseldorp Rotterdam Zuid,BMW 2 Serie,Gran Coupé M235i xDrive,2025 | 501 km | Benzine,€ 75.950,https://www.dusseldorpbmw.nl/aanbod/bmw-2-serie-company-car-gran-coupe-m235i-xdrive-45806106
Dusseldorp Rotterdam Zuid,BMW 1 Serie,M135i xDrive,2025 | 6999 km | Benzine,€ 79.950,https://www.dusseldorpbmw.nl/aanbod/bmw-1-serie-company-car-m135i-xdrive-45806443
Dusseldorp Apeldoorn,BMW 5 Serie,520i Touring,2025 | 21620 km | Benzine,€ 68.950,https://www.dusseldorpbmw.nl/aanbod/bmw-5-serie-occasion-520i-touring-45822513
Dusseldorp Apeldoorn,BMW 5 Serie,520i Touring,2025 | 18693 km | Benzine,€ 68.950,https://www.dusseldorpbmw.nl/aanbod/bmw-5-serie-occasion-520i-touring-45822861
Dusseldorp Alkmaar,BMW 3 Serie,Touring 330e M Sport Pro,2025 | 20715 km | Hybrid,€ 62.950,https://www.dusseldorpbmw.nl/aanbod/bmw-3-serie-occasion-touring-330e-m-sport-pro-45824846
Dusseldorp Schiedam,BMW M3,xDrive Competition Sepang Bronze Individual,2025 | 12537 km | Benzine,€ 132.950,https://www.dusseldorpbmw.nl/aanbod/bmw-m3-occasion-xdrive-competition-sepang-bronze-individual-45827851
Dusseldorp Schiedam,BMW X1,xDrive25e,2025 | 6999 km | Hybrid,€ 66.198,https://www.dusseldorpbmw.nl/aanbod/bmw-x1-company-car-xdrive25e-45828555
Dusseldorp Schiedam,BMW 2 Serie,Gran Tourer 216i 7p. Business Edition,2022 | 126069 km | Benzine,€ 20.950,https://www.dusseldorpbmw.nl/aanbod/bmw-2-serie-occasion-gran-tourer-216i-7p-business-edition-45830731
Dusseldorp Rotterdam Zuid,BMW X4,xDrive20i M Sport Pro,2022 | 52069 km | Benzine,€ 54.950,https://www.dusseldorpbmw.nl/aanbod/bmw-x4-occasion-xdrive20i-m-sport-pro-45832619
Dusseldorp Wateringen,BMW i4,eDrive35 M Sport High Executive 70 kWh,2023 | 17720 km | Elektrisch,€ 40.950,https://www.dusseldorpbmw.nl/aanbod/bmw-i4-occasion-edrive35-m-sport-high-executive-70-kwh-45832876
Dusseldorp Zwolle,BMW 2 Serie,223 xDrive Gran Coupé M-Sport Pro Aut.,2025 | 10 km | Benzine,€ 66.160,https://www.dusseldorpbmw.nl/aanbod/bmw-2-serie-nieuw-223-xdrive-gran-coupe-m-sport-pro-aut-45834354
Dusseldorp Zwolle,BMW X7,xDrive40i M-Sport Pro Aut.,2025 | 10 km | Benzine,€ 180.758,https://www.dusseldorpbmw.nl/aanbod/bmw-x7-nieuw-xdrive40i-m-sport-pro-aut-45834359
Dusseldorp Zwolle,BMW i4,eDrive40 M-Sport 84 kWh,2025 | 10 km | Elektrisch,€ 76.339,https://www.dusseldorpbmw.nl/aanbod/bmw-i4-nieuw-edrive40-m-sport-84-kwh-45834386
Dusseldorp Zwolle,BMW i4,eDrive40 M-Sport 84 kWh,2025 | 10 km | Elektrisch,€ 74.732,https://www.dusseldorpbmw.nl/aanbod/bmw-i4-nieuw-edrive40-m-sport-84-kwh-45834393
Dusseldorp Zwolle,BMW i5,M60 xDrive Sedan M-Sport Pro 84 kWh,2025 | 10 km | Elektrisch,€ 124.992,https://www.dusseldorpbmw.nl/aanbod/bmw-i5-nieuw-m60-xdrive-sedan-m-sport-pro-84-kwh-45834432
Dusseldorp Zwolle,BMW i5,eDrive40 Sedan M-Sport 84 kWh,2025 | 10 km | Elektrisch,€ 81.115,https://www.dusseldorpbmw.nl/aanbod/bmw-i5-nieuw-edrive40-sedan-m-sport-84-kwh-45834442
Dusseldorp Zwolle,BMW 5 Serie,550e xDrive Touring M-Sport Pro Aut.,2025 | 10 km | Hybrid,€ 117.469,https://www.dusseldorpbmw.nl/aanbod/bmw-5-serie-nieuw-550e-xdrive-touring-m-sport-pro-aut-45834503
Dusseldorp Zwolle,BMW i5,M60 xDrive Touring M-Sport Pro 84 kWh,2025 | 10 km | Elektrisch,€ 129.536,https://www.dusseldorpbmw.nl/aanbod/bmw-i5-nieuw-m60-xdrive-touring-m-sport-pro-84-kwh-45834507
Dusseldorp Zwolle,BMW iX,xDrive60 M-Sport Pro 112 kWh,2025 | 10 km | Elektrisch,€ 133.265,https://www.dusseldorpbmw.nl/aanbod/bmw-ix-nieuw-xdrive60-m-sport-pro-112-kwh-45834519
Dusseldorp Zwolle,BMW iX2,eDrive20 M-Sport Pro 67 kWh,2025 | 10 km | Elektrisch,€ 58.747,https://www.dusseldorpbmw.nl/aanbod/bmw-ix2-nieuw-edrive20-m-sport-pro-67-kwh-45834522
Dusseldorp Zwolle,BMW iX2,eDrive20 M-Sport Pro 67 kWh,2025 | 10 km | Elektrisch,€ 60.837,https://www.dusseldorpbmw.nl/aanbod/bmw-ix2-nieuw-edrive20-m-sport-pro-67-kwh-45834543
Dusseldorp Zwolle,BMW iX1,eDrive20 M-Sport 67 kWh,2025 | 10 km | Elektrisch,€ 62.044,https://www.dusseldorpbmw.nl/aanbod/bmw-ix1-nieuw-edrive20-m-sport-67-kwh-45834559
Dusseldorp Zwolle,BMW iX1,eDrive20 M-Sport 67 kWh,2025 | 10 km | Elektrisch,€ 57.254,https://www.dusseldorpbmw.nl/aanbod/bmw-ix1-nieuw-edrive20-m-sport-67-kwh-45834566
Dusseldorp Rotterdam Zuid,BMW iX3,Executive,2022 | 35771 km | Elektrisch,€ 42.450,https://www.dusseldorpbmw.nl/aanbod/bmw-ix3-occasion-executive-45835088
Dusseldorp Zwolle,BMW XM,PHEV 50e 30 kWh,2024 | 33248 km | Hybrid,€ 112.950,https://www.dusseldorpbmw.nl/aanbod/bmw-xm-occasion-phev-50e-30-kwh-45851232
Dusseldorp Brielle,BMW X5,xDrive45e High Executive M-Sport,2021 | 84650 km | Hybrid,€ 65.950,https://www.dusseldorpbmw.nl/aanbod/bmw-x5-occasion-xdrive45e-high-executive-m-sport-45853334
Dusseldorp Schiedam,BMW 4 Serie,Cabrio 420i,2025 | 10 km | Benzine,€ 94.810,https://www.dusseldorpbmw.nl/aanbod/bmw-4-serie-nieuw-cabrio-420i-45865710
Dusseldorp Rotterdam Noord,BMW Z4,sDrive30i M Sport Pro,2025 | 10 km | Benzine,€ 87.377,https://www.dusseldorpbmw.nl/aanbod/bmw-z4-nieuw-sdrive30i-m-sport-pro-45869127
Dusseldorp Rotterdam Zuid,BMW 4 Serie,Gran Coupé 420i M Sport,2025 | 7500 km | Benzine,€ 78.841,https://www.dusseldorpbmw.nl/aanbod/bmw-4-serie-company-car-gran-coupe-420i-m-sport-45869489
Dusseldorp Deventer,BMW 5 Serie,530e Business Edition Plus,2022 | 103953 km | Hybrid,€ 38.950,https://www.dusseldorpbmw.nl/aanbod/bmw-5-serie-occasion-530e-business-edition-plus-45870360
Dusseldorp Rotterdam Zuid,BMW XM,PHEV 50e,2024 | 5673 km | Hybrid,€ 114.950,https://www.dusseldorpbmw.nl/aanbod/bmw-xm-occasion-phev-50e-45871508
Dusseldorp Rotterdam Zuid,BMW 2 Serie,Gran Tourer 218i Sportline 7p.,2022 | 120578 km | Benzine,€ 24.750,https://www.dusseldorpbmw.nl/aanbod/bmw-2-serie-occasion-gran-tourer-218i-sportline-7p-45871589
Dusseldorp Rotterdam Zuid,BMW XM,PHEV 50e,2024 | 16780 km | Hybrid,€ 112.950,https://www.dusseldorpbmw.nl/aanbod/bmw-xm-occasion-phev-50e-45871635
Dusseldorp Schiedam,BMW 2 Serie,Gran Tourer 216i 7p. High Executive,2022 | 84541 km | Benzine,€ 21.950,https://www.dusseldorpbmw.nl/aanbod/bmw-2-serie-occasion-gran-tourer-216i-7p-high-executive-45874898
Dusseldorp Brielle,BMW X1,xDrive25e,2025 | 510 km | Hybrid,€ 68.931,https://www.dusseldorpbmw.nl/aanbod/bmw-x1-company-car-xdrive25e-45875895
Dusseldorp Brielle,BMW i5,Touring eDrive40 84 kWh,2025 | 10 km | Elektrisch,€ 82.671,https://www.dusseldorpbmw.nl/aanbod/bmw-i5-nieuw-touring-edrive40-84-kwh-45875920
Dusseldorp Brielle,BMW i4,eDrive35 70 kWh,2025 | 10 km | Elektrisch,€ 71.325,https://www.dusseldorpbmw.nl/aanbod/bmw-i4-nieuw-edrive35-70-kwh-45875931
Dusseldorp Brielle,BMW iX2,eDrive20 67 kWh,2025 | 10 km | Elektrisch,€ 62.668,https://www.dusseldorpbmw.nl/aanbod/bmw-ix2-nieuw-edrive20-67-kwh-45875946
Dusseldorp Brielle,BMW 7 Serie,750e xDrive,2025 | 10 km | Hybrid,€ 173.926,https://www.dusseldorpbmw.nl/aanbod/bmw-7-serie-nieuw-750e-xdrive-45875980
Dusseldorp Den Haag,BMW 2 Serie,225e Active Tourer xDrive M Sport Pro,2025 | 7500 km | Hybrid,€ 58.246,https://www.dusseldorpbmw.nl/aanbod/bmw-2-serie-company-car-225e-active-tourer-xdrive-m-sport-pro-45878243
Dusseldorp Rotterdam Zuid,BMW iX2,eDrive20 M Sport Pro,2025 | 10 km | Elektrisch,€ 58.747,https://www.dusseldorpbmw.nl/aanbod/bmw-ix2-nieuw-edrive20-m-sport-pro-45879463
Dusseldorp Rotterdam Zuid,BMW 5 Serie,Touring 530e M Sport Pro,2025 | 10 km | Hybrid,€ 85.652,https://www.dusseldorpbmw.nl/aanbod/bmw-5-serie-nieuw-touring-530e-m-sport-pro-45879722
Dusseldorp Rotterdam Zuid,BMW i5,xDrive40 M Sport Pro,2025 | 10 km | Elektrisch,€ 92.479,https://www.dusseldorpbmw.nl/aanbod/bmw-i5-nieuw-xdrive40-m-sport-pro-45879790
Dusseldorp Rotterdam Zuid,BMW iX1,eDrive20 M Sport,2025 | 10 km | Elektrisch,€ 57.000,https://www.dusseldorpbmw.nl/aanbod/bmw-ix1-nieuw-edrive20-m-sport-45880160
Dusseldorp Rotterdam Zuid,BMW iX1,eDrive20 M Sport,2025 | 10 km | Elektrisch,€ 55.950,https://www.dusseldorpbmw.nl/aanbod/bmw-ix1-nieuw-edrive20-m-sport-45880295
Dusseldorp Zwolle,BMW i3,S Business Edition 120Ah 42 kWh,2021 | 62456 km | Elektrisch,€ 21.900,https://www.dusseldorpbmw.nl/aanbod/bmw-i3-occasion-s-business-edition-120ah-42-kwh-45902225
Dusseldorp Den Haag,BMW X1,xDrive25e M-Sport,2025 | 6999 km | Hybrid,€ 64.759,https://www.dusseldorpbmw.nl/aanbod/bmw-x1-company-car-xdrive25e-m-sport-45903408
Dusseldorp Deventer,BMW i5,eDrive40 84 kWh,2025 | 10 km | Elektrisch,€ 87.831,https://www.dusseldorpbmw.nl/aanbod/bmw-i5-nieuw-edrive40-84-kwh-45909225
Dusseldorp Den Haag,BMW 5 Serie,530e Touring M-Sport,2025 | 6999 km | Hybrid,€ 81.487,https://www.dusseldorpbmw.nl/aanbod/bmw-5-serie-company-car-530e-touring-m-sport-45909340
Dusseldorp Den Haag,BMW 2 Serie,230e Active Tourer xDrive M Sport,2025 | 6999 km | Hybrid,€ 65.080,https://www.dusseldorpbmw.nl/aanbod/bmw-2-serie-company-car-230e-active-tourer-xdrive-m-sport-45910257
Dusseldorp Den Haag,BMW 2 Serie,220 Gran Coupé M-Sport,2025 | 6999 km | Benzine,€ 51.370,https://www.dusseldorpbmw.nl/aanbod/bmw-2-serie-company-car-220-gran-coupe-m-sport-45911010
Dusseldorp Den Haag,BMW 5 Serie,540i High Executive Edition M-Sport,2021 | 90162 km | Benzine,€ 51.900,https://www.dusseldorpbmw.nl/aanbod/bmw-5-serie-occasion-540i-high-executive-edition-m-sport-45916633
Dusseldorp Den Haag,BMW 2 Serie,218i Gran Coupé M-Sport,2023 | 28948 km | Benzine,€ 34.900,https://www.dusseldorpbmw.nl/aanbod/bmw-2-serie-occasion-218i-gran-coupe-m-sport-45916777
Dusseldorp Apeldoorn,BMW 1 Serie,123 xDrive M Sport Pro - Innovation Pack,2025 | 10 km | Benzine,€ 68.215,https://www.dusseldorpbmw.nl/aanbod/bmw-1-serie-nieuw-123-xdrive-m-sport-pro---innovation-pack-45917895
Dusseldorp Apeldoorn,BMW iX3,Executive 80 kWh - Shadow Line Pack,2024 | 52081 km | Elektrisch,€ 49.500,https://www.dusseldorpbmw.nl/aanbod/bmw-ix3-occasion-executive-80-kwh---shadow-line-pack-45917981
Dusseldorp Oostzaan,BMW i4,eDrive35 70 kWh,2025 | 10 km | Elektrisch,€ 66.051,https://www.dusseldorpbmw.nl/aanbod/bmw-i4-nieuw-edrive35-70-kwh-45927471
Dusseldorp Zwolle,BMW 2 Serie,218i Active Tourer M-Sport Aut.,2022 | 56351 km | Benzine,€ 34.900,https://www.dusseldorpbmw.nl/aanbod/bmw-2-serie-occasion-218i-active-tourer-m-sport-aut-45930695
Dusseldorp Brielle,BMW X2,sDrive20i,2025 | 10 km | Benzine,€ 70.736,https://www.dusseldorpbmw.nl/aanbod/bmw-x2-nieuw-sdrive20i-45936940
Dusseldorp Schiedam,BMW i5,Touring eDrive40 M Sport Edition 84 kWh,2025 | 6999 km | Elektrisch,€ 83.801,https://www.dusseldorpbmw.nl/aanbod/bmw-i5-company-car-touring-edrive40-m-sport-edition-84-kwh-45937710
Dusseldorp Apeldoorn,BMW X3,xDrive30e High Executive - M Sport - 21 inch - Trekhaak,2022 | 49063 km | Hybrid,€ 49.750,https://www.dusseldorpbmw.nl/aanbod/bmw-x3-occasion-xdrive30e-high-executive---m-sport---21-inch---trekhaak-45941500
Dusseldorp Apeldoorn,BMW 7 Serie,750e xDrive,2025 | 1510 km | Hybrid,€ 157.506,https://www.dusseldorpbmw.nl/aanbod/bmw-7-serie-company-car-750e-xdrive-45942576
Dusseldorp Zwolle,BMW 2 Serie,Active Tourer 225e xDrive,2025 | 7320 km | Hybrid,€ 58.365,https://www.dusseldorpbmw.nl/aanbod/bmw-2-serie-company-car-active-tourer-225e-xdrive-45942688
Dusseldorp Rotterdam Zuid,BMW 2 Serie,Gran Coupé 220 M Sport Pro,2025 | 7500 km | Benzine,€ 51.718,https://www.dusseldorpbmw.nl/aanbod/bmw-2-serie-company-car-gran-coupe-220-m-sport-pro-45942755
Dusseldorp Oostzaan,BMW 2 Serie,Gran Coupé 223 xDrive,2025 | 10 km | Benzine,€ 65.316,https://www.dusseldorpbmw.nl/aanbod/bmw-2-serie-nieuw-gran-coupe-223-xdrive-45942868
Dusseldorp Rotterdam Zuid,BMW X1,xDrive23i M Sport Pro,2023 | 35001 km | Benzine,€ 51.950,https://www.dusseldorpbmw.nl/aanbod/bmw-x1-occasion-xdrive23i-m-sport-pro-45942926
Dusseldorp Rotterdam Zuid,BMW 2 Serie,Gran Coupé 220 M Sport Pro,2025 | 510 km | Benzine,€ 55.216,https://www.dusseldorpbmw.nl/aanbod/bmw-2-serie-company-car-gran-coupe-220-m-sport-pro-45944108
Dusseldorp Rotterdam Zuid,BMW 2 Serie,Gran Coupé 220 M Sport Pro,2025 | 510 km | Benzine,€ 55.216,https://www.dusseldorpbmw.nl/aanbod/bmw-2-serie-company-car-gran-coupe-220-m-sport-pro-45944185
Dusseldorp Schiedam,BMW X1,xDrive25e,2025 | 6999 km | Hybrid,€ 66.198,https://www.dusseldorpbmw.nl/aanbod/bmw-x1-company-car-xdrive25e-45944404
Dusseldorp Zwolle,BMW X1,xDrive25e M-Sport Pro Aut.,2025 | 9220 km | Hybrid,€ 66.198,https://www.dusseldorpbmw.nl/aanbod/bmw-x1-company-car-xdrive25e-m-sport-pro-aut-45944450
Dusseldorp Rotterdam Zuid,BMW 5 Serie,Touring 520i M Sport Pro,2025 | 7500 km | Benzine,€ 89.419,https://www.dusseldorpbmw.nl/aanbod/bmw-5-serie-company-car-touring-520i-m-sport-pro-45944532
Dusseldorp Rotterdam Zuid,BMW 5 Serie,Touring 520i M Sport,2025 | 7500 km | Benzine,€ 84.056,https://www.dusseldorpbmw.nl/aanbod/bmw-5-serie-company-car-touring-520i-m-sport-45944602
Dusseldorp Zwolle,BMW 2 Serie,218i Gran Coupé M-Sport Aut.,2024 | 26309 km | Benzine,€ 37.450,https://www.dusseldorpbmw.nl/aanbod/bmw-2-serie-occasion-218i-gran-coupe-m-sport-aut-45955744
Dusseldorp Alkmaar,BMW 3 Serie,Touring M340i xDrive,2023 | 45955 km | Benzine,€ 74.950,https://www.dusseldorpbmw.nl/aanbod/bmw-3-serie-occasion-touring-m340i-xdrive-45956515
Dusseldorp Zwolle,BMW 3 Serie,330e Sedan M-Sport Aut Hybrid,2024 | 30804 km | Hybrid,€ 45.950,https://www.dusseldorpbmw.nl/aanbod/bmw-3-serie-occasion-330e-sedan-m-sport-aut-hybrid-45957554
Dusseldorp Zwolle,BMW 2 Serie,218i Gran Coupé M-Sport Aut.,2024 | 29359 km | Benzine,€ 37.450,https://www.dusseldorpbmw.nl/aanbod/bmw-2-serie-occasion-218i-gran-coupe-m-sport-aut-45958435
Dusseldorp Oostzaan,BMW i3,Dark Shadow Edition 120Ah 42 kWh,2021 | 52942 km | Elektrisch,€ 21.950,https://www.dusseldorpbmw.nl/aanbod/bmw-i3-occasion-dark-shadow-edition-120ah-42-kwh-45958744
Dusseldorp Rotterdam Noord,BMW i5,eDrive40 M Sport Pro,2025 | 10 km | Elektrisch,€ 85.061,https://www.dusseldorpbmw.nl/aanbod/bmw-i5-nieuw-edrive40-m-sport-pro-45961410
Dusseldorp Hoorn,BMW 4 Serie,Gran Coupé M440i xDrive,2025 | 10 km | Benzine,€ 124.194,https://www.dusseldorpbmw.nl/aanbod/bmw-4-serie-nieuw-gran-coupe-m440i-xdrive-45961679
Dusseldorp Rotterdam Noord,BMW 2 Serie,Gran Coupé 218i,2024 | 30504 km | Benzine,€ 36.250,https://www.dusseldorpbmw.nl/aanbod/bmw-2-serie-occasion-gran-coupe-218i-45962358
Dusseldorp Rotterdam Noord,BMW X1,xDrive25e eDrive Edition,2020 | 101855 km | Hybrid,€ 28.495,https://www.dusseldorpbmw.nl/aanbod/bmw-x1-occasion-xdrive25e-edrive-edition-45962484
Dusseldorp Zwolle,BMW 2 Serie,225e xDrive Active Tourer M-Sport Hybrid,2024 | 26282 km | Hybrid,€ 39.950,https://www.dusseldorpbmw.nl/aanbod/bmw-2-serie-occasion-225e-xdrive-active-tourer-m-sport-hybrid-45963056
Dusseldorp Oostzaan,BMW X5,xDrive50e,2024 | 34218 km | Hybrid,€ 99.950,https://www.dusseldorpbmw.nl/aanbod/bmw-x5-occasion-xdrive50e-45965900
Dusseldorp Oostzaan,BMW X4M,Competition,2022 | 83391 km | Benzine,€ 77.950,https://www.dusseldorpbmw.nl/aanbod/bmw-x4m-occasion-competition-45965936
Dusseldorp Wateringen,BMW i4,eDrive40 M Sport Edition 84 kWh,2025 | 6999 km | Elektrisch,€ 77.260,https://www.dusseldorpbmw.nl/aanbod/bmw-i4-company-car-edrive40-m-sport-edition-84-kwh-45970220
Dusseldorp Wateringen,BMW 2 Serie,Gran Coupé 218i M Sport Executive Edition,2020 | 82200 km | Benzine,€ 26.450,https://www.dusseldorpbmw.nl/aanbod/bmw-2-serie-occasion-gran-coupe-218i-m-sport-executive-edition-45970243
Dusseldorp Wateringen,BMW 2 Serie,Gran Tourer 218i 7p. Business Edition,2021 | 125830 km | Benzine,€ 23.950,https://www.dusseldorpbmw.nl/aanbod/bmw-2-serie-occasion-gran-tourer-218i-7p-business-edition-45970487
Dusseldorp Wateringen,BMW 2 Serie,Gran Coupé 218i M Sport,2024 | 38641 km | Benzine,€ 34.450,https://www.dusseldorpbmw.nl/aanbod/bmw-2-serie-occasion-gran-coupe-218i-m-sport-45970500
Dusseldorp Wateringen,BMW X3,xDrive30e Business Edition Plus,2023 | 42120 km | Hybrid,€ 58.950,https://www.dusseldorpbmw.nl/aanbod/bmw-x3-occasion-xdrive30e-business-edition-plus-45970632
Dusseldorp Wateringen,BMW i4,eDrive40 M Sport Edition 84 kWh,2025 | 6999 km | Elektrisch,€ 81.341,https://www.dusseldorpbmw.nl/aanbod/bmw-i4-company-car-edrive40-m-sport-edition-84-kwh-45972273
Dusseldorp Deventer,BMW iX3,High Executive 80 kWh,2021 | 113992 km | Elektrisch,€ 34.750,https://www.dusseldorpbmw.nl/aanbod/bmw-ix3-occasion-high-executive-80-kwh-45981050
Dusseldorp Zwolle,BMW XM,PHEV Label Red 30 kWh,2024 | 41976 km | Hybrid,€ 139.900,https://www.dusseldorpbmw.nl/aanbod/bmw-xm-occasion-phev-label-red-30-kwh-45981283
Dusseldorp Den Haag,BMW iX,M60 High Executive 112 kWh,2025 | 2205 km | Elektrisch,€ 102.900,https://www.dusseldorpbmw.nl/aanbod/bmw-ix-occasion-m60-high-executive-112-kwh-45983285
Dusseldorp Zwolle,BMW 1 Serie,118i Exe Sportline Aut.,2022 | 108187 km | Benzine,€ 24.950,https://www.dusseldorpbmw.nl/aanbod/bmw-1-serie-occasion-118i-exe-sportline-aut-45983328
Dusseldorp Apeldoorn,BMW X4,M40i High Executive Edition,2019 | 65873 km | Benzine,€ 53.450,https://www.dusseldorpbmw.nl/aanbod/bmw-x4-occasion-m40i-high-executive-edition-45985376
Dusseldorp Zwolle,BMW 5 Serie,550e Sedan X-drive M-Sport Pro Hybrid,2024 | 18287 km | Hybrid,€ 83.900,https://www.dusseldorpbmw.nl/aanbod/bmw-5-serie-occasion-550e-sedan-x-drive-m-sport-pro-hybrid-45994516
Dusseldorp Deventer,BMW 4 Serie,420i Business Edition Plus,2024 | 24735 km | Benzine,€ 48.950,https://www.dusseldorpbmw.nl/aanbod/bmw-4-serie-occasion-420i-business-edition-plus-45994974
Dusseldorp Brielle,BMW iX,xDrive40 High Executive 77 kWh,2021 | 102924 km | Elektrisch,€ 44.850,https://www.dusseldorpbmw.nl/aanbod/bmw-ix-occasion-xdrive40-high-executive-77-kwh-45998904
Dusseldorp Brielle,BMW 3 Serie,330e xDrive Touring M-Sport Pro,2024 | 14848 km | Hybrid,€ 54.450,https://www.dusseldorpbmw.nl/aanbod/bmw-3-serie-occasion-330e-xdrive-touring-m-sport-pro-45999046
Dusseldorp Oostzaan,BMW 1 Serie,118i Business M Sport,2021 | 84266 km | Benzine,€ 25.950,https://www.dusseldorpbmw.nl/aanbod/bmw-1-serie-occasion-118i-business-m-sport-46012581
Dusseldorp Rotterdam Zuid,BMW i5,Touring eDrive40 M Sport Pro,2025 | 7500 km | Elektrisch,€ 83.801,https://www.dusseldorpbmw.nl/aanbod/bmw-i5-company-car-touring-edrive40-m-sport-pro-46012712
Dusseldorp Rotterdam Zuid,BMW 3 Serie,Touring 330e M Sport,2022 | 66668 km | Hybrid,€ 42.450,https://www.dusseldorpbmw.nl/aanbod/bmw-3-serie-occasion-touring-330e-m-sport-46015997
Dusseldorp Zwolle,BMW 5 Serie,520e Touring M-Sport Hybrid,2022 | 53313 km | Hybrid,€ 43.950,https://www.dusseldorpbmw.nl/aanbod/bmw-5-serie-occasion-520e-touring-m-sport-hybrid-46021426
Dusseldorp Wateringen,BMW X1,sDrive18i M Sport,2022 | 75606 km | Benzine,€ 40.900,https://www.dusseldorpbmw.nl/aanbod/bmw-x1-occasion-sdrive18i-m-sport-46022786
Dusseldorp Rotterdam Noord,BMW 2 Serie,Gran Coupé 220,2025 | 10 km | Benzine,€ 58.279,https://www.dusseldorpbmw.nl/aanbod/bmw-2-serie-nieuw-gran-coupe-220-46031214
Dusseldorp Brielle,BMW iX,M60 High Executive,2025 | 1999 km | Elektrisch,€ 145.287,https://www.dusseldorpbmw.nl/aanbod/bmw-ix-company-car-m60-high-executive-46031960
Dusseldorp Deventer,BMW X1,xDrive30e,2024 | 899 km | Hybrid,€ 58.950,https://www.dusseldorpbmw.nl/aanbod/bmw-x1-occasion-xdrive30e-46033165
Dusseldorp Zwolle,BMW iX1,xDrive30 M-Sport,2023 | 42812 km | Elektrisch,€ 47.900,https://www.dusseldorpbmw.nl/aanbod/bmw-ix1-occasion-xdrive30-m-sport-46036715
Dusseldorp Den Haag,BMW iX1,eDrive20 M Sport,2025 | 10 km | Elektrisch,€ 55.950,https://www.dusseldorpbmw.nl/aanbod/bmw-ix1-nieuw-edrive20-m-sport-46040470
Dusseldorp Den Haag,BMW i4,eDrive35 M Sport Edition 70 kWh,2024 | 21728 km | Elektrisch,€ 48.185,https://www.dusseldorpbmw.nl/aanbod/bmw-i4-occasion-edrive35-m-sport-edition-70-kwh-46047531
Dusseldorp Alkmaar,BMW 2 Serie,Gran Coupé 218i High Executive M Sport,2024 | 25800 km | Benzine,€ 38.450,https://www.dusseldorpbmw.nl/aanbod/bmw-2-serie-occasion-gran-coupe-218i-high-executive-m-sport-46048266
Dusseldorp Den Haag,BMW X1,xDrive25e M-Sport Pro,2025 | 6999 km | Hybrid,€ 66.648,https://www.dusseldorpbmw.nl/aanbod/bmw-x1-company-car-xdrive25e-m-sport-pro-46062140
Dusseldorp Den Haag,BMW X1,xDrive25e M-Sport Pro,2025 | 6999 km | Hybrid,€ 66.648,https://www.dusseldorpbmw.nl/aanbod/bmw-x1-company-car-xdrive25e-m-sport-pro-46062570
Dusseldorp Rotterdam Zuid,BMW 2 Serie,Active Tourer 230e xDrive M Sport,2024 | 30752 km | Hybrid,€ 46.450,https://www.dusseldorpbmw.nl/aanbod/bmw-2-serie-occasion-active-tourer-230e-xdrive-m-sport-46062681
Dusseldorp Den Haag,BMW iX1,eDrive20 67 kWh M Sport Edition,2025 | 6999 km | Elektrisch,€ 61.312,https://www.dusseldorpbmw.nl/aanbod/bmw-ix1-company-car-edrive20-67-kwh-m-sport-edition-46067715
Dusseldorp Rotterdam Zuid,BMW X1,sDrive18i M Sport,2023 | 24049 km | Benzine,€ 46.950,https://www.dusseldorpbmw.nl/aanbod/bmw-x1-occasion-sdrive18i-m-sport-46068313
Dusseldorp Alkmaar,BMW iX3,Executive 80 kWh,2023 | 32018 km | Elektrisch,€ 46.950,https://www.dusseldorpbmw.nl/aanbod/bmw-ix3-occasion-executive-80-kwh-46068893
Dusseldorp Den Haag,BMW 5 Serie,530e M-Sport,2025 | 6999 km | Hybrid,€ 78.646,https://www.dusseldorpbmw.nl/aanbod/bmw-5-serie-company-car-530e-m-sport-46070078
Dusseldorp Rotterdam Zuid,BMW i5,eDrive40 M Sport Pro,2025 | 10 km | Elektrisch,€ 82.566,https://www.dusseldorpbmw.nl/aanbod/bmw-i5-nieuw-edrive40-m-sport-pro-46073688
Dusseldorp Rotterdam Zuid,BMW i5,eDrive40 M Sport,2025 | 10 km | Elektrisch,€ 81.115,https://www.dusseldorpbmw.nl/aanbod/bmw-i5-nieuw-edrive40-m-sport-46073864
Dusseldorp Rotterdam Zuid,BMW i4,eDrive40 M Sport Pro,2025 | 10 km | Elektrisch,€ 71.676,https://www.dusseldorpbmw.nl/aanbod/bmw-i4-nieuw-edrive40-m-sport-pro-46075159
Dusseldorp Apeldoorn,BMW 5 Serie,530e M Sport Edition,2025 | 510 km | Hybrid,€ 86.695,https://www.dusseldorpbmw.nl/aanbod/bmw-5-serie-company-car-530e-m-sport-edition-46092737
Dusseldorp Alkmaar,BMW X1,xDrive25e M Sport Pro,2025 | 5124 km | Hybrid,€ 69.886,https://www.dusseldorpbmw.nl/aanbod/bmw-x1-company-car-xdrive25e-m-sport-pro-46092788
Dusseldorp Apeldoorn,BMW iX2,eDrive20 67 kWh M Sport Edition,2025 | 3999 km | Elektrisch,€ 63.448,https://www.dusseldorpbmw.nl/aanbod/bmw-ix2-company-car-edrive20-67-kwh-m-sport-edition-46092924
Dusseldorp Apeldoorn,BMW iX2,eDrive20 67 kWh M Sport Edition,2025 | 3999 km | Elektrisch,€ 63.448,https://www.dusseldorpbmw.nl/aanbod/bmw-ix2-company-car-edrive20-67-kwh-m-sport-edition-46092961
Dusseldorp Rotterdam Zuid,BMW iX1,eDrive20 M Sport,2025 | 7500 km | Elektrisch,€ 55.950,https://www.dusseldorpbmw.nl/aanbod/bmw-ix1-company-car-edrive20-m-sport-46092974
Dusseldorp Rotterdam Zuid,BMW iX1,eDrive20,2025 | 7500 km | Elektrisch,€ 50.863,https://www.dusseldorpbmw.nl/aanbod/bmw-ix1-company-car-edrive20-46092988
Dusseldorp Rotterdam Zuid,BMW iX1,eDrive20,2025 | 7500 km | Elektrisch,€ 50.863,https://www.dusseldorpbmw.nl/aanbod/bmw-ix1-company-car-edrive20-46093011
Dusseldorp Rotterdam Zuid,BMW iX1,eDrive20,2025 | 7500 km | Elektrisch,€ 50.863,https://www.dusseldorpbmw.nl/aanbod/bmw-ix1-company-car-edrive20-46093033
Dusseldorp Rotterdam Zuid,BMW iX1,eDrive20,2025 | 7500 km | Elektrisch,€ 50.863,https://www.dusseldorpbmw.nl/aanbod/bmw-ix1-company-car-edrive20-46093043
Dusseldorp Apeldoorn,BMW i4,eDrive35 M Sport Edition 70 kWh - Driving Assistant Professional,2025 | 6555 km | Elektrisch,€ 67.750,https://www.dusseldorpbmw.nl/aanbod/bmw-i4-company-car-edrive35-m-sport-edition-70-kwh---driving-assistant-professional-46093066
Dusseldorp Rotterdam Zuid,BMW 2 Serie,Active Tourer 225e xDrive M Sport,2025 | 7500 km | Hybrid,€ 58.110,https://www.dusseldorpbmw.nl/aanbod/bmw-2-serie-company-car-active-tourer-225e-xdrive-m-sport-46093108
Dusseldorp Rotterdam Zuid,BMW 2 Serie,Gran Coupé 220,2025 | 7500 km | Benzine,€ 49.042,https://www.dusseldorpbmw.nl/aanbod/bmw-2-serie-company-car-gran-coupe-220-46093116
Dusseldorp Rotterdam Zuid,BMW 2 Serie,Active Tourer 225e xDrive M Sport,2025 | 7500 km | Hybrid,€ 56.928,https://www.dusseldorpbmw.nl/aanbod/bmw-2-serie-company-car-active-tourer-225e-xdrive-m-sport-46093133
Dusseldorp Rotterdam Zuid,BMW 2 Serie,Active Tourer 225e xDrive M Sport,2025 | 7500 km | Hybrid,€ 57.196,https://www.dusseldorpbmw.nl/aanbod/bmw-2-serie-company-car-active-tourer-225e-xdrive-m-sport-46093141
Dusseldorp Rotterdam Noord,BMW iX,M60 High Executive 112 kWh,2025 | 6999 km | Elektrisch,€ 104.900,https://www.dusseldorpbmw.nl/aanbod/bmw-ix-company-car-m60-high-executive-112-kwh-46093211
Dusseldorp Schiedam,Alpina B4,GT SWITCH-TRONIC Allrad,2025 | 10 km | Benzine,€ 189.011,https://www.dusseldorpbmw.nl/aanbod/alpina-b4-nieuw-gt-switch-tronic-allrad-46094568
Dusseldorp Oostzaan,BMW iX1,eDrive20 67 kWh,2025 | 10 km | Elektrisch,€ 57.254,https://www.dusseldorpbmw.nl/aanbod/bmw-ix1-nieuw-edrive20-67-kwh-46094639
Dusseldorp Oostzaan,BMW iX1,eDrive20 67 kWh,2025 | 10 km | Elektrisch,€ 55.950,https://www.dusseldorpbmw.nl/aanbod/bmw-ix1-nieuw-edrive20-67-kwh-46094764
Dusseldorp Oostzaan,BMW 5 Serie,Touring 530e,2025 | 10 km | Hybrid,€ 83.157,https://www.dusseldorpbmw.nl/aanbod/bmw-5-serie-nieuw-touring-530e-46094857
Dusseldorp Oostzaan,BMW i5,eDrive40 84 kWh,2025 | 10 km | Elektrisch,€ 81.115,https://www.dusseldorpbmw.nl/aanbod/bmw-i5-nieuw-edrive40-84-kwh-46094972
Dusseldorp Rotterdam Noord,BMW i4,eDrive35 M Sport Edition,2025 | 8500 km | Elektrisch,€ 58.450,https://www.dusseldorpbmw.nl/aanbod/bmw-i4-company-car-edrive35-m-sport-edition-46096421
Dusseldorp Deventer,BMW iX,xDrive45 101 kWh,2025 | 10 km | Elektrisch,€ 112.450,https://www.dusseldorpbmw.nl/aanbod/bmw-ix-nieuw-xdrive45-101-kwh-46097845
Dusseldorp Deventer,BMW i5,Touring M60 xDrive 84 kWh,2025 | 10 km | Elektrisch,€ 121.246,https://www.dusseldorpbmw.nl/aanbod/bmw-i5-nieuw-touring-m60-xdrive-84-kwh-46097863
Dusseldorp Deventer,BMW 5 Serie,Touring 530e,2025 | 10 km | Hybrid,€ 83.157,https://www.dusseldorpbmw.nl/aanbod/bmw-5-serie-nieuw-touring-530e-46097870
Dusseldorp Deventer,BMW i5,eDrive40 84 kWh,2025 | 10 km | Elektrisch,€ 89.114,https://www.dusseldorpbmw.nl/aanbod/bmw-i5-nieuw-edrive40-84-kwh-46097884
Dusseldorp Deventer,BMW iX2,eDrive20 67 kWh,2025 | 10 km | Elektrisch,€ 58.747,https://www.dusseldorpbmw.nl/aanbod/bmw-ix2-nieuw-edrive20-67-kwh-46097890
Dusseldorp Deventer,BMW i5,Touring eDrive40 84 kWh,2025 | 10 km | Elektrisch,€ 82.671,https://www.dusseldorpbmw.nl/aanbod/bmw-i5-nieuw-touring-edrive40-84-kwh-46097896
Dusseldorp Deventer,BMW i5,Touring eDrive40 M Sport Edition 84 kWh,2025 | 10 km | Elektrisch,€ 82.671,https://www.dusseldorpbmw.nl/aanbod/bmw-i5-nieuw-touring-edrive40-m-sport-edition-84-kwh-46097915
Dusseldorp Deventer,BMW i5,eDrive40 Touring 84 kWh,2025 | 10 km | Elektrisch,€ 82.671,https://www.dusseldorpbmw.nl/aanbod/bmw-i5-nieuw-edrive40-touring-84-kwh-46098010
Dusseldorp Deventer,BMW i5,eDrive40 84 kWh,2025 | 10 km | Elektrisch,€ 81.115,https://www.dusseldorpbmw.nl/aanbod/bmw-i5-nieuw-edrive40-84-kwh-46098150
Dusseldorp Deventer,BMW i5,eDrive40 M Sport Edition 84 kWh,2025 | 10 km | Elektrisch,€ 82.566,https://www.dusseldorpbmw.nl/aanbod/bmw-i5-nieuw-edrive40-m-sport-edition-84-kwh-46098471
Dusseldorp Deventer,BMW iX1,eDrive20 67 kWh,2025 | 10 km | Elektrisch,€ 61.790,https://www.dusseldorpbmw.nl/aanbod/bmw-ix1-nieuw-edrive20-67-kwh-46098629
Dusseldorp Deventer,BMW i4,eDrive35 70 kWh,2025 | 10 km | Elektrisch,€ 66.051,https://www.dusseldorpbmw.nl/aanbod/bmw-i4-nieuw-edrive35-70-kwh-46098913
Dusseldorp Deventer,BMW i5,eDrive40 M Sport Edition 84 kWh,2025 | 10 km | Elektrisch,€ 84.604,https://www.dusseldorpbmw.nl/aanbod/bmw-i5-nieuw-edrive40-m-sport-edition-84-kwh-46098944
Dusseldorp Den Haag,BMW iX2,eDrive20 67 kWh M Sport Edition,2025 | 10 km | Elektrisch,€ 63.273,https://www.dusseldorpbmw.nl/aanbod/bmw-ix2-nieuw-edrive20-67-kwh-m-sport-edition-46099400
Dusseldorp Den Haag,BMW iX2,eDrive20 67 kWh M Sport Edition,2025 | 10 km | Elektrisch,€ 63.273,https://www.dusseldorpbmw.nl/aanbod/bmw-ix2-nieuw-edrive20-67-kwh-m-sport-edition-46099408
Dusseldorp Den Haag,BMW iX2,eDrive20 67 kWh M Sport Edition,2025 | 10 km | Elektrisch,€ 63.273,https://www.dusseldorpbmw.nl/aanbod/bmw-ix2-nieuw-edrive20-67-kwh-m-sport-edition-46099468
Dusseldorp Wateringen,BMW 2 Serie,Active Tourer 225e xDrive M Sport,2023 | 54803 km | Hybrid,€ 38.950,https://www.dusseldorpbmw.nl/aanbod/bmw-2-serie-occasion-active-tourer-225e-xdrive-m-sport-46100353
Dusseldorp Den Haag,Alpina XB7,SWITCH-TRONIC Allrad,2025 | 10 km | Benzine,€ 303.503,https://www.dusseldorpbmw.nl/aanbod/alpina-xb7-nieuw-switch-tronic-allrad-46101508
Dusseldorp Den Haag,BMW X3,30e xDrive,2025 | 10 km | Hybrid,€ 84.830,https://www.dusseldorpbmw.nl/aanbod/bmw-x3-nieuw-30e-xdrive-46103199
Dusseldorp Den Haag,BMW X3,30e xDrive,2025 | 10 km | Hybrid,€ 84.830,https://www.dusseldorpbmw.nl/aanbod/bmw-x3-nieuw-30e-xdrive-46103240
Dusseldorp Den Haag,BMW X3,30e xDrive,2025 | 10 km | Hybrid,€ 84.830,https://www.dusseldorpbmw.nl/aanbod/bmw-x3-nieuw-30e-xdrive-46103420
Dusseldorp Den Haag,BMW 3 Serie,330e,2025 | 10 km | Hybrid,€ 63.997,https://www.dusseldorpbmw.nl/aanbod/bmw-3-serie-nieuw-330e-46103519
Dusseldorp Den Haag,BMW 3 Serie,330e,2025 | 10 km | Hybrid,€ 63.997,https://www.dusseldorpbmw.nl/aanbod/bmw-3-serie-nieuw-330e-46103527
Dusseldorp Den Haag,BMW 3 Serie,330e,2025 | 10 km | Hybrid,€ 63.997,https://www.dusseldorpbmw.nl/aanbod/bmw-3-serie-nieuw-330e-46103549
Dusseldorp Den Haag,BMW 3 Serie,330e,2025 | 10 km | Hybrid,€ 63.997,https://www.dusseldorpbmw.nl/aanbod/bmw-3-serie-nieuw-330e-46103574
Dusseldorp Rotterdam Zuid,BMW iX1,eDrive20 M Sport,2025 | 5 km | Elektrisch,€ 56.307,https://www.dusseldorpbmw.nl/aanbod/bmw-ix1-nieuw-edrive20-m-sport-46105031
Dusseldorp Hoorn,BMW 4 Serie,420i Cabrio M-Sport Pro Aut.,2025 | 10 km | Benzine,€ 92.471,https://www.dusseldorpbmw.nl/aanbod/bmw-4-serie-nieuw-420i-cabrio-m-sport-pro-aut-46105431
Dusseldorp Alkmaar,BMW iX,M60 High Executive 112 kWh,2025 | 1667 km | Elektrisch,€ 104.900,https://www.dusseldorpbmw.nl/aanbod/bmw-ix-company-car-m60-high-executive-112-kwh-46107411
Dusseldorp Hoorn,BMW iX1,eDrive20 67 kWh,2025 | 10 km | Elektrisch,€ 55.950,https://www.dusseldorpbmw.nl/aanbod/bmw-ix1-nieuw-edrive20-67-kwh-46116822
Dusseldorp Rotterdam Zuid,BMW X4,xDrive20i M Sport,2024 | 22256 km | Benzine,€ 68.950,https://www.dusseldorpbmw.nl/aanbod/bmw-x4-occasion-xdrive20i-m-sport-46118985
Dusseldorp Den Haag,BMW iX2,eDrive20 67 kWh,2025 | 10 km | Elektrisch,€ 58.747,https://www.dusseldorpbmw.nl/aanbod/bmw-ix2-nieuw-edrive20-67-kwh-46119426
Dusseldorp Den Haag,BMW 1 Serie,116d Sport Line,2020 | 88758 km | Diesel,€ 23.950,https://www.dusseldorpbmw.nl/aanbod/bmw-1-serie-occasion-116d-sport-line-46120886
Dusseldorp Rotterdam Zuid,BMW X5,xDrive50e M Sport Pro,2025 | 6352 km | Hybrid,€ 109.950,https://www.dusseldorpbmw.nl/aanbod/bmw-x5-occasion-xdrive50e-m-sport-pro-46121732
Dusseldorp Brielle,BMW X3,M50 Trekhaak M-Sport Pro,2024 | 30346 km | Benzine,€ 94.950,https://www.dusseldorpbmw.nl/aanbod/bmw-x3-occasion-m50-trekhaak-m-sport-pro-46123347
Dusseldorp Brielle,BMW XM,PHEV 50e 30 kWh Trekhaak,2024 | 19888 km | Hybrid,€ 109.950,https://www.dusseldorpbmw.nl/aanbod/bmw-xm-occasion-phev-50e-30-kwh-trekhaak-46125666
Dusseldorp Hoorn,BMW i5,eDrive40 M Sport Edition 84 kWh,2025 | 10 km | Elektrisch,€ 84.604,https://www.dusseldorpbmw.nl/aanbod/bmw-i5-nieuw-edrive40-m-sport-edition-84-kwh-46143905
Dusseldorp Den Haag,BMW X2,sDrive18i M-Sport,2020 | 60496 km | Benzine,€ 32.900,https://www.dusseldorpbmw.nl/aanbod/bmw-x2-occasion-sdrive18i-m-sport-46146089
Dusseldorp Zwolle,BMW X4,xDrive30i High Exe M-Sport Aut.,2021 | 107962 km | Benzine,€ 45.900,https://www.dusseldorpbmw.nl/aanbod/bmw-x4-occasion-xdrive30i-high-exe-m-sport-aut-46148064
Dusseldorp Rotterdam Zuid,BMW 5 Serie,Touring 530e M Sport,2023 | 35547 km | Hybrid,€ 51.950,https://www.dusseldorpbmw.nl/aanbod/bmw-5-serie-occasion-touring-530e-m-sport-46149176
Dusseldorp Rotterdam Zuid,BMW 1 Serie,118i Sportline,2022 | 48821 km | Benzine,€ 27.450,https://www.dusseldorpbmw.nl/aanbod/bmw-1-serie-occasion-118i-sportline-46149309
Dusseldorp Rotterdam Zuid,BMW 1 Serie,118i,2023 | 22018 km | Benzine,€ 27.950,https://www.dusseldorpbmw.nl/aanbod/bmw-1-serie-occasion-118i-46152902
Dusseldorp Rotterdam Zuid,BMW 2 Serie,Gran Coupé 218i M Sport,2021 | 55499 km | Benzine,€ 27.950,https://www.dusseldorpbmw.nl/aanbod/bmw-2-serie-occasion-gran-coupe-218i-m-sport-46159445
Dusseldorp Hoorn,BMW 8 Serie,840i High Executive,2025 | 10 km | Benzine,€ 157.623,https://www.dusseldorpbmw.nl/aanbod/bmw-8-serie-nieuw-840i-high-executive-46163423
Dusseldorp Schiedam,BMW 2 Serie,Active Tourer 223i,2024 | 9261 km | Benzine,€ 51.450,https://www.dusseldorpbmw.nl/aanbod/bmw-2-serie-occasion-active-tourer-223i-46174437
Dusseldorp Brielle,BMW XM,PHEV 50e 30 kWh ***Wordt Verwacht***,2024 | 22553 km | Hybrid,€ 112.950,https://www.dusseldorpbmw.nl/aanbod/bmw-xm-occasion-phev-50e-30-kwh-wordt-verwacht-46174442
Dusseldorp Schiedam,BMW 3 Serie,Touring 330e,2024 | 21887 km | Hybrid,€ 45.950,https://www.dusseldorpbmw.nl/aanbod/bmw-3-serie-occasion-touring-330e-46174537
Dusseldorp Apeldoorn,BMW 1 Serie,118i Business Edition,2022 | 39905 km | Benzine,€ 28.450,https://www.dusseldorpbmw.nl/aanbod/bmw-1-serie-occasion-118i-business-edition-46191273
Dusseldorp Hoorn,BMW 3 Serie,318i Touring,2020 | 76343 km | Benzine,€ 28.950,https://www.dusseldorpbmw.nl/aanbod/bmw-3-serie-occasion-318i-touring-46196608
Dusseldorp Den Haag,BMW 1 Serie,120 M Sport,2025 | 10 km | Benzine,€ 48.740,https://www.dusseldorpbmw.nl/aanbod/bmw-1-serie-nieuw-120-m-sport-46211455
Dusseldorp Den Haag,BMW 3 Serie,330e,2025 | 10 km | Hybrid,€ 63.997,https://www.dusseldorpbmw.nl/aanbod/bmw-3-serie-nieuw-330e-46211694
Dusseldorp Oostzaan,BMW X1,xDrive25e,2025 | 10 km | Hybrid,€ 65.274,https://www.dusseldorpbmw.nl/aanbod/bmw-x1-nieuw-xdrive25e-46211846
Dusseldorp Den Haag,BMW X3,30e xDrive,2025 | 10 km | Hybrid,€ 84.830,https://www.dusseldorpbmw.nl/aanbod/bmw-x3-nieuw-30e-xdrive-46213121
Dusseldorp Den Haag,BMW iX2,eDrive20 67 kWh M Sport Edition,2025 | 10 km | Elektrisch,€ 63.273,https://www.dusseldorpbmw.nl/aanbod/bmw-ix2-nieuw-edrive20-67-kwh-m-sport-edition-46213255
Dusseldorp Den Haag,BMW iX,xDrive60 112 kWh,2025 | 10 km | Elektrisch,€ 125.437,https://www.dusseldorpbmw.nl/aanbod/bmw-ix-nieuw-xdrive60-112-kwh-46214504
Dusseldorp Den Haag,BMW iX,xDrive60 112 kWh,2025 | 10 km | Elektrisch,€ 125.437,https://www.dusseldorpbmw.nl/aanbod/bmw-ix-nieuw-xdrive60-112-kwh-46214996
Dusseldorp Den Haag,BMW i5,eDrive40 M Sport Edition 84 kWh,2025 | 10 km | Elektrisch,€ 82.672,https://www.dusseldorpbmw.nl/aanbod/bmw-i5-nieuw-edrive40-m-sport-edition-84-kwh-46216117
Dusseldorp Deventer,BMW 3 Serie,330e High Executive,2019 | 107090 km | Hybrid,€ 32.500,https://www.dusseldorpbmw.nl/aanbod/bmw-3-serie-occasion-330e-high-executive-46216649
Dusseldorp Den Haag,BMW 3 Serie,330e,2025 | 10 km | Hybrid,€ 66.273,https://www.dusseldorpbmw.nl/aanbod/bmw-3-serie-nieuw-330e-46216724
Dusseldorp Den Haag,BMW 3 Serie,330e,2025 | 10 km | Hybrid,€ 66.273,https://www.dusseldorpbmw.nl/aanbod/bmw-3-serie-nieuw-330e-46216731
Dusseldorp Den Haag,BMW 3 Serie,330e,2025 | 10 km | Hybrid,€ 66.974,https://www.dusseldorpbmw.nl/aanbod/bmw-3-serie-nieuw-330e-46216885
Dusseldorp Den Haag,BMW 3 Serie,330e,2025 | 10 km | Hybrid,€ 66.974,https://www.dusseldorpbmw.nl/aanbod/bmw-3-serie-nieuw-330e-46216886
Dusseldorp Den Haag,BMW 3 Serie,330e,2025 | 10 km | Hybrid,€ 66.273,https://www.dusseldorpbmw.nl/aanbod/bmw-3-serie-nieuw-330e-46217029
Dusseldorp Den Haag,BMW 3 Serie,330e,2025 | 10 km | Hybrid,€ 66.273,https://www.dusseldorpbmw.nl/aanbod/bmw-3-serie-nieuw-330e-46217037
Dusseldorp Den Haag,BMW 3 Serie,330e,2025 | 10 km | Hybrid,€ 63.997,https://www.dusseldorpbmw.nl/aanbod/bmw-3-serie-nieuw-330e-46217114
Dusseldorp Den Haag,BMW 3 Serie,330e,2025 | 10 km | Hybrid,€ 63.997,https://www.dusseldorpbmw.nl/aanbod/bmw-3-serie-nieuw-330e-46217135
Dusseldorp Den Haag,BMW 3 Serie,330e,2025 | 10 km | Hybrid,€ 62.702,https://www.dusseldorpbmw.nl/aanbod/bmw-3-serie-nieuw-330e-46217222
Dusseldorp Den Haag,BMW 3 Serie,330e,2025 | 10 km | Hybrid,€ 62.702,https://www.dusseldorpbmw.nl/aanbod/bmw-3-serie-nieuw-330e-46217276
Dusseldorp Schiedam,BMW 3 Serie,Touring 330e,2025 | 11999 km | Hybrid,€ 60.950,https://www.dusseldorpbmw.nl/aanbod/bmw-3-serie-company-car-touring-330e-46217371
Dusseldorp Oostzaan,BMW iX1,eDrive20 67 kWh,2025 | 10 km | Elektrisch,€ 58.675,https://www.dusseldorpbmw.nl/aanbod/bmw-ix1-nieuw-edrive20-67-kwh-46219055
Dusseldorp Den Haag,BMW 5 Serie,520 Sedan M-Sport Edition,2024 | 36996 km | Benzine,€ 58.900,https://www.dusseldorpbmw.nl/aanbod/bmw-5-serie-occasion-520-sedan-m-sport-edition-46219528
Dusseldorp Oostzaan,BMW i4,eDrive35 M Sport Edition 70 kWh,2025 | 10 km | Elektrisch,€ 65.638,https://www.dusseldorpbmw.nl/aanbod/bmw-i4-nieuw-edrive35-m-sport-edition-70-kwh-46219564
Dusseldorp Oostzaan,BMW i5,eDrive40 M Sport Edition 84 kWh,2025 | 10 km | Elektrisch,€ 82.566,https://www.dusseldorpbmw.nl/aanbod/bmw-i5-nieuw-edrive40-m-sport-edition-84-kwh-46219766
Dusseldorp Oostzaan,BMW i4,eDrive35 70 kWh,2025 | 10 km | Elektrisch,€ 66.051,https://www.dusseldorpbmw.nl/aanbod/bmw-i4-nieuw-edrive35-70-kwh-46220206
Dusseldorp Wateringen,BMW M5,Sedan,2024 | 12436 km | Hybrid,€ 134.950,https://www.dusseldorpbmw.nl/aanbod/bmw-m5-occasion-sedan-46221160
Dusseldorp Oostzaan,BMW X5,xDrive45e High Executive,2022 | 90030 km | Hybrid,€ 65.950,https://www.dusseldorpbmw.nl/aanbod/bmw-x5-occasion-xdrive45e-high-executive-46223138
Dusseldorp Rotterdam Noord,BMW X1,xDrive25e M Sport,2025 | 7500 km |,€ 64.865,https://www.dusseldorpbmw.nl/aanbod/bmw-x1-company-car-xdrive25e-m-sport-46228652
Dusseldorp Alkmaar,BMW 3 Serie,Touring 330e M Sport,2024 | 33740 km | Hybrid,€ 49.950,https://www.dusseldorpbmw.nl/aanbod/bmw-3-serie-occasion-touring-330e-m-sport-46244697
Dusseldorp Den Haag,BMW 3 Serie,330e Sedan M-Sport Edition,2024 | 25859 km | Hybrid,€ 54.450,https://www.dusseldorpbmw.nl/aanbod/bmw-3-serie-occasion-330e-sedan-m-sport-edition-46247937
Dusseldorp Wateringen,BMW i7,xDrive60 106 kWh,2023 | 31168 km | Elektrisch,€ 92.850,https://www.dusseldorpbmw.nl/aanbod/bmw-i7-occasion-xdrive60-106-kwh-46253062
Dusseldorp Apeldoorn,BMW 2 Serie,216i 7p. Business Edition Plus,2022 | 90423 km | Benzine,€ 22.950,https://www.dusseldorpbmw.nl/aanbod/bmw-2-serie-occasion-216i-7p-business-edition-plus-46254872
Dusseldorp Oostzaan,BMW iX1,eDrive20 67 kWh,2025 | 10 km | Elektrisch,€ 57.254,https://www.dusseldorpbmw.nl/aanbod/bmw-ix1-nieuw-edrive20-67-kwh-46255056
Dusseldorp Oostzaan,BMW iX,xDrive60 112 kWh,2025 | 10 km | Elektrisch,€ 133.265,https://www.dusseldorpbmw.nl/aanbod/bmw-ix-nieuw-xdrive60-112-kwh-46255136
Dusseldorp Oostzaan,BMW iX,xDrive60 112 kWh,2025 | 10 km | Elektrisch,€ 133.265,https://www.dusseldorpbmw.nl/aanbod/bmw-ix-nieuw-xdrive60-112-kwh-46255420
Dusseldorp Oostzaan,BMW i4,eDrive40 84 kWh,2025 | 10 km | Elektrisch,€ 75.339,https://www.dusseldorpbmw.nl/aanbod/bmw-i4-nieuw-edrive40-84-kwh-46268509
Dusseldorp Hoorn,BMW iX2,xDrive30 65kWh,2024 | 4000 km | Elektrisch,€ 73.520,https://www.dusseldorpbmw.nl/aanbod/bmw-ix2-company-car-xdrive30-65kwh-46268726
Dusseldorp Apeldoorn,BMW 5 Serie,Touring 530e High Executive - Headup - Trekhaak,2024 | 24227 km | Hybrid,€ 54.750,https://www.dusseldorpbmw.nl/aanbod/bmw-5-serie-occasion-touring-530e-high-executive---headup---trekhaak-46269244
Dusseldorp Brielle,BMW 1 Serie,118i Executive Edition Sport Line,2019 | 81744 km | Benzine,€ 22.750,https://www.dusseldorpbmw.nl/aanbod/bmw-1-serie-occasion-118i-executive-edition-sport-line-46271345
Dusseldorp Hoorn,BMW X1,sDrive20i Orange Edition II,2019 | 79289 km | Benzine,€ 26.950,https://www.dusseldorpbmw.nl/aanbod/bmw-x1-occasion-sdrive20i-orange-edition-ii-46271538
Dusseldorp Wateringen,BMW 5 Serie,Touring 530e xDrive Business Edition Plus,2022 | 46361 km | Hybrid,€ 43.950,https://www.dusseldorpbmw.nl/aanbod/bmw-5-serie-occasion-touring-530e-xdrive-business-edition-plus-46272704
Dusseldorp Zwolle,BMW 2 Serie,225Xi Active Tourer High Exe Sportline,2019 | 75151 km | Benzine,€ 24.900,https://www.dusseldorpbmw.nl/aanbod/bmw-2-serie-occasion-225xi-active-tourer-high-exe-sportline-46274218
Dusseldorp Rotterdam Zuid,BMW X4,xDrive20i M Sport,2023 | 50323 km | Benzine,€ 58.950,https://www.dusseldorpbmw.nl/aanbod/bmw-x4-occasion-xdrive20i-m-sport-46274772
Dusseldorp Zwolle,BMW 3 Serie,330e Touring M-Sport Aut Hybrid,2024 | 33642 km | Hybrid,€ 45.900,https://www.dusseldorpbmw.nl/aanbod/bmw-3-serie-occasion-330e-touring-m-sport-aut-hybrid-46280904
Dusseldorp Rotterdam Zuid,BMW 3 Serie,330e M Sport Pro,2025 | 10 km | Hybrid,€ 71.304,https://www.dusseldorpbmw.nl/aanbod/bmw-3-serie-nieuw-330e-m-sport-pro-46280998
Dusseldorp Oostzaan,BMW 2 Serie,Gran Tourer 216i 7p. Business Edition,2022 | 79213 km | Benzine,€ 22.450,https://www.dusseldorpbmw.nl/aanbod/bmw-2-serie-occasion-gran-tourer-216i-7p-business-edition-46282405
Dusseldorp Oostzaan,BMW 2 Serie,Gran Tourer 216i 7p. Business Edition,2022 | 83954 km | Benzine,€ 21.950,https://www.dusseldorpbmw.nl/aanbod/bmw-2-serie-occasion-gran-tourer-216i-7p-business-edition-46282446
Dusseldorp Oostzaan,BMW 5 Serie,530e iPerformance High Executive,2018 | 93094 km | Hybrid,€ 30.950,https://www.dusseldorpbmw.nl/aanbod/bmw-5-serie-occasion-530e-iperformance-high-executive-46282605
Dusseldorp Apeldoorn,BMW iX3,High Executive 80 kWh,2021 | 52020 km | Elektrisch,€ 39.450,https://www.dusseldorpbmw.nl/aanbod/bmw-ix3-occasion-high-executive-80-kwh-46285795
Dusseldorp Den Haag,BMW M4,Cabrio xDrive Competition,2025 | 10 km | Benzine,€ 189.689,https://www.dusseldorpbmw.nl/aanbod/bmw-m4-nieuw-cabrio-xdrive-competition-46295024
Dusseldorp Deventer,BMW X3,M40i xDrive High Executive,2019 | 118032 km | Benzine,€ 57.500,https://www.dusseldorpbmw.nl/aanbod/bmw-x3-occasion-m40i-xdrive-high-executive-46296458
Dusseldorp Den Haag,BMW 1 Serie,118i Sport Line,2024 | 23353 km | Benzine,€ 29.900,https://www.dusseldorpbmw.nl/aanbod/bmw-1-serie-occasion-118i-sport-line-46296956
Dusseldorp Den Haag,BMW 1 Serie,118i Sport Line,2024 | 23026 km | Benzine,€ 29.900,https://www.dusseldorpbmw.nl/aanbod/bmw-1-serie-occasion-118i-sport-line-46297002
Dusseldorp Den Haag,BMW 1 Serie,118i Sport Line,2024 | 19180 km | Benzine,€ 29.900,https://www.dusseldorpbmw.nl/aanbod/bmw-1-serie-occasion-118i-sport-line-46297076
Dusseldorp Den Haag,BMW 1 Serie,118i Sport Line,2024 | 20994 km | Benzine,€ 29.900,https://www.dusseldorpbmw.nl/aanbod/bmw-1-serie-occasion-118i-sport-line-46297106
Dusseldorp Den Haag,BMW 1 Serie,118i Sport Line,2024 | 11908 km | Benzine,€ 29.900,https://www.dusseldorpbmw.nl/aanbod/bmw-1-serie-occasion-118i-sport-line-46297144
Dusseldorp Den Haag,BMW 1 Serie,118i Sport Line,2024 | 11938 km | Benzine,€ 29.900,https://www.dusseldorpbmw.nl/aanbod/bmw-1-serie-occasion-118i-sport-line-46297230
Dusseldorp Schiedam,BMW X4,xDrive20i Executive Edition,2021 | 84652 km | Benzine,€ 48.450,https://www.dusseldorpbmw.nl/aanbod/bmw-x4-occasion-xdrive20i-executive-edition-46299238
Dusseldorp Schiedam,BMW 2 Serie,Gran Tourer 216i 7p. Business Edition Plus,2022 | 74272 km | Benzine,€ 21.900,https://www.dusseldorpbmw.nl/aanbod/bmw-2-serie-occasion-gran-tourer-216i-7p-business-edition-plus-46308466
Dusseldorp Schiedam,BMW XM,PHEV 50e 30 kWh,2024 | 19969 km | Hybrid,€ 112.950,https://www.dusseldorpbmw.nl/aanbod/bmw-xm-occasion-phev-50e-30-kwh-46308495
Dusseldorp Brielle,BMW X3,xDrive30e High Executive,2023 | 27899 km | Hybrid,€ 58.950,https://www.dusseldorpbmw.nl/aanbod/bmw-x3-occasion-xdrive30e-high-executive-46308685
Dusseldorp Alkmaar,BMW iX3,High Executive 80 kWh,2021 | 106917 km | Elektrisch,€ 35.450,https://www.dusseldorpbmw.nl/aanbod/bmw-ix3-occasion-high-executive-80-kwh-46323198
Dusseldorp Alkmaar,BMW 5 Serie,Touring 530e M Sport Edition,2025 | 2999 km | Hybrid,€ 83.157,https://www.dusseldorpbmw.nl/aanbod/bmw-5-serie-company-car-touring-530e-m-sport-edition-46326820
Dusseldorp Wateringen,BMW 5 Serie,Touring 530e Business Edition Plus,2023 | 46283 km | Hybrid,€ 47.900,https://www.dusseldorpbmw.nl/aanbod/bmw-5-serie-occasion-touring-530e-business-edition-plus-46330811
Dusseldorp Zwolle,BMW 2 Serie,218i Gran Coupé Sportline Aut.,2024 | 33206 km | Benzine,€ 33.950,https://www.dusseldorpbmw.nl/aanbod/bmw-2-serie-occasion-218i-gran-coupe-sportline-aut-46337824
Dusseldorp Rotterdam Zuid,BMW 5 Serie,520i M Sport,2024 | 23503 km | Benzine,€ 56.950,https://www.dusseldorpbmw.nl/aanbod/bmw-5-serie-occasion-520i-m-sport-46338497
Dusseldorp Alkmaar,BMW 2 Serie,Coupé 220i High Executive M Sport Pro,2022 | 51871 km | Benzine,€ 38.950,https://www.dusseldorpbmw.nl/aanbod/bmw-2-serie-occasion-coupe-220i-high-executive-m-sport-pro-46342924
Dusseldorp Den Haag,BMW 3 Serie,320i High Executive M-SPort,2019 | 92436 km | Benzine,€ 29.900,https://www.dusseldorpbmw.nl/aanbod/bmw-3-serie-occasion-320i-high-executive-m-sport-46355979
Dusseldorp Alkmaar,BMW 2 Serie,Gran Coupé 218i M Sport Pro,2024 | 38975 km | Benzine,€ 36.950,https://www.dusseldorpbmw.nl/aanbod/bmw-2-serie-occasion-gran-coupe-218i-m-sport-pro-46364934
Dusseldorp Apeldoorn,Alpina B3,GT Touring SWITCH-TRONIC Allrad,2025 | 10 km | Benzine,€ 190.059,https://www.dusseldorpbmw.nl/aanbod/alpina-b3-nieuw-gt-touring-switch-tronic-allrad-46384265
Dusseldorp Den Haag,BMW iX,xDrive40 Executive 77 kWh,2023 | 74763 km | Elektrisch,€ 52.900,https://www.dusseldorpbmw.nl/aanbod/bmw-ix-occasion-xdrive40-executive-77-kwh-46386646
Dusseldorp Schiedam,Alpina XB7,SWITCH-TRONIC Allrad,2025 | 21772 km | Benzine,€ 224.900,https://www.dusseldorpbmw.nl/aanbod/alpina-xb7-occasion-switch-tronic-allrad-46389921
Dusseldorp Den Haag,BMW 2 Serie,216i 7p. Gran Tourer Luxury Line,2022 | 66161 km | Benzine,€ 23.900,https://www.dusseldorpbmw.nl/aanbod/bmw-2-serie-occasion-216i-7p-gran-tourer-luxury-line-46390125
Dusseldorp Rotterdam Zuid,BMW X5,xDrive50e M Sport Pro,2023 | 10055 km | Hybrid,€ 99.950,https://www.dusseldorpbmw.nl/aanbod/bmw-x5-occasion-xdrive50e-m-sport-pro-46394394
Dusseldorp Rotterdam Zuid,BMW XM,Label Red,2025 | 10 km | Hybrid,€ 227.220,https://www.dusseldorpbmw.nl/aanbod/bmw-xm-nieuw-label-red-46395466
Dusseldorp Den Haag,BMW 2 Serie,218i Gran Coupe M-Sport,2021 | 102500 km | Benzine,€ 25.950,https://www.dusseldorpbmw.nl/aanbod/bmw-2-serie-occasion-218i-gran-coupe-m-sport-46395742
Dusseldorp Den Haag,BMW 2 Serie,216i Gran Tourer 7p. Luxury Line,2022 | 109095 km | Benzine,€ 20.900,https://www.dusseldorpbmw.nl/aanbod/bmw-2-serie-occasion-216i-gran-tourer-7p-luxury-line-46397430
Dusseldorp Den Haag,BMW X3,30e xDrive M-Sport Pro,2025 | 6999 km | Hybrid,€ 85.527,https://www.dusseldorpbmw.nl/aanbod/bmw-x3-company-car-30e-xdrive-m-sport-pro-46398776
Dusseldorp Zwolle,BMW X5,xDrive50e M-Sport Pro Hybrid,2024 | 40643 km | Hybrid,€ 99.950,https://www.dusseldorpbmw.nl/aanbod/bmw-x5-occasion-xdrive50e-m-sport-pro-hybrid-46399022
Dusseldorp Rotterdam Zuid,BMW 3 Serie,Touring 320i M Sport,2022 | 77255 km | Benzine,€ 40.995,https://www.dusseldorpbmw.nl/aanbod/bmw-3-serie-occasion-touring-320i-m-sport-46410454
Dusseldorp Oostzaan,BMW iX1,eDrive20 67 kWh,2025 | 10 km | Elektrisch,€ 57.254,https://www.dusseldorpbmw.nl/aanbod/bmw-ix1-nieuw-edrive20-67-kwh-46410833
Dusseldorp Rotterdam Zuid,BMW 2 Serie,Gran Coupé 218i M Sport,2022 | 90926 km | Benzine,€ 28.995,https://www.dusseldorpbmw.nl/aanbod/bmw-2-serie-occasion-gran-coupe-218i-m-sport-46410853
Dusseldorp Oostzaan,BMW iX1,eDrive20 67 kWh,2025 | 10 km | Elektrisch,€ 57.254,https://www.dusseldorpbmw.nl/aanbod/bmw-ix1-nieuw-edrive20-67-kwh-46411014
Dusseldorp Wateringen,Alpina B3,GT Touring SWITCH-TRONIC Allrad,2025 | 10 km | Benzine,€ 192.012,https://www.dusseldorpbmw.nl/aanbod/alpina-b3-nieuw-gt-touring-switch-tronic-allrad-46411937
Dusseldorp Den Haag,BMW iX1,eDrive20 67 kWh,2025 | 10 km | Elektrisch,€ 57.254,https://www.dusseldorpbmw.nl/aanbod/bmw-ix1-nieuw-edrive20-67-kwh-46412048
Dusseldorp Wateringen,BMW 2 Serie,Active Tourer 223i xDrive,2024 | 9682 km | Benzine,€ 51.450,https://www.dusseldorpbmw.nl/aanbod/bmw-2-serie-occasion-active-tourer-223i-xdrive-46413810
Dusseldorp Schiedam,BMW 2 Serie,Active Tourer 225e xDrive,2024 | 26862 km | Hybrid,€ 38.950,https://www.dusseldorpbmw.nl/aanbod/bmw-2-serie-occasion-active-tourer-225e-xdrive-46420889
Dusseldorp Apeldoorn,BMW i5,M60 xDrive 84 kWh,2025 | 501 km | Elektrisch,€ 84.900,https://www.dusseldorpbmw.nl/aanbod/bmw-i5-occasion-m60-xdrive-84-kwh-46422428
Dusseldorp Brielle,BMW 2 Serie,Active Tourer 230e xDrive,2024 | 27870 km | Hybrid,€ 46.450,https://www.dusseldorpbmw.nl/aanbod/bmw-2-serie-occasion-active-tourer-230e-xdrive-46424703
Dusseldorp Den Haag,BMW iX1,eDrive20 67 kWh,2025 | 10 km | Elektrisch,€ 57.000,https://www.dusseldorpbmw.nl/aanbod/bmw-ix1-nieuw-edrive20-67-kwh-46424754
Dusseldorp Oostzaan,BMW i4,eDrive40 84 kWh,2025 | 10 km | Elektrisch,€ 74.732,https://www.dusseldorpbmw.nl/aanbod/bmw-i4-nieuw-edrive40-84-kwh-46424762
Dusseldorp Den Haag,BMW i4,eDrive40 M Sport Pro,2025 | 10 km | Elektrisch,€ 80.832,https://www.dusseldorpbmw.nl/aanbod/bmw-i4-nieuw-edrive40-m-sport-pro-46424767
Dusseldorp Alkmaar,BMW i4,eDrive35 M Sport Edition 70 kWh,2025 | 10 km | Elektrisch,€ 68.046,https://www.dusseldorpbmw.nl/aanbod/bmw-i4-nieuw-edrive35-m-sport-edition-70-kwh-46424774
Dusseldorp Hoorn,BMW X1,xDrive20i Business Edition Plus,2021 | 87313 km | Benzine,€ 33.450,https://www.dusseldorpbmw.nl/aanbod/bmw-x1-occasion-xdrive20i-business-edition-plus-46425440
Dusseldorp Hoorn,BMW 2 Serie,218i Active Tourer,2021 | 90364 km | Benzine,€ 24.950,https://www.dusseldorpbmw.nl/aanbod/bmw-2-serie-occasion-218i-active-tourer-46425450
Dusseldorp Oostzaan,BMW 2 Serie,220 Gran Coupé M Sport Design Edition,2025 | 3450 km | Benzine,€ 55.950,https://www.dusseldorpbmw.nl/aanbod/bmw-2-serie-company-car-220-gran-coupe-m-sport-design-edition-46425607
Dusseldorp Apeldoorn,BMW 1 Serie,118i Business Edition Plus,2021 | 78816 km | Benzine,€ 26.950,https://www.dusseldorpbmw.nl/aanbod/bmw-1-serie-occasion-118i-business-edition-plus-46425622
Dusseldorp Hoorn,BMW 4 Serie,420i High Executive Cabrio,2021 | 77636 km | Benzine,€ 47.950,https://www.dusseldorpbmw.nl/aanbod/bmw-4-serie-occasion-420i-high-executive-cabrio-46426110
Dusseldorp Oostzaan,BMW 3 Serie,Touring 330e,2025 | 10 km | Hybrid,€ 73.958,https://www.dusseldorpbmw.nl/aanbod/bmw-3-serie-nieuw-touring-330e-46426673
Dusseldorp Alkmaar,Alpina B3,GT Touring SWITCH-TRONIC Allrad,2025 | 10 km | Benzine,€ 187.879,https://www.dusseldorpbmw.nl/aanbod/alpina-b3-nieuw-gt-touring-switch-tronic-allrad-46428792
Dusseldorp Apeldoorn,BMW 1 Serie,118i Executive Edition,2020 | 43711 km | Benzine,€ 25.950,https://www.dusseldorpbmw.nl/aanbod/bmw-1-serie-occasion-118i-executive-edition-46440540
Dusseldorp Rotterdam Zuid,BMW 2 Serie,Gran Tourer 216d Executive Edition,2020 | 128610 km | Diesel,€ 20.950,https://www.dusseldorpbmw.nl/aanbod/bmw-2-serie-occasion-gran-tourer-216d-executive-edition-46441743
Dusseldorp Hoorn,BMW i5,M60 xDrive 84 kWh,2025 | 3000 km | Elektrisch,€ 130.261,https://www.dusseldorpbmw.nl/aanbod/bmw-i5-company-car-m60-xdrive-84-kwh-46443057
Dusseldorp Apeldoorn,BMW 1 Serie,120 M-Sport,2025 | 6532 km | Benzine,€ 41.750,https://www.dusseldorpbmw.nl/aanbod/bmw-1-serie-company-car-120-m-sport-46444665
Dusseldorp Wateringen,BMW XM,PHEV 50e 30 kWh,2025 | 8370 km | Hybrid,€ 114.750,https://www.dusseldorpbmw.nl/aanbod/bmw-xm-occasion-phev-50e-30-kwh-46445786
Dusseldorp Wateringen,BMW X1,sDrive18i M Sport Business Edition,2022 | 62565 km | Benzine,€ 34.950,https://www.dusseldorpbmw.nl/aanbod/bmw-x1-occasion-sdrive18i-m-sport-business-edition-46450584
Dusseldorp Wateringen,BMW X4,xDrive20i M Sport,2024 | 37219 km | Benzine,€ 66.950,https://www.dusseldorpbmw.nl/aanbod/bmw-x4-occasion-xdrive20i-m-sport-46450644
Dusseldorp Wateringen,BMW 2 Serie,Active Tourer 225e xDrive,2024 | 14269 km | Hybrid,€ 42.950,https://www.dusseldorpbmw.nl/aanbod/bmw-2-serie-occasion-active-tourer-225e-xdrive-46450668
Dusseldorp Wateringen,BMW 2 Serie,Gran Coupé 218i M Sport Executive Edition,2021 | 116281 km | Benzine,€ 25.950,https://www.dusseldorpbmw.nl/aanbod/bmw-2-serie-occasion-gran-coupe-218i-m-sport-executive-edition-46450680
Dusseldorp Wateringen,BMW 2 Serie,Active Tourer 218i M Sport,2024 | 32327 km | Benzine,€ 39.950,https://www.dusseldorpbmw.nl/aanbod/bmw-2-serie-occasion-active-tourer-218i-m-sport-46450717
Dusseldorp Oostzaan,BMW iX1,eDrive20 M Sport Edition,2025 | 11100 km | Elektrisch,€ 60.950,https://www.dusseldorpbmw.nl/aanbod/bmw-ix1-company-car-edrive20-m-sport-edition-46453175
Dusseldorp Oostzaan,BMW iX,xDrive60 112 kWh,2025 | 10 km | Elektrisch,€ 125.437,https://www.dusseldorpbmw.nl/aanbod/bmw-ix-nieuw-xdrive60-112-kwh-46453220
Dusseldorp Oostzaan,BMW iX,xDrive60,2025 | 10 km | Elektrisch,€ 125.095,https://www.dusseldorpbmw.nl/aanbod/bmw-ix-nieuw-xdrive60-46453316
Dusseldorp Oostzaan,BMW 5 Serie,520i,2025 | 10 km | Benzine,€ 87.128,https://www.dusseldorpbmw.nl/aanbod/bmw-5-serie-nieuw-520i-46453334
Dusseldorp Den Haag,BMW 2 Serie,Gran Tourer 216i 7p. Luxury Line,2022 | 70868 km | Benzine,€ 22.950,https://www.dusseldorpbmw.nl/aanbod/bmw-2-serie-occasion-gran-tourer-216i-7p-luxury-line-46454693
Dusseldorp Oostzaan,BMW 2 Serie,220 Gran Coupé M Sport Design Edition,2025 | 3460 km | Benzine,€ 54.950,https://www.dusseldorpbmw.nl/aanbod/bmw-2-serie-company-car-220-gran-coupe-m-sport-design-edition-46454700
Dusseldorp Oostzaan,BMW i4,eDrive40 M Sport Edition,2025 | 4400 km | Elektrisch,€ 71.950,https://www.dusseldorpbmw.nl/aanbod/bmw-i4-company-car-edrive40-m-sport-edition-46454765
Dusseldorp Oostzaan,BMW i7,M70 xDrive M Sport Pro,2025 | 6999 km | Elektrisch,€ 161.950,https://www.dusseldorpbmw.nl/aanbod/bmw-i7-company-car-m70-xdrive-m-sport-pro-46455965
Dusseldorp Wateringen,BMW X5,xDrive45e M Sport High Executive,2021 | 120762 km | Hybrid,€ 56.950,https://www.dusseldorpbmw.nl/aanbod/bmw-x5-occasion-xdrive45e-m-sport-high-executive-46458852
Dusseldorp Rotterdam Noord,BMW 4 Serie,418i Gran Coupé High Executive Edition,2021 | 50438 km | Benzine,€ 30.950,https://www.dusseldorpbmw.nl/aanbod/bmw-4-serie-occasion-418i-gran-coupe-high-executive-edition-46463998
Dusseldorp Hoorn,BMW 2 Serie,216i 7p. Gran Tourer,2022 | 76032 km | Benzine,€ 22.950,https://www.dusseldorpbmw.nl/aanbod/bmw-2-serie-occasion-216i-7p-gran-tourer-46465177
Dusseldorp Hoorn,BMW 2 Serie,216i 7p. Gran Tourer,2022 | 76322 km | Benzine,€ 23.950,https://www.dusseldorpbmw.nl/aanbod/bmw-2-serie-occasion-216i-7p-gran-tourer-46465754
Dusseldorp Oostzaan,BMW 1 Serie,118i M Sport,2023 | 19045 km | Benzine,€ 30.950,https://www.dusseldorpbmw.nl/aanbod/bmw-1-serie-occasion-118i-m-sport-46466249
Dusseldorp Oostzaan,BMW iX2,eDrive20 67 kWh M Sport Edition,2025 | 4400 km | Elektrisch,€ 62.950,https://www.dusseldorpbmw.nl/aanbod/bmw-ix2-company-car-edrive20-67-kwh-m-sport-edition-46466260
Dusseldorp Oostzaan,BMW X1,xDrive25e,2025 | 3500 km | Hybrid,€ 63.950,https://www.dusseldorpbmw.nl/aanbod/bmw-x1-company-car-xdrive25e-46469284
Dusseldorp Oostzaan,BMW X5,xDrive50e M Sport,2024 | 29163 km | Hybrid,€ 98.950,https://www.dusseldorpbmw.nl/aanbod/bmw-x5-occasion-xdrive50e-m-sport-46470394
Dusseldorp Apeldoorn,BMW X3,xDrive30e M-Sport - Trekhaak - Panoramadak,2023 | 25221 km | Hybrid,€ 59.950,https://www.dusseldorpbmw.nl/aanbod/bmw-x3-occasion-xdrive30e-m-sport---trekhaak---panoramadak-46470831
Dusseldorp Oostzaan,Alpina B3,GT Touring SWITCH-TRONIC Allrad,2025 | 10 km | Benzine,€ 192.179,https://www.dusseldorpbmw.nl/aanbod/alpina-b3-nieuw-gt-touring-switch-tronic-allrad-46473058
Dusseldorp Rotterdam Zuid,Alpina XB7,SWITCH-TRONIC Allrad,2025 | 10 km | Benzine,€ 297.864,https://www.dusseldorpbmw.nl/aanbod/alpina-xb7-nieuw-switch-tronic-allrad-46473123
Dusseldorp Zwolle,BMW iX1,eDrive20 M-Sport Pro 67 kWh,2025 | 7500 km | Elektrisch,€ 51.950,https://www.dusseldorpbmw.nl/aanbod/bmw-ix1-company-car-edrive20-m-sport-pro-67-kwh-46474001
Dusseldorp Apeldoorn,BMW 2 Serie,Gran Tourer 216i 7p. Business Edition Plus,2022 | 62131 km | Benzine,€ 23.950,https://www.dusseldorpbmw.nl/aanbod/bmw-2-serie-occasion-gran-tourer-216i-7p-business-edition-plus-46474853
Dusseldorp Rotterdam Zuid,BMW 1 Serie,120 M Sport,2025 | 10 km | Benzine,€ 49.790,https://www.dusseldorpbmw.nl/aanbod/bmw-1-serie-nieuw-120-m-sport-46475069
Dusseldorp Hoorn,BMW 2 Serie,218i M-Sport Gran Coupé,2024 | 16257 km | Benzine,€ 35.950,https://www.dusseldorpbmw.nl/aanbod/bmw-2-serie-occasion-218i-m-sport-gran-coupe-46480172
Dusseldorp Hoorn,BMW iX3,Executive 80 kWh,2023 | 38328 km | Elektrisch,€ 46.950,https://www.dusseldorpbmw.nl/aanbod/bmw-ix3-occasion-executive-80-kwh-46480271
Dusseldorp Hoorn,BMW 2 Serie,216i 7p. Gran Tourer,2022 | 106936 km | Benzine,€ 21.750,https://www.dusseldorpbmw.nl/aanbod/bmw-2-serie-occasion-216i-7p-gran-tourer-46480333
Dusseldorp Hoorn,BMW 2 Serie,218i Gran Coupé,2020 | 87770 km | Benzine,€ 25.950,https://www.dusseldorpbmw.nl/aanbod/bmw-2-serie-occasion-218i-gran-coupe-46480457
Dusseldorp Hoorn,BMW X1,sDrive18i Business Edition,2021 | 74289 km | Benzine,€ 32.950,https://www.dusseldorpbmw.nl/aanbod/bmw-x1-occasion-sdrive18i-business-edition-46480501
Dusseldorp Rotterdam Zuid,BMW 2 Serie,Gran Coupé 218i M Sport,2024 | 31541 km | Benzine,€ 37.950,https://www.dusseldorpbmw.nl/aanbod/bmw-2-serie-occasion-gran-coupe-218i-m-sport-46498294
Dusseldorp Rotterdam Zuid,BMW i7,M70 xDrive,2024 | 6806 km | Elektrisch,€ 137.950,https://www.dusseldorpbmw.nl/aanbod/bmw-i7-occasion-m70-xdrive-46498537
Dusseldorp Rotterdam Noord,BMW X3,20 xDrive,2025 | 13348 km | Benzine,€ 76.950,https://www.dusseldorpbmw.nl/aanbod/bmw-x3-occasion-20-xdrive-46498725
Dusseldorp Rotterdam Zuid,BMW i3,S Excutive Edition 120Ah,2021 | 40178 km | Elektrisch,€ 21.950,https://www.dusseldorpbmw.nl/aanbod/bmw-i3-occasion-s-excutive-edition-120ah-46498775
Dusseldorp Brielle,BMW iX1,eDrive20 67 kWh,2024 | 16670 km | Elektrisch,€ 41.450,https://www.dusseldorpbmw.nl/aanbod/bmw-ix1-occasion-edrive20-67-kwh-46500195
Dusseldorp Den Haag,BMW X1,sDrive20i VDL Nedcar Edition,2020 | 122462 km | Benzine,€ 27.450,https://www.dusseldorpbmw.nl/aanbod/bmw-x1-occasion-sdrive20i-vdl-nedcar-edition-46500438
Dusseldorp Den Haag,BMW 3 Serie,320i Executive Edition,2021 | 119120 km | Benzine,€ 34.950,https://www.dusseldorpbmw.nl/aanbod/bmw-3-serie-occasion-320i-executive-edition-46501283
Dusseldorp Hoorn,BMW i5,Touring eDrive40 M Sport Edition 84 kWh,2025 | 10 km | Elektrisch,€ 83.801,https://www.dusseldorpbmw.nl/aanbod/bmw-i5-nieuw-touring-edrive40-m-sport-edition-84-kwh-46509206
Dusseldorp Rotterdam Zuid,BMW iX2,eDrive20 M Sport Pro,2025 | 7500 km | Elektrisch,€ 64.518,https://www.dusseldorpbmw.nl/aanbod/bmw-ix2-company-car-edrive20-m-sport-pro-46510716
Dusseldorp Zwolle,BMW 2 Serie,220 Gran Coupé M-Sport,2025 | 4120 km | Benzine,€ 56.500,https://www.dusseldorpbmw.nl/aanbod/bmw-2-serie-company-car-220-gran-coupe-m-sport-46515300
Dusseldorp Zwolle,BMW 3 Serie,330e Touring M-Sport Hybrid,2025 | 2130 km | Hybrid,€ 58.900,https://www.dusseldorpbmw.nl/aanbod/bmw-3-serie-occasion-330e-touring-m-sport-hybrid-46516638
Dusseldorp Rotterdam Zuid,BMW X4,xDrive30i M Sport Pro,2024 | 15227 km | Benzine,€ 76.950,https://www.dusseldorpbmw.nl/aanbod/bmw-x4-occasion-xdrive30i-m-sport-pro-46517202
Dusseldorp Alkmaar,BMW X4,xDrive 30i High Executive M Sport,2024 | 19126 km | Benzine,€ 77.950,https://www.dusseldorpbmw.nl/aanbod/bmw-x4-occasion-xdrive-30i-high-executive-m-sport-46517413
Dusseldorp Alkmaar,BMW X3,30e xDrive M Sport Pro,2025 | 2999 km | Hybrid,€ 86.488,https://www.dusseldorpbmw.nl/aanbod/bmw-x3-company-car-30e-xdrive-m-sport-pro-46519820
Dusseldorp Zwolle,BMW iX3,High Executive 80 kWh,2021 | 84977 km | Elektrisch,€ 38.750,https://www.dusseldorpbmw.nl/aanbod/bmw-ix3-occasion-high-executive-80-kwh-46520113
Dusseldorp Oostzaan,BMW X3,30e xDrive,2025 | 10 km | Hybrid,€ 87.927,https://www.dusseldorpbmw.nl/aanbod/bmw-x3-company-car-30e-xdrive-46520438
Dusseldorp Alkmaar,BMW 3 Serie,Sedan 330e M Sport Pro,2025 | 10 km | Hybrid,€ 71.304,https://www.dusseldorpbmw.nl/aanbod/bmw-3-serie-nieuw-sedan-330e-m-sport-pro-46529149
Dusseldorp Rotterdam Zuid,BMW X3,M50,2025 | 10 km | Benzine,€ 122.703,https://www.dusseldorpbmw.nl/aanbod/bmw-x3-nieuw-m50-46530205
Dusseldorp Den Haag,BMW X5,xDrive45e High Executive,2022 | 103154 km | Hybrid,€ 65.900,https://www.dusseldorpbmw.nl/aanbod/bmw-x5-occasion-xdrive45e-high-executive-46534857
Dusseldorp Rotterdam Zuid,BMW 1 Serie,120 M Sport,2025 | 10 km | Benzine,€ 53.174,https://www.dusseldorpbmw.nl/aanbod/bmw-1-serie-nieuw-120-m-sport-46534996
Dusseldorp Rotterdam Zuid,BMW 2 Serie,Active Tourer 225e xDrive M Sport,2022 | 20324 km | Hybrid,€ 35.450,https://www.dusseldorpbmw.nl/aanbod/bmw-2-serie-occasion-active-tourer-225e-xdrive-m-sport-46536681
Dusseldorp Den Haag,BMW X3,xDrive 20i High Executive M-Sport,2020 | 120489 km | Benzine,€ 38.950,https://www.dusseldorpbmw.nl/aanbod/bmw-x3-occasion-xdrive-20i-high-executive-m-sport-46537100
Dusseldorp Apeldoorn,BMW M5,Sedan,2025 | 3999 km | Hybrid,€ 149.950,https://www.dusseldorpbmw.nl/aanbod/bmw-m5-occasion-sedan-46538139
Dusseldorp Oostzaan,BMW 2 Serie,220 M Gran Coupé Sport Design Edition,2025 | 2000 km | Benzine,€ 52.950,https://www.dusseldorpbmw.nl/aanbod/bmw-2-serie-company-car-220-m-gran-coupe-sport-design-edition-46538918
Dusseldorp Oostzaan,BMW X3,xDrive20i High Executive Edition,2020 | 69577 km | Benzine,€ 36.950,https://www.dusseldorpbmw.nl/aanbod/bmw-x3-occasion-xdrive20i-high-executive-edition-46538969
Dusseldorp Oostzaan,BMW 1 Serie,118i High Executive Edition,2020 | 93642 km | Benzine,€ 26.950,https://www.dusseldorpbmw.nl/aanbod/bmw-1-serie-occasion-118i-high-executive-edition-46538974
Dusseldorp Oostzaan,BMW X5,xDrive45e High Executive M Sport,2021 | 96308 km | Hybrid,€ 61.450,https://www.dusseldorpbmw.nl/aanbod/bmw-x5-occasion-xdrive45e-high-executive-m-sport-46539005
Dusseldorp Brielle,BMW 2 Serie,Gran Coupé 220 M Sport Pro,2025 | 10 km | Benzine,€ 61.346,https://www.dusseldorpbmw.nl/aanbod/bmw-2-serie-nieuw-gran-coupe-220-m-sport-pro-46539893
Dusseldorp Alkmaar,BMW 1 Serie,120 M Sport,2025 | 2999 km | Benzine,€ 48.245,https://www.dusseldorpbmw.nl/aanbod/bmw-1-serie-company-car-120-m-sport-46540868
Dusseldorp Oostzaan,BMW X3,30e xDrive,2025 | 10 km | Hybrid,€ 86.699,https://www.dusseldorpbmw.nl/aanbod/bmw-x3-nieuw-30e-xdrive-46540970
Dusseldorp Wateringen,BMW 3 Serie,318i M Sport High Executive Edition,2021 | 54326 km | Benzine,€ 33.950,https://www.dusseldorpbmw.nl/aanbod/bmw-3-serie-occasion-318i-m-sport-high-executive-edition-46542171
Dusseldorp Brielle,BMW 5 Serie,520i,2025 | 10 km | Benzine,€ 87.128,https://www.dusseldorpbmw.nl/aanbod/bmw-5-serie-nieuw-520i-46543734
Dusseldorp Brielle,BMW iX,xDrive60 112 kWh,2025 | 10 km | Elektrisch,€ 125.437,https://www.dusseldorpbmw.nl/aanbod/bmw-ix-nieuw-xdrive60-112-kwh-46545004
Dusseldorp Brielle,BMW iX1,eDrive20 67 kWh,2025 | 10 km | Elektrisch,€ 57.254,https://www.dusseldorpbmw.nl/aanbod/bmw-ix1-nieuw-edrive20-67-kwh-46545021
Dusseldorp Rotterdam Noord,BMW 5 Serie,530e M Sport Edition,2025 | 10 km | Hybrid,€ 82.416,https://www.dusseldorpbmw.nl/aanbod/bmw-5-serie-nieuw-530e-m-sport-edition-46549256
Dusseldorp Rotterdam Noord,BMW iX2,eDrive20 67 kWh M Sport Edition,2025 | 10 km | Elektrisch,€ 63.273,https://www.dusseldorpbmw.nl/aanbod/bmw-ix2-nieuw-edrive20-67-kwh-m-sport-edition-46549267
Dusseldorp Rotterdam Noord,BMW iX1,eDrive20 67 kWh,2025 | 10 km | Elektrisch,€ 62.044,https://www.dusseldorpbmw.nl/aanbod/bmw-ix1-nieuw-edrive20-67-kwh-46549283
Dusseldorp Rotterdam Noord,BMW iX1,eDrive20 67 kWh,2025 | 10 km | Elektrisch,€ 57.000,https://www.dusseldorpbmw.nl/aanbod/bmw-ix1-nieuw-edrive20-67-kwh-46549294
Dusseldorp Den Haag,BMW 5 Serie,Touring 530e M Sport Edition,2025 | 10 km | Hybrid,€ 83.604,https://www.dusseldorpbmw.nl/aanbod/bmw-5-serie-nieuw-touring-530e-m-sport-edition-46549682
Dusseldorp Den Haag,BMW i4,eDrive35 M Sport Edition 70 kWh,2025 | 10 km | Elektrisch,€ 67.293,https://www.dusseldorpbmw.nl/aanbod/bmw-i4-nieuw-edrive35-m-sport-edition-70-kwh-46549775
Dusseldorp Brielle,BMW i4,eDrive35 M Sport Edition 70 kWh,2025 | 10 km | Elektrisch,€ 67.293,https://www.dusseldorpbmw.nl/aanbod/bmw-i4-nieuw-edrive35-m-sport-edition-70-kwh-46549776
Dusseldorp Den Haag,BMW i4,eDrive35 M Sport Edition 70 kWh,2025 | 10 km | Elektrisch,€ 67.293,https://www.dusseldorpbmw.nl/aanbod/bmw-i4-nieuw-edrive35-m-sport-edition-70-kwh-46549783
Dusseldorp Den Haag,BMW i4,eDrive35 M Sport Edition 70 kWh,2025 | 10 km | Elektrisch,€ 67.293,https://www.dusseldorpbmw.nl/aanbod/bmw-i4-nieuw-edrive35-m-sport-edition-70-kwh-46549790
Dusseldorp Den Haag,BMW X5,xDrive50e,2025 | 10 km | Hybrid,€ 135.767,https://www.dusseldorpbmw.nl/aanbod/bmw-x5-nieuw-xdrive50e-46549838
Dusseldorp Den Haag,BMW X5,xDrive50e,2025 | 10 km | Hybrid,€ 135.767,https://www.dusseldorpbmw.nl/aanbod/bmw-x5-nieuw-xdrive50e-46549865
Dusseldorp Den Haag,BMW X5,xDrive50e,2025 | 10 km | Hybrid,€ 135.767,https://www.dusseldorpbmw.nl/aanbod/bmw-x5-nieuw-xdrive50e-46549866
Dusseldorp Den Haag,BMW X5,xDrive50e,2025 | 10 km | Hybrid,€ 135.767,https://www.dusseldorpbmw.nl/aanbod/bmw-x5-nieuw-xdrive50e-46549867
Dusseldorp Den Haag,BMW X5,xDrive50e,2025 | 10 km | Hybrid,€ 135.767,https://www.dusseldorpbmw.nl/aanbod/bmw-x5-nieuw-xdrive50e-46549869
Dusseldorp Den Haag,BMW X5,xDrive50e,2025 | 10 km | Hybrid,€ 135.767,https://www.dusseldorpbmw.nl/aanbod/bmw-x5-nieuw-xdrive50e-46549873
Dusseldorp Den Haag,BMW X5,xDrive50e,2025 | 10 km | Hybrid,€ 135.767,https://www.dusseldorpbmw.nl/aanbod/bmw-x5-nieuw-xdrive50e-46549906
Dusseldorp Den Haag,BMW X5,xDrive50e,2025 | 10 km | Hybrid,€ 135.767,https://www.dusseldorpbmw.nl/aanbod/bmw-x5-nieuw-xdrive50e-46549907
Dusseldorp Den Haag,BMW X5,xDrive50e,2025 | 10 km | Hybrid,€ 135.767,https://www.dusseldorpbmw.nl/aanbod/bmw-x5-nieuw-xdrive50e-46549911
Dusseldorp Den Haag,BMW X5,xDrive50e,2025 | 10 km | Hybrid,€ 135.767,https://www.dusseldorpbmw.nl/aanbod/bmw-x5-nieuw-xdrive50e-46549913
Dusseldorp Den Haag,BMW X5,xDrive50e,2025 | 10 km | Hybrid,€ 135.767,https://www.dusseldorpbmw.nl/aanbod/bmw-x5-nieuw-xdrive50e-46549916
Dusseldorp Den Haag,BMW X5,xDrive50e,2025 | 10 km | Hybrid,€ 135.767,https://www.dusseldorpbmw.nl/aanbod/bmw-x5-nieuw-xdrive50e-46549917
Dusseldorp Den Haag,BMW X5,xDrive50e,2025 | 10 km | Hybrid,€ 135.767,https://www.dusseldorpbmw.nl/aanbod/bmw-x5-nieuw-xdrive50e-46549918
Dusseldorp Den Haag,BMW X5,xDrive50e,2025 | 10 km | Hybrid,€ 135.767,https://www.dusseldorpbmw.nl/aanbod/bmw-x5-nieuw-xdrive50e-46549923
Dusseldorp Den Haag,BMW X5,xDrive50e,2025 | 10 km | Hybrid,€ 135.767,https://www.dusseldorpbmw.nl/aanbod/bmw-x5-nieuw-xdrive50e-46549924
Dusseldorp Den Haag,BMW X5,xDrive50e,2025 | 10 km | Hybrid,€ 135.767,https://www.dusseldorpbmw.nl/aanbod/bmw-x5-nieuw-xdrive50e-46549926
Dusseldorp Den Haag,BMW X5,xDrive50e,2025 | 10 km | Hybrid,€ 135.767,https://www.dusseldorpbmw.nl/aanbod/bmw-x5-nieuw-xdrive50e-46549958
Dusseldorp Den Haag,BMW X5,xDrive50e,2025 | 10 km | Hybrid,€ 135.767,https://www.dusseldorpbmw.nl/aanbod/bmw-x5-nieuw-xdrive50e-46549964
Dusseldorp Den Haag,BMW X5,xDrive50e,2025 | 10 km | Hybrid,€ 135.767,https://www.dusseldorpbmw.nl/aanbod/bmw-x5-nieuw-xdrive50e-46549978
Dusseldorp Den Haag,BMW X5,xDrive50e,2025 | 10 km | Hybrid,€ 135.767,https://www.dusseldorpbmw.nl/aanbod/bmw-x5-nieuw-xdrive50e-46549987
Dusseldorp Den Haag,BMW X5,xDrive50e,2025 | 10 km | Hybrid,€ 135.767,https://www.dusseldorpbmw.nl/aanbod/bmw-x5-nieuw-xdrive50e-46550016
Dusseldorp Den Haag,BMW 3 Serie,330e,2025 | 10 km | Hybrid,€ 65.449,https://www.dusseldorpbmw.nl/aanbod/bmw-3-serie-nieuw-330e-46550066
Dusseldorp Den Haag,BMW 3 Serie,330e,2025 | 10 km | Hybrid,€ 65.449,https://www.dusseldorpbmw.nl/aanbod/bmw-3-serie-nieuw-330e-46550070
Dusseldorp Den Haag,BMW 3 Serie,330e,2025 | 10 km | Hybrid,€ 65.449,https://www.dusseldorpbmw.nl/aanbod/bmw-3-serie-nieuw-330e-46550072
Dusseldorp Den Haag,BMW 3 Serie,330e,2025 | 10 km | Hybrid,€ 65.449,https://www.dusseldorpbmw.nl/aanbod/bmw-3-serie-nieuw-330e-46550078
Dusseldorp Den Haag,BMW 3 Serie,330e,2025 | 10 km | Hybrid,€ 65.449,https://www.dusseldorpbmw.nl/aanbod/bmw-3-serie-nieuw-330e-46550102
Dusseldorp Den Haag,BMW 3 Serie,330e,2025 | 10 km | Hybrid,€ 65.449,https://www.dusseldorpbmw.nl/aanbod/bmw-3-serie-nieuw-330e-46550103
Dusseldorp Den Haag,BMW 3 Serie,330e,2025 | 10 km | Hybrid,€ 65.449,https://www.dusseldorpbmw.nl/aanbod/bmw-3-serie-nieuw-330e-46550104
Dusseldorp Den Haag,BMW 3 Serie,330e,2025 | 10 km | Hybrid,€ 65.449,https://www.dusseldorpbmw.nl/aanbod/bmw-3-serie-nieuw-330e-46550105
Dusseldorp Den Haag,BMW 3 Serie,330e,2025 | 10 km | Hybrid,€ 65.449,https://www.dusseldorpbmw.nl/aanbod/bmw-3-serie-nieuw-330e-46550113
Dusseldorp Rotterdam Noord,BMW 5 Serie,530e Touring Business Edition Plus,2023 | 43675 km | Hybrid,€ 49.250,https://www.dusseldorpbmw.nl/aanbod/bmw-5-serie-occasion-530e-touring-business-edition-plus-46550731
Dusseldorp Den Haag,BMW 1 Serie,120,2025 | 10 km | Benzine,€ 57.482,https://www.dusseldorpbmw.nl/aanbod/bmw-1-serie-nieuw-120-46550989
Dusseldorp Den Haag,BMW X5,xDrive30d,2025 | 10 km | Diesel,€ 175.111,https://www.dusseldorpbmw.nl/aanbod/bmw-x5-nieuw-xdrive30d-46551683
Dusseldorp Alkmaar,BMW i4,eDrive40 M Sport 84 kWh,2025 | 10 km | Elektrisch,€ 74.732,https://www.dusseldorpbmw.nl/aanbod/bmw-i4-nieuw-edrive40-m-sport-84-kwh-46551900
Dusseldorp Alkmaar,BMW i4,eDrive35 M Sport Edition 70 kWh,2025 | 10 km | Elektrisch,€ 66.051,https://www.dusseldorpbmw.nl/aanbod/bmw-i4-nieuw-edrive35-m-sport-edition-70-kwh-46551930
Dusseldorp Alkmaar,BMW i5,eDrive40 M Sport Edition 84 kWh,2025 | 10 km | Elektrisch,€ 82.672,https://www.dusseldorpbmw.nl/aanbod/bmw-i5-nieuw-edrive40-m-sport-edition-84-kwh-46551934
Dusseldorp Alkmaar,BMW 5 Serie,530e M Sport Edition,2025 | 10 km | Hybrid,€ 82.416,https://www.dusseldorpbmw.nl/aanbod/bmw-5-serie-nieuw-530e-m-sport-edition-46551935
Dusseldorp Alkmaar,BMW iX,xDrive60 M Sport Pro 112 kWh,2025 | 10 km | Elektrisch,€ 125.437,https://www.dusseldorpbmw.nl/aanbod/bmw-ix-nieuw-xdrive60-m-sport-pro-112-kwh-46551936
Dusseldorp Alkmaar,BMW iX1,eDrive20 M Sport 67 kWh,2025 | 10 km | Elektrisch,€ 57.000,https://www.dusseldorpbmw.nl/aanbod/bmw-ix1-nieuw-edrive20-m-sport-67-kwh-46551937
Dusseldorp Den Haag,BMW X5,xDrive50e,2025 | 10 km | Hybrid,€ 135.767,https://www.dusseldorpbmw.nl/aanbod/bmw-x5-nieuw-xdrive50e-46551977
Dusseldorp Den Haag,BMW X5,xDrive50e,2025 | 10 km | Hybrid,€ 135.767,https://www.dusseldorpbmw.nl/aanbod/bmw-x5-nieuw-xdrive50e-46552688
Dusseldorp Den Haag,BMW X5,xDrive50e,2025 | 10 km | Hybrid,€ 137.048,https://www.dusseldorpbmw.nl/aanbod/bmw-x5-nieuw-xdrive50e-46552751
Dusseldorp Den Haag,BMW X5,xDrive50e,2025 | 10 km | Hybrid,€ 137.048,https://www.dusseldorpbmw.nl/aanbod/bmw-x5-nieuw-xdrive50e-46552768
Dusseldorp Den Haag,BMW X6,xDrive40i,2025 | 10 km | Benzine,€ 165.596,https://www.dusseldorpbmw.nl/aanbod/bmw-x6-nieuw-xdrive40i-46552849
Dusseldorp Den Haag,BMW 3 Serie,330e,2025 | 10 km | Hybrid,€ 66.150,https://www.dusseldorpbmw.nl/aanbod/bmw-3-serie-nieuw-330e-46553439
Dusseldorp Den Haag,BMW 3 Serie,330e,2025 | 10 km | Hybrid,€ 66.150,https://www.dusseldorpbmw.nl/aanbod/bmw-3-serie-nieuw-330e-46553463
Dusseldorp Den Haag,BMW 3 Serie,330e,2025 | 10 km | Hybrid,€ 66.150,https://www.dusseldorpbmw.nl/aanbod/bmw-3-serie-nieuw-330e-46553496
Dusseldorp Den Haag,BMW 3 Serie,330e,2025 | 10 km | Hybrid,€ 66.150,https://www.dusseldorpbmw.nl/aanbod/bmw-3-serie-nieuw-330e-46553497
Dusseldorp Den Haag,BMW 3 Serie,330e,2025 | 10 km | Hybrid,€ 66.150,https://www.dusseldorpbmw.nl/aanbod/bmw-3-serie-nieuw-330e-46553549
Dusseldorp Den Haag,BMW 3 Serie,330e,2025 | 10 km | Hybrid,€ 66.150,https://www.dusseldorpbmw.nl/aanbod/bmw-3-serie-nieuw-330e-46553550
Dusseldorp Den Haag,BMW 3 Serie,330e,2025 | 10 km | Hybrid,€ 64.978,https://www.dusseldorpbmw.nl/aanbod/bmw-3-serie-nieuw-330e-46553629
Dusseldorp Hoorn,BMW 3 Serie,330e,2025 | 10 km | Hybrid,€ 65.278,https://www.dusseldorpbmw.nl/aanbod/bmw-3-serie-nieuw-330e-46553657
Dusseldorp Den Haag,BMW 3 Serie,330e,2025 | 10 km | Hybrid,€ 66.974,https://www.dusseldorpbmw.nl/aanbod/bmw-3-serie-nieuw-330e-46553712
Dusseldorp Den Haag,BMW 3 Serie,330e,2025 | 10 km | Hybrid,€ 66.273,https://www.dusseldorpbmw.nl/aanbod/bmw-3-serie-nieuw-330e-46553768
Dusseldorp Den Haag,BMW 3 Serie,M340i xDrive,2025 | 10 km | Benzine,€ 116.395,https://www.dusseldorpbmw.nl/aanbod/bmw-3-serie-nieuw-m340i-xdrive-46553848
Dusseldorp Den Haag,BMW 3 Serie,Touring 330e,2025 | 10 km | Hybrid,€ 69.211,https://www.dusseldorpbmw.nl/aanbod/bmw-3-serie-nieuw-touring-330e-46554827
Dusseldorp Den Haag,BMW i4,eDrive35 M Sport Edition 70 kWh,2025 | 10 km | Elektrisch,€ 69.263,https://www.dusseldorpbmw.nl/aanbod/bmw-i4-nieuw-edrive35-m-sport-edition-70-kwh-46555607
Dusseldorp Den Haag,BMW i4,eDrive35 M Sport Edition 70 kWh,2025 | 10 km | Elektrisch,€ 69.263,https://www.dusseldorpbmw.nl/aanbod/bmw-i4-nieuw-edrive35-m-sport-edition-70-kwh-46555641
Dusseldorp Den Haag,BMW i4,eDrive35 M Sport Edition 70 kWh,2025 | 10 km | Elektrisch,€ 69.263,https://www.dusseldorpbmw.nl/aanbod/bmw-i4-nieuw-edrive35-m-sport-edition-70-kwh-46555674
Dusseldorp Den Haag,BMW i4,eDrive35 M Sport Edition 70 kWh,2025 | 10 km | Elektrisch,€ 69.263,https://www.dusseldorpbmw.nl/aanbod/bmw-i4-nieuw-edrive35-m-sport-edition-70-kwh-46555679
Dusseldorp Den Haag,BMW i4,eDrive35 M Sport Edition 70 kWh,2025 | 10 km | Elektrisch,€ 69.263,https://www.dusseldorpbmw.nl/aanbod/bmw-i4-nieuw-edrive35-m-sport-edition-70-kwh-46555752
Dusseldorp Den Haag,BMW i4,eDrive35 M Sport Edition 70 kWh,2025 | 10 km | Elektrisch,€ 71.259,https://www.dusseldorpbmw.nl/aanbod/bmw-i4-nieuw-edrive35-m-sport-edition-70-kwh-46555774
Dusseldorp Den Haag,BMW 5 Serie,Touring 530e,2025 | 10 km | Hybrid,€ 102.049,https://www.dusseldorpbmw.nl/aanbod/bmw-5-serie-nieuw-touring-530e-46555878
Dusseldorp Deventer,BMW X3,30e xDrive,2025 | 10 km | Hybrid,€ 83.374,https://www.dusseldorpbmw.nl/aanbod/bmw-x3-nieuw-30e-xdrive-46556086
Dusseldorp Den Haag,BMW i4,eDrive35 M Sport Edition 70 kWh,2025 | 10 km | Elektrisch,€ 70.268,https://www.dusseldorpbmw.nl/aanbod/bmw-i4-nieuw-edrive35-m-sport-edition-70-kwh-46556331
Dusseldorp Den Haag,BMW i4,eDrive35 M Sport Edition 70 kWh,2025 | 10 km | Elektrisch,€ 70.268,https://www.dusseldorpbmw.nl/aanbod/bmw-i4-nieuw-edrive35-m-sport-edition-70-kwh-46556379
Dusseldorp Den Haag,BMW i4,eDrive35 M Sport Edition 70 kWh,2025 | 10 km | Elektrisch,€ 70.268,https://www.dusseldorpbmw.nl/aanbod/bmw-i4-nieuw-edrive35-m-sport-edition-70-kwh-46556452
Dusseldorp Den Haag,BMW i4,eDrive35 M Sport Edition 70 kWh,2025 | 10 km | Elektrisch,€ 65.100,https://www.dusseldorpbmw.nl/aanbod/bmw-i4-nieuw-edrive35-m-sport-edition-70-kwh-46556647
Dusseldorp Den Haag,BMW i4,eDrive35 M Sport Edition 70 kWh,2025 | 10 km | Elektrisch,€ 65.100,https://www.dusseldorpbmw.nl/aanbod/bmw-i4-nieuw-edrive35-m-sport-edition-70-kwh-46556662
Dusseldorp Den Haag,BMW i4,eDrive35 M Sport Edition 70 kWh,2025 | 10 km | Elektrisch,€ 65.100,https://www.dusseldorpbmw.nl/aanbod/bmw-i4-nieuw-edrive35-m-sport-edition-70-kwh-46556723
Dusseldorp Den Haag,BMW i4,eDrive40 M Sport Edition 84 kWh,2025 | 10 km | Elektrisch,€ 72.898,https://www.dusseldorpbmw.nl/aanbod/bmw-i4-nieuw-edrive40-m-sport-edition-84-kwh-46556961
Dusseldorp Den Haag,BMW 2 Serie,Coupé 220i,2025 | 10 km | Benzine,€ 75.886,https://www.dusseldorpbmw.nl/aanbod/bmw-2-serie-nieuw-coupe-220i-46557217
Dusseldorp Den Haag,BMW 2 Serie,Coupé M240i xDrive,2025 | 10 km | Benzine,€ 108.665,https://www.dusseldorpbmw.nl/aanbod/bmw-2-serie-nieuw-coupe-m240i-xdrive-46557313
Dusseldorp Den Haag,BMW X3,20 xDrive,2025 | 10 km | Benzine,€ 94.047,https://www.dusseldorpbmw.nl/aanbod/bmw-x3-nieuw-20-xdrive-46557375
Dusseldorp Den Haag,BMW X3,30e xDrive,2025 | 10 km | Hybrid,€ 77.880,https://www.dusseldorpbmw.nl/aanbod/bmw-x3-nieuw-30e-xdrive-46557548
Dusseldorp Den Haag,BMW X3,30e xDrive,2025 | 10 km | Hybrid,€ 77.880,https://www.dusseldorpbmw.nl/aanbod/bmw-x3-nieuw-30e-xdrive-46557550
Dusseldorp Den Haag,BMW X3,30e xDrive,2025 | 10 km | Hybrid,€ 77.880,https://www.dusseldorpbmw.nl/aanbod/bmw-x3-nieuw-30e-xdrive-46557554
Dusseldorp Den Haag,BMW X3,30e xDrive,2025 | 10 km | Hybrid,€ 77.880,https://www.dusseldorpbmw.nl/aanbod/bmw-x3-nieuw-30e-xdrive-46557564
Dusseldorp Den Haag,BMW X3,30e xDrive,2025 | 10 km | Hybrid,€ 77.880,https://www.dusseldorpbmw.nl/aanbod/bmw-x3-nieuw-30e-xdrive-46557568
Dusseldorp Den Haag,BMW X3,30e xDrive,2025 | 10 km | Hybrid,€ 77.880,https://www.dusseldorpbmw.nl/aanbod/bmw-x3-nieuw-30e-xdrive-46557707
Dusseldorp Den Haag,BMW X3,30e xDrive,2025 | 10 km | Hybrid,€ 77.880,https://www.dusseldorpbmw.nl/aanbod/bmw-x3-nieuw-30e-xdrive-46557757
Dusseldorp Den Haag,BMW X3,30e xDrive,2025 | 10 km | Hybrid,€ 77.880,https://www.dusseldorpbmw.nl/aanbod/bmw-x3-nieuw-30e-xdrive-46557767
Dusseldorp Den Haag,BMW X3,30e xDrive,2025 | 10 km | Hybrid,€ 77.880,https://www.dusseldorpbmw.nl/aanbod/bmw-x3-nieuw-30e-xdrive-46557770
Dusseldorp Den Haag,BMW X3,30e xDrive,2025 | 10 km | Hybrid,€ 84.830,https://www.dusseldorpbmw.nl/aanbod/bmw-x3-nieuw-30e-xdrive-46557822
Dusseldorp Den Haag,BMW 5 Serie,520d,2025 | 10 km | Diesel,€ 101.704,https://www.dusseldorpbmw.nl/aanbod/bmw-5-serie-nieuw-520d-46557899
Dusseldorp Den Haag,BMW 5 Serie,530e M Sport Edition,2025 | 10 km | Hybrid,€ 85.212,https://www.dusseldorpbmw.nl/aanbod/bmw-5-serie-nieuw-530e-m-sport-edition-46558018
Dusseldorp Den Haag,BMW 5 Serie,530e M Sport Edition,2025 | 10 km | Hybrid,€ 85.212,https://www.dusseldorpbmw.nl/aanbod/bmw-5-serie-nieuw-530e-m-sport-edition-46558019
Dusseldorp Den Haag,BMW 5 Serie,530e M Sport Edition,2025 | 10 km | Hybrid,€ 85.212,https://www.dusseldorpbmw.nl/aanbod/bmw-5-serie-nieuw-530e-m-sport-edition-46558046
Dusseldorp Den Haag,BMW 5 Serie,530e M Sport Edition,2025 | 10 km | Hybrid,€ 85.212,https://www.dusseldorpbmw.nl/aanbod/bmw-5-serie-nieuw-530e-m-sport-edition-46558052
Dusseldorp Den Haag,BMW i5,eDrive40 M Sport Edition 84 kWh,2025 | 10 km | Elektrisch,€ 82.672,https://www.dusseldorpbmw.nl/aanbod/bmw-i5-nieuw-edrive40-m-sport-edition-84-kwh-46558163
Dusseldorp Den Haag,BMW i5,eDrive40 M Sport Edition 84 kWh,2025 | 10 km | Elektrisch,€ 82.672,https://www.dusseldorpbmw.nl/aanbod/bmw-i5-nieuw-edrive40-m-sport-edition-84-kwh-46558169
Dusseldorp Den Haag,BMW i5,eDrive40 M Sport Edition 84 kWh,2025 | 10 km | Elektrisch,€ 82.672,https://www.dusseldorpbmw.nl/aanbod/bmw-i5-nieuw-edrive40-m-sport-edition-84-kwh-46558220
Dusseldorp Den Haag,BMW i5,eDrive40 M Sport Edition 84 kWh,2025 | 10 km | Elektrisch,€ 82.672,https://www.dusseldorpbmw.nl/aanbod/bmw-i5-nieuw-edrive40-m-sport-edition-84-kwh-46558221
Dusseldorp Den Haag,BMW i5,eDrive40 M Sport Edition 84 kWh,2025 | 10 km | Elektrisch,€ 82.672,https://www.dusseldorpbmw.nl/aanbod/bmw-i5-nieuw-edrive40-m-sport-edition-84-kwh-46558222
Dusseldorp Den Haag,BMW i5,eDrive40 M Sport Edition 84 kWh,2025 | 10 km | Elektrisch,€ 82.672,https://www.dusseldorpbmw.nl/aanbod/bmw-i5-nieuw-edrive40-m-sport-edition-84-kwh-46558234
Dusseldorp Den Haag,BMW i5,M60 xDrive 84 kWh,2025 | 10 km | Elektrisch,€ 121.174,https://www.dusseldorpbmw.nl/aanbod/bmw-i5-nieuw-m60-xdrive-84-kwh-46559292
Dusseldorp Den Haag,BMW i5,Touring eDrive40 M Sport Edition 84 kWh,2025 | 10 km | Elektrisch,€ 84.228,https://www.dusseldorpbmw.nl/aanbod/bmw-i5-nieuw-touring-edrive40-m-sport-edition-84-kwh-46560372
Dusseldorp Den Haag,BMW i5,Touring eDrive40 M Sport Edition 84 kWh,2025 | 10 km | Elektrisch,€ 84.228,https://www.dusseldorpbmw.nl/aanbod/bmw-i5-nieuw-touring-edrive40-m-sport-edition-84-kwh-46560378
Dusseldorp Den Haag,BMW 7 Serie,750e xDrive,2025 | 10 km | Hybrid,€ 151.714,https://www.dusseldorpbmw.nl/aanbod/bmw-7-serie-nieuw-750e-xdrive-46560552
Dusseldorp Den Haag,BMW i7,eDrive50 106 kWh,2025 | 10 km | Elektrisch,€ 147.217,https://www.dusseldorpbmw.nl/aanbod/bmw-i7-nieuw-edrive50-106-kwh-46560618
Dusseldorp Den Haag,BMW i7,eDrive50 106 kWh,2025 | 10 km | Elektrisch,€ 148.418,https://www.dusseldorpbmw.nl/aanbod/bmw-i7-nieuw-edrive50-106-kwh-46560686
Dusseldorp Den Haag,BMW i7,xDrive60 106 kWh,2025 | 10 km | Elektrisch,€ 170.634,https://www.dusseldorpbmw.nl/aanbod/bmw-i7-nieuw-xdrive60-106-kwh-46560855
Dusseldorp Oostzaan,BMW M2,Coupé,2025 | 10 km | Benzine,€ 144.429,https://www.dusseldorpbmw.nl/aanbod/bmw-m2-nieuw-coupe-46560967
Dusseldorp Hoorn,BMW iX,xDrive60 112 kWh,2025 | 10 km | Elektrisch,€ 125.437,https://www.dusseldorpbmw.nl/aanbod/bmw-ix-nieuw-xdrive60-112-kwh-46561040
Dusseldorp Den Haag,BMW iX2,eDrive20 67 kWh M Sport Edition,2025 | 10 km | Elektrisch,€ 57.552,https://www.dusseldorpbmw.nl/aanbod/bmw-ix2-nieuw-edrive20-67-kwh-m-sport-edition-46561247
Dusseldorp Den Haag,BMW iX2,eDrive20 67 kWh M Sport Edition,2025 | 10 km | Elektrisch,€ 57.552,https://www.dusseldorpbmw.nl/aanbod/bmw-ix2-nieuw-edrive20-67-kwh-m-sport-edition-46561258
Dusseldorp Den Haag,BMW iX2,eDrive20 67 kWh M Sport Edition,2025 | 10 km | Elektrisch,€ 57.552,https://www.dusseldorpbmw.nl/aanbod/bmw-ix2-nieuw-edrive20-67-kwh-m-sport-edition-46561268
Dusseldorp Den Haag,BMW iX2,eDrive20 67 kWh M Sport Edition,2025 | 10 km | Elektrisch,€ 57.552,https://www.dusseldorpbmw.nl/aanbod/bmw-ix2-nieuw-edrive20-67-kwh-m-sport-edition-46561320
Dusseldorp Den Haag,BMW iX2,eDrive20 67 kWh M Sport Edition,2025 | 10 km | Elektrisch,€ 57.552,https://www.dusseldorpbmw.nl/aanbod/bmw-ix2-nieuw-edrive20-67-kwh-m-sport-edition-46561344
Dusseldorp Den Haag,BMW iX2,eDrive20 67 kWh M Sport Edition,2025 | 10 km | Elektrisch,€ 57.552,https://www.dusseldorpbmw.nl/aanbod/bmw-ix2-nieuw-edrive20-67-kwh-m-sport-edition-46561345
Dusseldorp Den Haag,BMW iX2,eDrive20 67 kWh M Sport Edition,2025 | 10 km | Elektrisch,€ 57.552,https://www.dusseldorpbmw.nl/aanbod/bmw-ix2-nieuw-edrive20-67-kwh-m-sport-edition-46561348
Dusseldorp Den Haag,BMW iX2,eDrive20 67 kWh M Sport Edition,2025 | 10 km | Elektrisch,€ 57.552,https://www.dusseldorpbmw.nl/aanbod/bmw-ix2-nieuw-edrive20-67-kwh-m-sport-edition-46561354
Dusseldorp Den Haag,BMW iX2,eDrive20 67 kWh M Sport Edition,2025 | 10 km | Elektrisch,€ 57.552,https://www.dusseldorpbmw.nl/aanbod/bmw-ix2-nieuw-edrive20-67-kwh-m-sport-edition-46561360
Dusseldorp Den Haag,BMW iX2,eDrive20 67 kWh M Sport Edition,2025 | 10 km | Elektrisch,€ 57.552,https://www.dusseldorpbmw.nl/aanbod/bmw-ix2-nieuw-edrive20-67-kwh-m-sport-edition-46561368
Dusseldorp Den Haag,BMW iX2,eDrive20 67 kWh M Sport Edition,2025 | 10 km | Elektrisch,€ 57.552,https://www.dusseldorpbmw.nl/aanbod/bmw-ix2-nieuw-edrive20-67-kwh-m-sport-edition-46561414
Dusseldorp Alkmaar,BMW iX2,eDrive20 67 kWh M Sport Edition,2025 | 10 km | Elektrisch,€ 66.122,https://www.dusseldorpbmw.nl/aanbod/bmw-ix2-nieuw-edrive20-67-kwh-m-sport-edition-46562243
Dusseldorp Den Haag,BMW X1,sDrive20i,2025 | 10 km | Benzine,€ 68.802,https://www.dusseldorpbmw.nl/aanbod/bmw-x1-nieuw-sdrive20i-46563255
Dusseldorp Den Haag,BMW X1,sDrive20i,2025 | 10 km | Benzine,€ 68.802,https://www.dusseldorpbmw.nl/aanbod/bmw-x1-nieuw-sdrive20i-46563286
Dusseldorp Den Haag,BMW X1,xDrive25e,2025 | 10 km | Hybrid,€ 63.889,https://www.dusseldorpbmw.nl/aanbod/bmw-x1-nieuw-xdrive25e-46563759
Dusseldorp Den Haag,BMW X1,xDrive25e,2025 | 10 km | Hybrid,€ 64.939,https://www.dusseldorpbmw.nl/aanbod/bmw-x1-nieuw-xdrive25e-46563834
Dusseldorp Den Haag,BMW X1,xDrive25e,2025 | 10 km | Hybrid,€ 64.939,https://www.dusseldorpbmw.nl/aanbod/bmw-x1-nieuw-xdrive25e-46563857
Dusseldorp Den Haag,BMW X1,xDrive25e,2025 | 10 km | Hybrid,€ 64.939,https://www.dusseldorpbmw.nl/aanbod/bmw-x1-nieuw-xdrive25e-46563865
Dusseldorp Den Haag,BMW X1,xDrive25e,2025 | 10 km | Hybrid,€ 64.939,https://www.dusseldorpbmw.nl/aanbod/bmw-x1-nieuw-xdrive25e-46563876
Dusseldorp Den Haag,BMW X1,xDrive25e,2025 | 10 km | Hybrid,€ 64.939,https://www.dusseldorpbmw.nl/aanbod/bmw-x1-nieuw-xdrive25e-46563884
Dusseldorp Den Haag,BMW X1,xDrive25e,2025 | 10 km | Hybrid,€ 64.939,https://www.dusseldorpbmw.nl/aanbod/bmw-x1-nieuw-xdrive25e-46563903
Dusseldorp Den Haag,BMW X1,xDrive25e,2025 | 10 km | Hybrid,€ 65.784,https://www.dusseldorpbmw.nl/aanbod/bmw-x1-nieuw-xdrive25e-46563968
Dusseldorp Den Haag,BMW X1,xDrive30e,2025 | 10 km | Hybrid,€ 73.662,https://www.dusseldorpbmw.nl/aanbod/bmw-x1-nieuw-xdrive30e-46564295
Dusseldorp Den Haag,BMW X1,xDrive30e,2025 | 10 km | Hybrid,€ 73.662,https://www.dusseldorpbmw.nl/aanbod/bmw-x1-nieuw-xdrive30e-46564307
Dusseldorp Den Haag,BMW X1,xDrive30e,2025 | 10 km | Hybrid,€ 72.818,https://www.dusseldorpbmw.nl/aanbod/bmw-x1-nieuw-xdrive30e-46564343
Dusseldorp Den Haag,BMW i5,eDrive40 M Sport Edition 84 kWh,2025 | 10 km | Elektrisch,€ 88.691,https://www.dusseldorpbmw.nl/aanbod/bmw-i5-nieuw-edrive40-m-sport-edition-84-kwh-46564457
Dusseldorp Schiedam,BMW iX2,eDrive20 67 kWh M Sport Edition,2025 | 10 km | Elektrisch,€ 63.273,https://www.dusseldorpbmw.nl/aanbod/bmw-ix2-nieuw-edrive20-67-kwh-m-sport-edition-46564478
Dusseldorp Schiedam,BMW 1 Serie,120,2025 | 10 km | Benzine,€ 49.790,https://www.dusseldorpbmw.nl/aanbod/bmw-1-serie-nieuw-120-46564480
Dusseldorp Oostzaan,BMW i4,eDrive40 M Sport Edition 84 kWh,2025 | 10 km | Elektrisch,€ 77.141,https://www.dusseldorpbmw.nl/aanbod/bmw-i4-nieuw-edrive40-m-sport-edition-84-kwh-46576760
Dusseldorp Oostzaan,BMW iX1,eDrive20 67 kWh,2025 | 10 km | Elektrisch,€ 57.254,https://www.dusseldorpbmw.nl/aanbod/bmw-ix1-nieuw-edrive20-67-kwh-46577736
Dusseldorp Oostzaan,BMW i5,eDrive40 M Sport Edition 84 kWh,2025 | 10 km | Elektrisch,€ 82.672,https://www.dusseldorpbmw.nl/aanbod/bmw-i5-nieuw-edrive40-m-sport-edition-84-kwh-46577971
Dusseldorp Oostzaan,BMW iX1,eDrive20 67 kWh,2025 | 10 km | Elektrisch,€ 57.000,https://www.dusseldorpbmw.nl/aanbod/bmw-ix1-nieuw-edrive20-67-kwh-46578785
Dusseldorp Oostzaan,BMW i5,eDrive40 M Sport Edition 84 kWh,2025 | 10 km | Elektrisch,€ 82.672,https://www.dusseldorpbmw.nl/aanbod/bmw-i5-nieuw-edrive40-m-sport-edition-84-kwh-46579540
Dusseldorp Oostzaan,BMW iX1,eDrive20 67 kWh,2025 | 10 km | Elektrisch,€ 57.000,https://www.dusseldorpbmw.nl/aanbod/bmw-ix1-nieuw-edrive20-67-kwh-46579616
Dusseldorp Oostzaan,BMW iX,xDrive60,2025 | 10 km | Elektrisch,€ 123.895,https://www.dusseldorpbmw.nl/aanbod/bmw-ix-nieuw-xdrive60-46579878
Dusseldorp Hoorn,BMW 1 Serie,118i M-Sport,2021 | 26297 km | Benzine,€ 27.450,https://www.dusseldorpbmw.nl/aanbod/bmw-1-serie-occasion-118i-m-sport-46581856
Dusseldorp Hoorn,BMW Z4,M40i High Executive,2025 | 10 km | Benzine,€ 113.325,https://www.dusseldorpbmw.nl/aanbod/bmw-z4-nieuw-m40i-high-executive-46583432
Dusseldorp Alkmaar,BMW 3 Serie,Touring 330e M Sport Pro,2025 | 10 km | Hybrid,€ 73.958,https://www.dusseldorpbmw.nl/aanbod/bmw-3-serie-nieuw-touring-330e-m-sport-pro-46583853
Dusseldorp Oostzaan,BMW i5,eDrive40 M Sport Edition 84 kWh,2025 | 10 km | Elektrisch,€ 82.672,https://www.dusseldorpbmw.nl/aanbod/bmw-i5-nieuw-edrive40-m-sport-edition-84-kwh-46585464
Dusseldorp Oostzaan,BMW i4,eDrive35 M Sport Edition 70 kWh,2025 | 10 km | Elektrisch,€ 67.293,https://www.dusseldorpbmw.nl/aanbod/bmw-i4-nieuw-edrive35-m-sport-edition-70-kwh-46589482
Dusseldorp Wateringen,BMW X7,xDrive40i,2025 | 6999 km | Benzine,€ 180.583,https://www.dusseldorpbmw.nl/aanbod/bmw-x7-company-car-xdrive40i-46593945
Dusseldorp Oostzaan,BMW i4,eDrive40 84 kWh,2025 | 10 km | Elektrisch,€ 71.676,https://www.dusseldorpbmw.nl/aanbod/bmw-i4-nieuw-edrive40-84-kwh-46599230
Dusseldorp Oostzaan,BMW i5,eDrive40 M Sport Edition 84 kWh,2025 | 10 km | Elektrisch,€ 82.672,https://www.dusseldorpbmw.nl/aanbod/bmw-i5-nieuw-edrive40-m-sport-edition-84-kwh-46599285
Dusseldorp Den Haag,BMW XM,PHEV Label Red,2025 | 10 km | Hybrid,€ 227.220,https://www.dusseldorpbmw.nl/aanbod/bmw-xm-nieuw-phev-label-red-46603040
Dusseldorp Zwolle,BMW X5,xDrive50e M-Sport Pro Hybrid,2025 | 24277 km | Hybrid,€ 112.950,https://www.dusseldorpbmw.nl/aanbod/bmw-x5-occasion-xdrive50e-m-sport-pro-hybrid-46603089
Dusseldorp Brielle,BMW M4,Competition M xDrive Cabrio,2025 | 10 km | Benzine,€ 190.451,https://www.dusseldorpbmw.nl/aanbod/bmw-m4-nieuw-competition-m-xdrive-cabrio-46603292
Dusseldorp Hoorn,BMW X5,xDrive50e M Sport Pro - SEPANG BRONZE,2025 | 10 km | Hybrid,€ 141.848,https://www.dusseldorpbmw.nl/aanbod/bmw-x5-nieuw-xdrive50e-m-sport-pro---sepang-bronze-46603299
Dusseldorp Zwolle,BMW i4,eDrive40 M-Sport 84 kWh,2025 | 5 km | Elektrisch,€ 74.732,https://www.dusseldorpbmw.nl/aanbod/bmw-i4-nieuw-edrive40-m-sport-84-kwh-46603328
Dusseldorp Oostzaan,BMW i5,eDrive40 M Sport Edition 84 kWh,2025 | 10 km | Elektrisch,€ 82.672,https://www.dusseldorpbmw.nl/aanbod/bmw-i5-nieuw-edrive40-m-sport-edition-84-kwh-46603768
Dusseldorp Oostzaan,BMW i4,eDrive35 70 kWh,2025 | 10 km | Elektrisch,€ 66.051,https://www.dusseldorpbmw.nl/aanbod/bmw-i4-nieuw-edrive35-70-kwh-46603831
Dusseldorp Oostzaan,BMW iX1,eDrive20 67 kWh,2025 | 10 km | Elektrisch,€ 62.044,https://www.dusseldorpbmw.nl/aanbod/bmw-ix1-nieuw-edrive20-67-kwh-46604069
Dusseldorp Deventer,BMW X1,xDrive30e,2024 | 31925 km | Hybrid,€ 57.450,https://www.dusseldorpbmw.nl/aanbod/bmw-x1-occasion-xdrive30e-46604401
Dusseldorp Alkmaar,BMW Z4,Roadster sDrive20i High Executive M Sport,2022 | 14987 km | Benzine,€ 47.950,https://www.dusseldorpbmw.nl/aanbod/bmw-z4-occasion-roadster-sdrive20i-high-executive-m-sport-46626378
Dusseldorp Oostzaan,BMW iX,xDrive40 High Executive 77 kWh,2022 | 62081 km | Elektrisch,€ 46.950,https://www.dusseldorpbmw.nl/aanbod/bmw-ix-occasion-xdrive40-high-executive-77-kwh-46626563
Dusseldorp Deventer,BMW 3 Serie,318i Business Edition,2022 | 63978 km | Benzine,€ 36.450,https://www.dusseldorpbmw.nl/aanbod/bmw-3-serie-occasion-318i-business-edition-46630707
Dusseldorp Deventer,BMW i5,M60 xDrive 84 kWh,2025 | 4000 km | Elektrisch,€ 129.728,https://www.dusseldorpbmw.nl/aanbod/bmw-i5-company-car-m60-xdrive-84-kwh-46630753
Dusseldorp Den Haag,BMW X3,xDrive20i High Executive Edition,2021 | 66535 km | Benzine,€ 47.450,https://www.dusseldorpbmw.nl/aanbod/bmw-x3-occasion-xdrive20i-high-executive-edition-46655740
Dusseldorp Den Haag,BMW X1,xDrive25e High Executive Edition,2021 | 107839 km | Hybrid,€ 30.900,https://www.dusseldorpbmw.nl/aanbod/bmw-x1-occasion-xdrive25e-high-executive-edition-46656254
Dusseldorp Rotterdam Noord,BMW 5 Serie,Touring 530e xDrive Business Edition Plus,2021 | 75547 km | Hybrid,€ 43.750,https://www.dusseldorpbmw.nl/aanbod/bmw-5-serie-occasion-touring-530e-xdrive-business-edition-plus-46668953
Dusseldorp Den Haag,BMW X5,xDrive50e,2025 | 10 km | Hybrid,€ 135.767,https://www.dusseldorpbmw.nl/aanbod/bmw-x5-nieuw-xdrive50e-46669227
Dusseldorp Den Haag,BMW X5,xDrive50e,2025 | 10 km | Hybrid,€ 135.767,https://www.dusseldorpbmw.nl/aanbod/bmw-x5-nieuw-xdrive50e-46669233
Dusseldorp Den Haag,BMW X5,xDrive50e,2025 | 10 km | Hybrid,€ 135.767,https://www.dusseldorpbmw.nl/aanbod/bmw-x5-nieuw-xdrive50e-46669251
Dusseldorp Den Haag,BMW 3 Serie,Touring 330e,2025 | 10 km | Hybrid,€ 69.211,https://www.dusseldorpbmw.nl/aanbod/bmw-3-serie-nieuw-touring-330e-46669269
Dusseldorp Den Haag,BMW 3 Serie,Touring 330e,2025 | 10 km | Hybrid,€ 68.511,https://www.dusseldorpbmw.nl/aanbod/bmw-3-serie-nieuw-touring-330e-46669284
Dusseldorp Den Haag,BMW 5 Serie,530e M Sport Edition,2025 | 10 km | Hybrid,€ 85.212,https://www.dusseldorpbmw.nl/aanbod/bmw-5-serie-nieuw-530e-m-sport-edition-46669314
Dusseldorp Den Haag,BMW X5,xDrive50e,2025 | 10 km | Hybrid,€ 135.767,https://www.dusseldorpbmw.nl/aanbod/bmw-x5-nieuw-xdrive50e-46669332
Dusseldorp Alkmaar,BMW 3 Serie,Sedan 330e M Sport Pro,2025 | 7500 km | Hybrid,€ 72.814,https://www.dusseldorpbmw.nl/aanbod/bmw-3-serie-company-car-sedan-330e-m-sport-pro-46670304
Dusseldorp Alkmaar,BMW 2 Serie,225xe Active Tourer M Sport,2025 | 7500 km | Hybrid,€ 58.463,https://www.dusseldorpbmw.nl/aanbod/bmw-2-serie-company-car-225xe-active-tourer-m-sport-46670314
Dusseldorp Brielle,BMW 2 Serie,218i Gran Coupé M-Sport Pro,2024 | 24390 km | Benzine,€ 36.950,https://www.dusseldorpbmw.nl/aanbod/bmw-2-serie-occasion-218i-gran-coupe-m-sport-pro-46671897
Dusseldorp Deventer,BMW 5 Serie,Touring 530e,2025 | 10 km | Hybrid,€ 91.267,https://www.dusseldorpbmw.nl/aanbod/bmw-5-serie-nieuw-touring-530e-46673079
Dusseldorp Deventer,BMW 5 Serie,Touring 530e,2025 | 10 km | Hybrid,€ 91.267,https://www.dusseldorpbmw.nl/aanbod/bmw-5-serie-nieuw-touring-530e-46673095
Dusseldorp Den Haag,BMW iX1,eDrive20 67 kWh,2025 | 10 km | Elektrisch,€ 62.044,https://www.dusseldorpbmw.nl/aanbod/bmw-ix1-nieuw-edrive20-67-kwh-46673419
Dusseldorp Brielle,BMW 5 Serie,Touring 530e,2025 | 10 km | Hybrid,€ 102.049,https://www.dusseldorpbmw.nl/aanbod/bmw-5-serie-nieuw-touring-530e-46673431
Dusseldorp Schiedam,BMW 5 Serie,Touring 550e xDrive,2025 | 6999 km | Hybrid,€ 109.660,https://www.dusseldorpbmw.nl/aanbod/bmw-5-serie-company-car-touring-550e-xdrive-46674168
Dusseldorp Alkmaar,BMW 5 Serie,Touring 530e M Sport Pro,2025 | 10 km | Hybrid,€ 102.049,https://www.dusseldorpbmw.nl/aanbod/bmw-5-serie-nieuw-touring-530e-m-sport-pro-46674673
Dusseldorp Brielle,BMW 2 Serie,218i Gran Coupé High Executive M-Sport,2020 | 71809 km | Benzine,€ 28.450,https://www.dusseldorpbmw.nl/aanbod/bmw-2-serie-occasion-218i-gran-coupe-high-executive-m-sport-46675062
Dusseldorp Deventer,BMW 1 Serie,118i,2024 | 49127 km | Benzine,€ 31.450,https://www.dusseldorpbmw.nl/aanbod/bmw-1-serie-occasion-118i-46683664
Dusseldorp Deventer,BMW 3 Serie,330e Business Edition Plus,2021 | 116338 km | Hybrid,€ 36.950,https://www.dusseldorpbmw.nl/aanbod/bmw-3-serie-occasion-330e-business-edition-plus-46684877
Dusseldorp Oostzaan,BMW 5 Serie,Touring 530e,2025 | 10 km | Hybrid,€ 102.049,https://www.dusseldorpbmw.nl/aanbod/bmw-5-serie-nieuw-touring-530e-46686085
Dusseldorp Deventer,BMW 1 Serie,118i,2024 | 22326 km | Benzine,€ 33.950,https://www.dusseldorpbmw.nl/aanbod/bmw-1-serie-occasion-118i-46688512
Dusseldorp Rotterdam Zuid,BMW 1 Serie,M135i xDrive,2025 | 6999 km | Benzine,€ 69.950,https://www.dusseldorpbmw.nl/aanbod/bmw-1-serie-company-car-m135i-xdrive-46692293
Dusseldorp Den Haag,BMW i4,eDrive40 M Sport Edition 84 kWh,2025 | 10 km | Elektrisch,€ 77.141,https://www.dusseldorpbmw.nl/aanbod/bmw-i4-nieuw-edrive40-m-sport-edition-84-kwh-46692331
Dusseldorp Apeldoorn,BMW XM,PHEV Label Red 30 kWh,2025 | 10 km | Hybrid,€ 218.779,https://www.dusseldorpbmw.nl/aanbod/bmw-xm-nieuw-phev-label-red-30-kwh-46692517
Dusseldorp Den Haag,BMW Z4,sDrive30i,2025 | 10 km | Benzine,€ 78.993,https://www.dusseldorpbmw.nl/aanbod/bmw-z4-nieuw-sdrive30i-46692604
Dusseldorp Den Haag,BMW Z4,sDrive20i,2025 | 10 km | Benzine,€ 77.607,https://www.dusseldorpbmw.nl/aanbod/bmw-z4-nieuw-sdrive20i-46692671
Dusseldorp Den Haag,BMW X5,xDrive50e,2025 | 10 km | Hybrid,€ 136.967,https://www.dusseldorpbmw.nl/aanbod/bmw-x5-nieuw-xdrive50e-46692787
Dusseldorp Den Haag,BMW X5,xDrive50e,2025 | 10 km | Hybrid,€ 136.967,https://www.dusseldorpbmw.nl/aanbod/bmw-x5-nieuw-xdrive50e-46692830
Dusseldorp Den Haag,BMW X5,xDrive50e,2025 | 10 km | Hybrid,€ 136.967,https://www.dusseldorpbmw.nl/aanbod/bmw-x5-nieuw-xdrive50e-46692831
Dusseldorp Den Haag,BMW X5,xDrive50e,2025 | 10 km | Hybrid,€ 136.967,https://www.dusseldorpbmw.nl/aanbod/bmw-x5-nieuw-xdrive50e-46692832
Dusseldorp Den Haag,BMW X5,xDrive50e,2025 | 10 km | Hybrid,€ 136.967,https://www.dusseldorpbmw.nl/aanbod/bmw-x5-nieuw-xdrive50e-46692844
Dusseldorp Den Haag,BMW X5,xDrive50e,2025 | 10 km | Hybrid,€ 126.172,https://www.dusseldorpbmw.nl/aanbod/bmw-x5-nieuw-xdrive50e-46692975
Dusseldorp Den Haag,BMW 3 Serie,Touring 330e,2025 | 10 km | Hybrid,€ 63.543,https://www.dusseldorpbmw.nl/aanbod/bmw-3-serie-nieuw-touring-330e-46693136
Dusseldorp Den Haag,BMW 3 Serie,Touring 330e,2025 | 10 km | Hybrid,€ 63.543,https://www.dusseldorpbmw.nl/aanbod/bmw-3-serie-nieuw-touring-330e-46693138
Dusseldorp Den Haag,BMW 3 Serie,Touring 330e,2025 | 10 km | Hybrid,€ 63.543,https://www.dusseldorpbmw.nl/aanbod/bmw-3-serie-nieuw-touring-330e-46693141
Dusseldorp Den Haag,BMW 3 Serie,Touring 330e,2025 | 10 km | Hybrid,€ 68.511,https://www.dusseldorpbmw.nl/aanbod/bmw-3-serie-nieuw-touring-330e-46693357
Dusseldorp Den Haag,BMW 3 Serie,Touring 330e,2025 | 10 km | Hybrid,€ 68.511,https://www.dusseldorpbmw.nl/aanbod/bmw-3-serie-nieuw-touring-330e-46693358
Dusseldorp Den Haag,BMW 3 Serie,Touring 330e,2025 | 10 km | Hybrid,€ 68.511,https://www.dusseldorpbmw.nl/aanbod/bmw-3-serie-nieuw-touring-330e-46693381
Dusseldorp Den Haag,BMW iX2,xDrive30 67 kWh M Sport Edition,2025 | 10 km | Elektrisch,€ 74.828,https://www.dusseldorpbmw.nl/aanbod/bmw-ix2-nieuw-xdrive30-67-kwh-m-sport-edition-46693492
Dusseldorp Den Haag,BMW 5 Serie,530e M Sport Edition,2025 | 10 km | Hybrid,€ 85.212,https://www.dusseldorpbmw.nl/aanbod/bmw-5-serie-nieuw-530e-m-sport-edition-46693591
Dusseldorp Den Haag,BMW 5 Serie,530e M Sport Edition,2025 | 10 km | Hybrid,€ 85.212,https://www.dusseldorpbmw.nl/aanbod/bmw-5-serie-nieuw-530e-m-sport-edition-46693626
Dusseldorp Den Haag,BMW 5 Serie,530e M Sport Edition,2025 | 10 km | Hybrid,€ 85.212,https://www.dusseldorpbmw.nl/aanbod/bmw-5-serie-nieuw-530e-m-sport-edition-46693634
Dusseldorp Den Haag,BMW 5 Serie,530e M Sport Edition,2025 | 10 km | Hybrid,€ 85.212,https://www.dusseldorpbmw.nl/aanbod/bmw-5-serie-nieuw-530e-m-sport-edition-46693682
Dusseldorp Den Haag,BMW 5 Serie,530e M Sport Edition,2025 | 10 km | Hybrid,€ 85.212,https://www.dusseldorpbmw.nl/aanbod/bmw-5-serie-nieuw-530e-m-sport-edition-46693684
Dusseldorp Deventer,BMW 2 Serie,216i 7p. Business Edition Plus,2022 | 55954 km | Benzine,€ 24.950,https://www.dusseldorpbmw.nl/aanbod/bmw-2-serie-occasion-216i-7p-business-edition-plus-46694812
Dusseldorp Brielle,BMW i5,eDrive40 M Sport Edition 84 kWh,2025 | 10 km | Elektrisch,€ 82.672,https://www.dusseldorpbmw.nl/aanbod/bmw-i5-nieuw-edrive40-m-sport-edition-84-kwh-46695271
Dusseldorp Den Haag,BMW i4,eDrive40 M Sport Edition 84 kWh,2025 | 10 km | Elektrisch,€ 77.141,https://www.dusseldorpbmw.nl/aanbod/bmw-i4-nieuw-edrive40-m-sport-edition-84-kwh-46695334
Dusseldorp Brielle,BMW i4,eDrive40 M Sport Edition 84 kWh,2025 | 10 km | Elektrisch,€ 79.217,https://www.dusseldorpbmw.nl/aanbod/bmw-i4-nieuw-edrive40-m-sport-edition-84-kwh-46695393
Dusseldorp Deventer,BMW 1 Serie,118i Executive Edition,2020 | 47449 km | Benzine,€ 25.750,https://www.dusseldorpbmw.nl/aanbod/bmw-1-serie-occasion-118i-executive-edition-46696245
Dusseldorp Oostzaan,BMW iX2,eDrive20 67 kWh M Sport Edition,2025 | 10 km | Elektrisch,€ 63.273,https://www.dusseldorpbmw.nl/aanbod/bmw-ix2-nieuw-edrive20-67-kwh-m-sport-edition-46705294
Dusseldorp Deventer,BMW i4,eDrive35 M Sport Edition 70 kWh,2025 | 10 km | Elektrisch,€ 70.268,https://www.dusseldorpbmw.nl/aanbod/bmw-i4-nieuw-edrive35-m-sport-edition-70-kwh-46706741
Dusseldorp Deventer,BMW iX2,eDrive20 67 kWh M Sport Edition,2025 | 10 km | Elektrisch,€ 63.273,https://www.dusseldorpbmw.nl/aanbod/bmw-ix2-nieuw-edrive20-67-kwh-m-sport-edition-46706753
Dusseldorp Deventer,BMW iX1,eDrive20 67 kWh,2025 | 10 km | Elektrisch,€ 62.044,https://www.dusseldorpbmw.nl/aanbod/bmw-ix1-nieuw-edrive20-67-kwh-46706769
Dusseldorp Deventer,BMW i4,eDrive40 M Sport Edition 84 kWh,2025 | 10 km | Elektrisch,€ 79.136,https://www.dusseldorpbmw.nl/aanbod/bmw-i4-nieuw-edrive40-m-sport-edition-84-kwh-46706790
Dusseldorp Deventer,BMW 1 Serie,120,2025 | 10 km | Benzine,€ 58.027,https://www.dusseldorpbmw.nl/aanbod/bmw-1-serie-nieuw-120-46706813
Dusseldorp Deventer,BMW 5 Serie,Touring 530e M Sport Edition,2025 | 10 km | Hybrid,€ 83.604,https://www.dusseldorpbmw.nl/aanbod/bmw-5-serie-nieuw-touring-530e-m-sport-edition-46706833
Dusseldorp Deventer,BMW iX2,eDrive20 67 kWh M Sport Edition,2025 | 10 km | Elektrisch,€ 63.273,https://www.dusseldorpbmw.nl/aanbod/bmw-ix2-nieuw-edrive20-67-kwh-m-sport-edition-46706842
Dusseldorp Deventer,BMW 3 Serie,330e,2025 | 10 km | Hybrid,€ 63.997,https://www.dusseldorpbmw.nl/aanbod/bmw-3-serie-nieuw-330e-46706854
Dusseldorp Deventer,BMW 1 Serie,120,2025 | 10 km | Benzine,€ 57.482,https://www.dusseldorpbmw.nl/aanbod/bmw-1-serie-nieuw-120-46706868
Dusseldorp Deventer,BMW X1,xDrive30e,2025 | 10 km | Hybrid,€ 72.818,https://www.dusseldorpbmw.nl/aanbod/bmw-x1-nieuw-xdrive30e-46706890
Dusseldorp Deventer,BMW 3 Serie,330e,2025 | 6896 km | Hybrid,€ 56.950,https://www.dusseldorpbmw.nl/aanbod/bmw-3-serie-occasion-330e-46709489
Dusseldorp Alkmaar,BMW 2 Serie,Gran Coupé 218i High Executive M Sport,2021 | 72261 km | Benzine,€ 26.450,https://www.dusseldorpbmw.nl/aanbod/bmw-2-serie-occasion-gran-coupe-218i-high-executive-m-sport-46709952
Dusseldorp Zwolle,BMW 5 Serie,550e xDrive Touring M-Sport Pro,2025 | 10 km | Hybrid,€ 120.614,https://www.dusseldorpbmw.nl/aanbod/bmw-5-serie-nieuw-550e-xdrive-touring-m-sport-pro-46711370
Dusseldorp Zwolle,BMW 5 Serie,530e Touring M-Sport Pro Hybrid,2025 | 10 km | Hybrid,€ 91.267,https://www.dusseldorpbmw.nl/aanbod/bmw-5-serie-nieuw-530e-touring-m-sport-pro-hybrid-46711390
Dusseldorp Oostzaan,BMW iX2,eDrive20 67 kWh M Sport Edition,2025 | 10 km | Elektrisch,€ 63.273,https://www.dusseldorpbmw.nl/aanbod/bmw-ix2-nieuw-edrive20-67-kwh-m-sport-edition-46713016
Dusseldorp Alkmaar,BMW i5,Touring eDrive40 M Sport Edition 84 kWh,2025 | 10 km | Elektrisch,€ 84.228,https://www.dusseldorpbmw.nl/aanbod/bmw-i5-nieuw-touring-edrive40-m-sport-edition-84-kwh-46713423
Dusseldorp Schiedam,BMW 4 Serie,M440i Gran Coupé xDrive High Executive,2025 | 6999 km | Benzine,€ 114.950,https://www.dusseldorpbmw.nl/aanbod/bmw-4-serie-company-car-m440i-gran-coupe-xdrive-high-executive-46714017
Dusseldorp Oostzaan,BMW 3 Serie,Touring 330e,2025 | 10 km | Hybrid,€ 76.542,https://www.dusseldorpbmw.nl/aanbod/bmw-3-serie-nieuw-touring-330e-46714086
Dusseldorp Oostzaan,BMW i5,eDrive40 M Sport Edition 84 kWh,2025 | 10 km | Elektrisch,€ 82.672,https://www.dusseldorpbmw.nl/aanbod/bmw-i5-nieuw-edrive40-m-sport-edition-84-kwh-46714840
Dusseldorp Hoorn,BMW 5 Serie,Touring 530e M Sport Edition,2025 | 10 km | Hybrid,€ 83.604,https://www.dusseldorpbmw.nl/aanbod/bmw-5-serie-nieuw-touring-530e-m-sport-edition-46716495
Dusseldorp Apeldoorn,BMW X3,30e xDrive,2025 | 10 km | Hybrid,€ 83.374,https://www.dusseldorpbmw.nl/aanbod/bmw-x3-nieuw-30e-xdrive-46716908
Dusseldorp Rotterdam Noord,BMW 5 Serie,Touring 550e xDrive,2025 | 10 km | Hybrid,€ 120.614,https://www.dusseldorpbmw.nl/aanbod/bmw-5-serie-nieuw-touring-550e-xdrive-46716919
Dusseldorp Schiedam,BMW 5 Serie,Touring 550e xDrive,2025 | 10 km | Hybrid,€ 120.614,https://www.dusseldorpbmw.nl/aanbod/bmw-5-serie-nieuw-touring-550e-xdrive-46716931
Dusseldorp Rotterdam Zuid,BMW 5 Serie,Touring 530e M Sport Pro,2025 | 10 km | Hybrid,€ 91.267,https://www.dusseldorpbmw.nl/aanbod/bmw-5-serie-nieuw-touring-530e-m-sport-pro-46716942
Dusseldorp Hoorn,BMW 5 Serie,Touring 530e,2025 | 10 km | Hybrid,€ 91.267,https://www.dusseldorpbmw.nl/aanbod/bmw-5-serie-nieuw-touring-530e-46716950
Dusseldorp Rotterdam Zuid,BMW 5 Serie,Touring 530e M Sport Pro,2025 | 10 km | Hybrid,€ 102.049,https://www.dusseldorpbmw.nl/aanbod/bmw-5-serie-nieuw-touring-530e-m-sport-pro-46716965
Dusseldorp Schiedam,BMW 5 Serie,Touring 530e,2025 | 10 km | Hybrid,€ 102.049,https://www.dusseldorpbmw.nl/aanbod/bmw-5-serie-nieuw-touring-530e-46716998
Dusseldorp Rotterdam Zuid,BMW i5,Touring eDrive40 M Sport Pro,2025 | 10 km | Elektrisch,€ 93.705,https://www.dusseldorpbmw.nl/aanbod/bmw-i5-nieuw-touring-edrive40-m-sport-pro-46717005
Dusseldorp Apeldoorn,BMW 3 Serie,Touring 330e,2025 | 10 km | Hybrid,€ 75.953,https://www.dusseldorpbmw.nl/aanbod/bmw-3-serie-nieuw-touring-330e-46717036
Dusseldorp Apeldoorn,BMW 3 Serie,Touring 330e,2025 | 10 km | Hybrid,€ 75.953,https://www.dusseldorpbmw.nl/aanbod/bmw-3-serie-nieuw-touring-330e-46717047
Dusseldorp Zwolle,BMW 3 Serie,330e Touring M-Sport Pro Hybrid,2025 | 10 km | Hybrid,€ 73.958,https://www.dusseldorpbmw.nl/aanbod/bmw-3-serie-nieuw-330e-touring-m-sport-pro-hybrid-46717062
Dusseldorp Rotterdam Zuid,BMW i5,eDrive40 M Sport Pro,2025 | 10 km | Elektrisch,€ 85.167,https://www.dusseldorpbmw.nl/aanbod/bmw-i5-nieuw-edrive40-m-sport-pro-46717065
Dusseldorp Apeldoorn,BMW i5,Touring eDrive40 M Sport Pro,2025 | 10 km | Elektrisch,€ 98.887,https://www.dusseldorpbmw.nl/aanbod/bmw-i5-nieuw-touring-edrive40-m-sport-pro-46717080
Dusseldorp Rotterdam Zuid,BMW X5,xDrive50e M Sport Pro - ANGLESEY GREEN,2025 | 10 km | Hybrid,€ 141.848,https://www.dusseldorpbmw.nl/aanbod/bmw-x5-nieuw-xdrive50e-m-sport-pro---anglesey-green-46717091
Dusseldorp Rotterdam Noord,BMW X5,xDrive50e,2025 | 10 km | Hybrid,€ 141.848,https://www.dusseldorpbmw.nl/aanbod/bmw-x5-nieuw-xdrive50e-46717104
Dusseldorp Rotterdam Zuid,BMW M4,CS,2025 | 10 km | Benzine,€ 217.234,https://www.dusseldorpbmw.nl/aanbod/bmw-m4-nieuw-cs-46717117
Dusseldorp Rotterdam Zuid,BMW M3,Competition xDrive Sedan,2025 | 10 km | Benzine,€ 172.912,https://www.dusseldorpbmw.nl/aanbod/bmw-m3-nieuw-competition-xdrive-sedan-46717119
Dusseldorp Oostzaan,BMW i5,Touring eDrive40 M Sport Edition 84 kWh,2025 | 10 km | Elektrisch,€ 82.671,https://www.dusseldorpbmw.nl/aanbod/bmw-i5-nieuw-touring-edrive40-m-sport-edition-84-kwh-46717136
Dusseldorp Oostzaan,BMW X1,xDrive25e,2025 | 10 km | Hybrid,€ 68.851,https://www.dusseldorpbmw.nl/aanbod/bmw-x1-nieuw-xdrive25e-46717140
Dusseldorp Oostzaan,BMW i5,eDrive40 M Sport Edition 84 kWh,2025 | 10 km | Elektrisch,€ 82.672,https://www.dusseldorpbmw.nl/aanbod/bmw-i5-nieuw-edrive40-m-sport-edition-84-kwh-46717153
Dusseldorp Oostzaan,BMW i5,eDrive40 M Sport Edition 84 kWh,2025 | 10 km | Elektrisch,€ 82.672,https://www.dusseldorpbmw.nl/aanbod/bmw-i5-nieuw-edrive40-m-sport-edition-84-kwh-46717170
Dusseldorp Alkmaar,BMW iX1,eDrive20 67 kWh,2025 | 10 km | Elektrisch,€ 62.044,https://www.dusseldorpbmw.nl/aanbod/bmw-ix1-nieuw-edrive20-67-kwh-46717224
Dusseldorp Oostzaan,BMW iX1,eDrive20 67 kWh,2025 | 10 km | Elektrisch,€ 57.000,https://www.dusseldorpbmw.nl/aanbod/bmw-ix1-nieuw-edrive20-67-kwh-46717298
Dusseldorp Schiedam,BMW 2 Serie,Active Tourer 220i,2025 | 10 km | Benzine,€ 63.704,https://www.dusseldorpbmw.nl/aanbod/bmw-2-serie-nieuw-active-tourer-220i-46717339
Dusseldorp Brielle,BMW 1 Serie,120,2025 | 10 km | Benzine,€ 56.183,https://www.dusseldorpbmw.nl/aanbod/bmw-1-serie-nieuw-120-46717359
Dusseldorp Brielle,BMW 3 Serie,Touring 330e,2025 | 10 km | Hybrid,€ 74.659,https://www.dusseldorpbmw.nl/aanbod/bmw-3-serie-nieuw-touring-330e-46717374
Dusseldorp Den Haag,BMW i4,eDrive35 70 kWh,2025 | 10 km | Elektrisch,€ 66.051,https://www.dusseldorpbmw.nl/aanbod/bmw-i4-nieuw-edrive35-70-kwh-46717428
Dusseldorp Zwolle,BMW X3,30e xDrive M-Sport Pro Aut.,2025 | 10 km | Hybrid,€ 87.927,https://www.dusseldorpbmw.nl/aanbod/bmw-x3-nieuw-30e-xdrive-m-sport-pro-aut-46717443
Dusseldorp Den Haag,BMW 3 Serie,Touring 330e,2025 | 10 km | Hybrid,€ 75.260,https://www.dusseldorpbmw.nl/aanbod/bmw-3-serie-nieuw-touring-330e-46717583
Dusseldorp Den Haag,BMW 3 Serie,Touring 330e,2025 | 10 km | Hybrid,€ 75.260,https://www.dusseldorpbmw.nl/aanbod/bmw-3-serie-nieuw-touring-330e-46717587
Dusseldorp Den Haag,BMW 3 Serie,Touring 330e,2025 | 10 km | Hybrid,€ 75.260,https://www.dusseldorpbmw.nl/aanbod/bmw-3-serie-nieuw-touring-330e-46717588
Dusseldorp Den Haag,BMW 3 Serie,Touring 330e,2025 | 10 km | Hybrid,€ 75.260,https://www.dusseldorpbmw.nl/aanbod/bmw-3-serie-nieuw-touring-330e-46717590
Dusseldorp Den Haag,BMW 3 Serie,Touring 330e,2025 | 10 km | Hybrid,€ 75.260,https://www.dusseldorpbmw.nl/aanbod/bmw-3-serie-nieuw-touring-330e-46717670
Dusseldorp Den Haag,BMW i4,eDrive35 M Sport Edition 70 kWh,2025 | 10 km | Elektrisch,€ 70.268,https://www.dusseldorpbmw.nl/aanbod/bmw-i4-nieuw-edrive35-m-sport-edition-70-kwh-46717728
Dusseldorp Zwolle,BMW 2 Serie,218i Gran Coupé Sportline Aut.,2023 | 43347 km | Benzine,€ 29.950,https://www.dusseldorpbmw.nl/aanbod/bmw-2-serie-occasion-218i-gran-coupe-sportline-aut-46718088
Dusseldorp Rotterdam Zuid,BMW X3,30e xDrive M Sport Pro,2025 | 10 km | Hybrid,€ 83.374,https://www.dusseldorpbmw.nl/aanbod/bmw-x3-nieuw-30e-xdrive-m-sport-pro-46732976
Dusseldorp Alkmaar,BMW 3 Serie,Sedan 330e M Sport,2025 | 10 km | Hybrid,€ 65.278,https://www.dusseldorpbmw.nl/aanbod/bmw-3-serie-company-car-sedan-330e-m-sport-46732982
Dusseldorp Rotterdam Noord,BMW 3 Serie,330e,2025 | 10 km | Hybrid,€ 65.278,https://www.dusseldorpbmw.nl/aanbod/bmw-3-serie-nieuw-330e-46733013
Dusseldorp Deventer,BMW 1 Serie,120,2025 | 10 km | Benzine,€ 57.482,https://www.dusseldorpbmw.nl/aanbod/bmw-1-serie-nieuw-120-46733045
Dusseldorp Apeldoorn,BMW 2 Serie,Active Tourer 225e xDrive M Sportpakket - Trekhaak,2025 | 10 km | Hybrid,€ 60.056,https://www.dusseldorpbmw.nl/aanbod/bmw-2-serie-nieuw-active-tourer-225e-xdrive-m-sportpakket---trekhaak-46733059
Dusseldorp Hoorn,BMW 3 Serie,Touring 330e,2025 | 10 km | Hybrid,€ 73.958,https://www.dusseldorpbmw.nl/aanbod/bmw-3-serie-nieuw-touring-330e-46733061
Dusseldorp Deventer,BMW 3 Serie,Touring 330e,2025 | 10 km | Hybrid,€ 73.958,https://www.dusseldorpbmw.nl/aanbod/bmw-3-serie-nieuw-touring-330e-46733072
Dusseldorp Hoorn,BMW i5,eDrive40 M Sport Edition 84 kWh,2025 | 10 km | Elektrisch,€ 85.468,https://www.dusseldorpbmw.nl/aanbod/bmw-i5-nieuw-edrive40-m-sport-edition-84-kwh-46733256
Dusseldorp Schiedam,BMW 5 Serie,Touring 530e M Sport Edition,2025 | 10 km | Hybrid,€ 86.968,https://www.dusseldorpbmw.nl/aanbod/bmw-5-serie-nieuw-touring-530e-m-sport-edition-46733292
Dusseldorp Schiedam,BMW 5 Serie,Touring 530e M Sport Edition,2025 | 10 km | Hybrid,€ 86.968,https://www.dusseldorpbmw.nl/aanbod/bmw-5-serie-nieuw-touring-530e-m-sport-edition-46733327
Dusseldorp Zwolle,BMW X5,xDrive45e High Exe M-Sport Hybrid,2021 | 77538 km | Hybrid,€ 64.950,https://www.dusseldorpbmw.nl/aanbod/bmw-x5-occasion-xdrive45e-high-exe-m-sport-hybrid-46735468
Dusseldorp Den Haag,BMW X3,xDrive30e Business Edition Plus,2023 | 15986 km | Hybrid,€ 57.900,https://www.dusseldorpbmw.nl/aanbod/bmw-x3-occasion-xdrive30e-business-edition-plus-46735559
Dusseldorp Den Haag,BMW M3,Touring xDrive Competition,2025 | 10 km | Benzine,€ 188.244,https://www.dusseldorpbmw.nl/aanbod/bmw-m3-nieuw-touring-xdrive-competition-46735692
Dusseldorp Hoorn,BMW M4,Cabrio xDrive Competition,2025 | 10 km | Benzine,€ 195.218,https://www.dusseldorpbmw.nl/aanbod/bmw-m4-nieuw-cabrio-xdrive-competition-46735775
Dusseldorp Den Haag,BMW M4,Cabrio xDrive Competition,2025 | 10 km | Benzine,€ 195.218,https://www.dusseldorpbmw.nl/aanbod/bmw-m4-nieuw-cabrio-xdrive-competition-46735914
Dusseldorp Zwolle,BMW 1 Serie,120 M-Sport Pro Aut.,2025 | 10 km | Benzine,€ 57.482,https://www.dusseldorpbmw.nl/aanbod/bmw-1-serie-nieuw-120-m-sport-pro-aut-46737471
Dusseldorp Hoorn,BMW i5,eDrive40 M Sport Edition 84 kWh,2025 | 10 km | Elektrisch,€ 82.672,https://www.dusseldorpbmw.nl/aanbod/bmw-i5-nieuw-edrive40-m-sport-edition-84-kwh-46737487
Dusseldorp Zwolle,BMW i5,eDrive40 Sedan M-Sport Edition 84 kWh,2025 | 10 km | Elektrisch,€ 82.672,https://www.dusseldorpbmw.nl/aanbod/bmw-i5-nieuw-edrive40-sedan-m-sport-edition-84-kwh-46737498
Dusseldorp Rotterdam Zuid,BMW iX2,eDrive20 M Sport Pro,2025 | 10 km | Elektrisch,€ 63.273,https://www.dusseldorpbmw.nl/aanbod/bmw-ix2-nieuw-edrive20-m-sport-pro-46737526
Dusseldorp Alkmaar,BMW iX2,eDrive20 67 kWh M Sport Edition,2025 | 10 km | Elektrisch,€ 62.968,https://www.dusseldorpbmw.nl/aanbod/bmw-ix2-nieuw-edrive20-67-kwh-m-sport-edition-46737538
Dusseldorp Hoorn,BMW iX2,eDrive20 67 kWh M Sport Edition,2025 | 10 km | Elektrisch,€ 61.618,https://www.dusseldorpbmw.nl/aanbod/bmw-ix2-nieuw-edrive20-67-kwh-m-sport-edition-46737549
Dusseldorp Alkmaar,BMW i4,eDrive35 M Sport Edition 70 kWh,2025 | 10 km | Elektrisch,€ 71.259,https://www.dusseldorpbmw.nl/aanbod/bmw-i4-nieuw-edrive35-m-sport-edition-70-kwh-46737573
Dusseldorp Deventer,BMW X3,30e xDrive,2025 | 10 km | Hybrid,€ 83.374,https://www.dusseldorpbmw.nl/aanbod/bmw-x3-nieuw-30e-xdrive-46737580
Dusseldorp Hoorn,BMW X3,30e xDrive,2025 | 10 km | Hybrid,€ 83.374,https://www.dusseldorpbmw.nl/aanbod/bmw-x3-nieuw-30e-xdrive-46737590
Dusseldorp Alkmaar,BMW X3,30e xDrive M Sport Pro,2025 | 10 km | Hybrid,€ 84.830,https://www.dusseldorpbmw.nl/aanbod/bmw-x3-nieuw-30e-xdrive-m-sport-pro-46737599
Dusseldorp Rotterdam Zuid,BMW X3,30e xDrive M Sport Pro,2025 | 10 km | Hybrid,€ 85.470,https://www.dusseldorpbmw.nl/aanbod/bmw-x3-nieuw-30e-xdrive-m-sport-pro-46737623
Dusseldorp Brielle,BMW i4,eDrive35 70 kWh,2025 | 10 km | Elektrisch,€ 66.051,https://www.dusseldorpbmw.nl/aanbod/bmw-i4-nieuw-edrive35-70-kwh-46737634
Dusseldorp Alkmaar,BMW iX1,eDrive20 67 kWh,2025 | 10 km | Elektrisch,€ 62.044,https://www.dusseldorpbmw.nl/aanbod/bmw-ix1-nieuw-edrive20-67-kwh-46737646
Dusseldorp Oostzaan,BMW i5,Touring eDrive40 M Sport Edition 84 kWh,2025 | 1600 km | Elektrisch,€ 89.133,https://www.dusseldorpbmw.nl/aanbod/bmw-i5-company-car-touring-edrive40-m-sport-edition-84-kwh-46739235
Dusseldorp Apeldoorn,BMW XM,PHEV 30 kWh,2025 | 10 km | Hybrid,€ 199.783,https://www.dusseldorpbmw.nl/aanbod/bmw-xm-nieuw-phev-30-kwh-46739342
Dusseldorp Oostzaan,BMW X3,xDrive30e Business Edition Plus M Sport,2023 | 39396 km | Hybrid,€ 58.950,https://www.dusseldorpbmw.nl/aanbod/bmw-x3-occasion-xdrive30e-business-edition-plus-m-sport-46739515
Dusseldorp Zwolle,BMW iX,xDrive40 High Exe Sport 77 kWh,2022 | 42121 km | Elektrisch,€ 48.900,https://www.dusseldorpbmw.nl/aanbod/bmw-ix-occasion-xdrive40-high-exe-sport-77-kwh-46743146
Dusseldorp Rotterdam Noord,BMW X5,xDrive50e M Sport,2024 | 15233 km | Hybrid,€ 92.750,https://www.dusseldorpbmw.nl/aanbod/bmw-x5-occasion-xdrive50e-m-sport-46743385
Dusseldorp Deventer,BMW M5,Sedan,2025 | 10 km | Hybrid,€ 168.428,https://www.dusseldorpbmw.nl/aanbod/bmw-m5-nieuw-sedan-46744304
Dusseldorp Den Haag,BMW 3 Serie,Touring 330e,2025 | 10 km | Hybrid,€ 75.961,https://www.dusseldorpbmw.nl/aanbod/bmw-3-serie-nieuw-touring-330e-46754976
Dusseldorp Den Haag,BMW 3 Serie,Touring 330e,2025 | 10 km | Hybrid,€ 75.260,https://www.dusseldorpbmw.nl/aanbod/bmw-3-serie-nieuw-touring-330e-46754977
Dusseldorp Den Haag,BMW 3 Serie,Touring 330e,2025 | 10 km | Hybrid,€ 75.961,https://www.dusseldorpbmw.nl/aanbod/bmw-3-serie-nieuw-touring-330e-46755021
Dusseldorp Den Haag,BMW i4,eDrive35 M Sport Edition 70 kWh,2025 | 10 km | Elektrisch,€ 70.268,https://www.dusseldorpbmw.nl/aanbod/bmw-i4-nieuw-edrive35-m-sport-edition-70-kwh-46755092
Dusseldorp Schiedam,BMW 1 Serie,118i High Executive Edition,2020 | 89576 km | Benzine,€ 23.450,https://www.dusseldorpbmw.nl/aanbod/bmw-1-serie-occasion-118i-high-executive-edition-46755099
Dusseldorp Schiedam,BMW 3 Serie,Touring 330i Executive Edition,2021 | 70614 km | Benzine,€ 39.900,https://www.dusseldorpbmw.nl/aanbod/bmw-3-serie-occasion-touring-330i-executive-edition-46755133
Dusseldorp Den Haag,BMW i4,eDrive35 M Sport Edition 70 kWh,2025 | 10 km | Elektrisch,€ 70.268,https://www.dusseldorpbmw.nl/aanbod/bmw-i4-nieuw-edrive35-m-sport-edition-70-kwh-46755151
Dusseldorp Den Haag,BMW i4,eDrive35 M Sport Edition 70 kWh,2025 | 10 km | Elektrisch,€ 70.268,https://www.dusseldorpbmw.nl/aanbod/bmw-i4-nieuw-edrive35-m-sport-edition-70-kwh-46755183
Dusseldorp Den Haag,BMW i4,eDrive35 M Sport Edition 70 kWh,2025 | 10 km | Elektrisch,€ 70.268,https://www.dusseldorpbmw.nl/aanbod/bmw-i4-nieuw-edrive35-m-sport-edition-70-kwh-46755207
Dusseldorp Den Haag,BMW i4,eDrive35 M Sport Edition 70 kWh,2025 | 10 km | Elektrisch,€ 73.785,https://www.dusseldorpbmw.nl/aanbod/bmw-i4-nieuw-edrive35-m-sport-edition-70-kwh-46755255
Dusseldorp Schiedam,BMW 3 Serie,Touring 320i Executive Edition,2020 | 104676 km | Benzine,€ 31.950,https://www.dusseldorpbmw.nl/aanbod/bmw-3-serie-occasion-touring-320i-executive-edition-46755524
Dusseldorp Schiedam,BMW 2 Serie,Gran Coupé 218i,2024 | 32050 km | Benzine,€ 34.950,https://www.dusseldorpbmw.nl/aanbod/bmw-2-serie-occasion-gran-coupe-218i-46756526
Dusseldorp Schiedam,BMW 5 Serie,520i High Executive,2021 | 113795 km | Benzine,€ 39.950,https://www.dusseldorpbmw.nl/aanbod/bmw-5-serie-occasion-520i-high-executive-46757228
Dusseldorp Rotterdam Noord,BMW X3,30e xDrive M Sport Pro,2025 | 7500 km | Hybrid,€ 86.699,https://www.dusseldorpbmw.nl/aanbod/bmw-x3-company-car-30e-xdrive-m-sport-pro-46758938
Dusseldorp Schiedam,BMW X3,30e xDrive,2025 | 6999 km | Hybrid,€ 87.927,https://www.dusseldorpbmw.nl/aanbod/bmw-x3-company-car-30e-xdrive-46762091
Dusseldorp Schiedam,BMW X3,30e xDrive,2025 | 10 km | Hybrid,€ 87.972,https://www.dusseldorpbmw.nl/aanbod/bmw-x3-nieuw-30e-xdrive-46764136
Dusseldorp Wateringen,BMW X4,xDrive30i M Sport Executive Edition,2020 | 93483 km | Benzine,€ 46.900,https://www.dusseldorpbmw.nl/aanbod/bmw-x4-occasion-xdrive30i-m-sport-executive-edition-46767846
Dusseldorp Den Haag,BMW 5 Serie,530e xDrive Sedan High Executive M-Sport,2023 | 73913 km | Hybrid,€ 48.900,https://www.dusseldorpbmw.nl/aanbod/bmw-5-serie-occasion-530e-xdrive-sedan-high-executive-m-sport-46780014
Dusseldorp Rotterdam Zuid,BMW 5 Serie,Touring 530e High Executive M Sport,2022 | 92684 km | Hybrid,€ 39.950,https://www.dusseldorpbmw.nl/aanbod/bmw-5-serie-occasion-touring-530e-high-executive-m-sport-46781014
Dusseldorp Rotterdam Zuid,BMW iX3,High Executive 80 kWh,2021 | 98934 km | Elektrisch,€ 35.950,https://www.dusseldorpbmw.nl/aanbod/bmw-ix3-occasion-high-executive-80-kwh-46782007
Dusseldorp Apeldoorn,BMW 2 Serie,Gran Coupé 218i M-Sport,2024 | 33426 km | Benzine,€ 35.950,https://www.dusseldorpbmw.nl/aanbod/bmw-2-serie-occasion-gran-coupe-218i-m-sport-46783571
Dusseldorp Den Haag,BMW X5,xDrive50e,2025 | 10 km | Hybrid,€ 136.534,https://www.dusseldorpbmw.nl/aanbod/bmw-x5-nieuw-xdrive50e-46795899
Dusseldorp Zwolle,BMW 2 Serie,225e Active Tourer M-Sport Hybrid,2025 | 10 km | Hybrid,€ 60.056,https://www.dusseldorpbmw.nl/aanbod/bmw-2-serie-nieuw-225e-active-tourer-m-sport-hybrid-46797584
Dusseldorp Rotterdam Zuid,BMW i4,M60 M Sport Pro,2025 | 10 km | Elektrisch,€ 95.734,https://www.dusseldorpbmw.nl/aanbod/bmw-i4-nieuw-m60-m-sport-pro-46797595
Dusseldorp Schiedam,BMW iX2,eDrive20 67 kWh M Sport Edition,2025 | 10 km | Elektrisch,€ 63.273,https://www.dusseldorpbmw.nl/aanbod/bmw-ix2-nieuw-edrive20-67-kwh-m-sport-edition-46797617
Dusseldorp Rotterdam Noord,BMW X3,30e xDrive,2025 | 10 km | Hybrid,€ 85.470,https://www.dusseldorpbmw.nl/aanbod/bmw-x3-nieuw-30e-xdrive-46797648
Dusseldorp Oostzaan,BMW i5,M60 xDrive 84 kWh,2025 | 501 km | Elektrisch,€ 84.900,https://www.dusseldorpbmw.nl/aanbod/bmw-i5-occasion-m60-xdrive-84-kwh-46798777
Dusseldorp Den Haag,BMW 4 Serie,430i Cabrio High Executive M-Sport,2021 | 27645 km | Benzine,€ 55.900,https://www.dusseldorpbmw.nl/aanbod/bmw-4-serie-occasion-430i-cabrio-high-executive-m-sport-46799984
Dusseldorp Wateringen,BMW X1,xDrive25i Sport Line High Executive,2020 | 77787 km | Benzine,€ 32.800,https://www.dusseldorpbmw.nl/aanbod/bmw-x1-occasion-xdrive25i-sport-line-high-executive-46800589
Dusseldorp Schiedam,BMW X1,xDrive25e M-Sport,2023 | 51040 km | Hybrid,€ 45.450,https://www.dusseldorpbmw.nl/aanbod/bmw-x1-occasion-xdrive25e-m-sport-46801287
Dusseldorp Alkmaar,BMW X3,30e xDrive M Sport Pro,2025 | 10 km | Hybrid,€ 87.927,https://www.dusseldorpbmw.nl/aanbod/bmw-x3-nieuw-30e-xdrive-m-sport-pro-46802889
Dusseldorp Schiedam,BMW M3,xDrive Competition,2024 | 18188 km | Benzine,€ 119.950,https://www.dusseldorpbmw.nl/aanbod/bmw-m3-occasion-xdrive-competition-46804205
Dusseldorp Schiedam,BMW X4,M40i,2021 | 17284 km | Benzine,€ 94.950,https://www.dusseldorpbmw.nl/aanbod/bmw-x4-occasion-m40i-46804230
Dusseldorp Schiedam,BMW 2 Serie,Gran Coupé 220i Business Edition,2021 | 75883 km | Benzine,€ 30.900,https://www.dusseldorpbmw.nl/aanbod/bmw-2-serie-occasion-gran-coupe-220i-business-edition-46804285
Dusseldorp Schiedam,BMW 3 Serie,Touring 318i Executive Edition,2021 | 59152 km | Benzine,€ 34.900,https://www.dusseldorpbmw.nl/aanbod/bmw-3-serie-occasion-touring-318i-executive-edition-46806145
Dusseldorp Rotterdam Noord,BMW 3 Serie,Touring 330e,2025 | 10 km | Hybrid,€ 75.154,https://www.dusseldorpbmw.nl/aanbod/bmw-3-serie-nieuw-touring-330e-46814185
Dusseldorp Apeldoorn,BMW iX2,eDrive20 67 kWh M Sport Edition,2025 | 10 km | Elektrisch,€ 63.273,https://www.dusseldorpbmw.nl/aanbod/bmw-ix2-nieuw-edrive20-67-kwh-m-sport-edition-46814209
Dusseldorp Apeldoorn,BMW 5 Serie,530e M Sport Edition,2025 | 10 km | Hybrid,€ 83.163,https://www.dusseldorpbmw.nl/aanbod/bmw-5-serie-nieuw-530e-m-sport-edition-46814227
Dusseldorp Apeldoorn,BMW i4,eDrive35 M Sport Edition 70 kWh,2025 | 10 km | Elektrisch,€ 71.259,https://www.dusseldorpbmw.nl/aanbod/bmw-i4-nieuw-edrive35-m-sport-edition-70-kwh-46814230
Dusseldorp Oostzaan,BMW X5,xDrive50e,2025 | 10 km | Hybrid,€ 135.767,https://www.dusseldorpbmw.nl/aanbod/bmw-x5-nieuw-xdrive50e-46814341
Dusseldorp Apeldoorn,BMW X5,M60i xDrive,2025 | 10 km | Benzine,€ 219.150,https://www.dusseldorpbmw.nl/aanbod/bmw-x5-nieuw-m60i-xdrive-46814356
Dusseldorp Hoorn,BMW X4,xDrive30i,2025 | 10 km | Benzine,€ 112.747,https://www.dusseldorpbmw.nl/aanbod/bmw-x4-nieuw-xdrive30i-46814379
Dusseldorp Rotterdam Noord,BMW 1 Serie,120,2025 | 10 km | Benzine,€ 50.735,https://www.dusseldorpbmw.nl/aanbod/bmw-1-serie-nieuw-120-46814423
Dusseldorp Zwolle,BMW 4 Serie,420i Coupé M-Sport Pro Aut.,2025 | 10 km | Benzine,€ 81.817,https://www.dusseldorpbmw.nl/aanbod/bmw-4-serie-nieuw-420i-coupe-m-sport-pro-aut-46822311
Dusseldorp Den Haag,BMW X2,M35i xDrive,2025 | 10 km | Benzine,€ 103.857,https://www.dusseldorpbmw.nl/aanbod/bmw-x2-nieuw-m35i-xdrive-46822823
Dusseldorp Apeldoorn,BMW iX2,eDrive20 67 kWh M Sport Edition,2025 | 10 km | Elektrisch,€ 63.273,https://www.dusseldorpbmw.nl/aanbod/bmw-ix2-nieuw-edrive20-67-kwh-m-sport-edition-46823872
Dusseldorp Den Haag,BMW X1,xDrive25e,2025 | 10 km | Hybrid,€ 62.551,https://www.dusseldorpbmw.nl/aanbod/bmw-x1-nieuw-xdrive25e-46824028
Dusseldorp Den Haag,BMW X1,xDrive25e,2025 | 10 km | Hybrid,€ 62.551,https://www.dusseldorpbmw.nl/aanbod/bmw-x1-nieuw-xdrive25e-46824035
Dusseldorp Den Haag,BMW X1,xDrive25e,2025 | 10 km | Hybrid,€ 62.551,https://www.dusseldorpbmw.nl/aanbod/bmw-x1-nieuw-xdrive25e-46824058
Dusseldorp Den Haag,BMW X1,xDrive25e,2025 | 10 km | Hybrid,€ 62.551,https://www.dusseldorpbmw.nl/aanbod/bmw-x1-nieuw-xdrive25e-46824096
Dusseldorp Den Haag,BMW X1,xDrive25e,2025 | 10 km | Hybrid,€ 62.551,https://www.dusseldorpbmw.nl/aanbod/bmw-x1-nieuw-xdrive25e-46824153
Dusseldorp Den Haag,BMW X1,xDrive25e,2025 | 10 km | Hybrid,€ 62.551,https://www.dusseldorpbmw.nl/aanbod/bmw-x1-nieuw-xdrive25e-46824171
Dusseldorp Den Haag,BMW X1,xDrive25e,2025 | 10 km | Hybrid,€ 62.551,https://www.dusseldorpbmw.nl/aanbod/bmw-x1-nieuw-xdrive25e-46824175
Dusseldorp Oostzaan,BMW i5,Touring M60 xDrive 84 kWh,2024 | 20516 km | Elektrisch,€ 79.950,https://www.dusseldorpbmw.nl/aanbod/bmw-i5-occasion-touring-m60-xdrive-84-kwh-46825926
Dusseldorp Den Haag,BMW 1 Serie,120,2025 | 10 km | Benzine,€ 51.118,https://www.dusseldorpbmw.nl/aanbod/bmw-1-serie-nieuw-120-46829054
Dusseldorp Den Haag,BMW 1 Serie,120,2025 | 10 km | Benzine,€ 52.168,https://www.dusseldorpbmw.nl/aanbod/bmw-1-serie-nieuw-120-46829210
Dusseldorp Den Haag,BMW 1 Serie,120,2025 | 10 km | Benzine,€ 52.168,https://www.dusseldorpbmw.nl/aanbod/bmw-1-serie-nieuw-120-46829215
Dusseldorp Den Haag,BMW 1 Serie,120,2025 | 10 km | Benzine,€ 52.168,https://www.dusseldorpbmw.nl/aanbod/bmw-1-serie-nieuw-120-46829226
Dusseldorp Den Haag,BMW 1 Serie,120,2025 | 10 km | Benzine,€ 52.168,https://www.dusseldorpbmw.nl/aanbod/bmw-1-serie-nieuw-120-46829283
Dusseldorp Den Haag,BMW 1 Serie,120,2025 | 10 km | Benzine,€ 52.168,https://www.dusseldorpbmw.nl/aanbod/bmw-1-serie-nieuw-120-46829290
Dusseldorp Den Haag,BMW 1 Serie,120,2025 | 10 km | Benzine,€ 52.168,https://www.dusseldorpbmw.nl/aanbod/bmw-1-serie-nieuw-120-46829330
Dusseldorp Den Haag,BMW 1 Serie,120,2025 | 10 km | Benzine,€ 52.168,https://www.dusseldorpbmw.nl/aanbod/bmw-1-serie-nieuw-120-46829346
Dusseldorp Den Haag,BMW 1 Serie,120,2025 | 10 km | Benzine,€ 52.168,https://www.dusseldorpbmw.nl/aanbod/bmw-1-serie-nieuw-120-46829367
Dusseldorp Den Haag,BMW 2 Serie,Active Tourer 225e xDrive,2025 | 10 km | Hybrid,€ 60.056,https://www.dusseldorpbmw.nl/aanbod/bmw-2-serie-nieuw-active-tourer-225e-xdrive-46829531
Dusseldorp Oostzaan,BMW 4 Serie,Cabrio 420i M Sport Pro,2025 | 5 km | Benzine,€ 92.471,https://www.dusseldorpbmw.nl/aanbod/bmw-4-serie-nieuw-cabrio-420i-m-sport-pro-46831419
Dusseldorp Deventer,BMW 2 Serie,Gran Coupé 220 M Sport,2025 | 10 km | Benzine,€ 61.930,https://www.dusseldorpbmw.nl/aanbod/bmw-2-serie-nieuw-gran-coupe-220-m-sport-46831713
Dusseldorp Deventer,BMW 3 Serie,Touring 330e,2025 | 10 km | Hybrid,€ 79.135,https://www.dusseldorpbmw.nl/aanbod/bmw-3-serie-nieuw-touring-330e-46831804
Dusseldorp Zwolle,BMW 3 Serie,330e Touring M-Sport Pro Hybrid,2025 | 10 km | Hybrid,€ 79.135,https://www.dusseldorpbmw.nl/aanbod/bmw-3-serie-nieuw-330e-touring-m-sport-pro-hybrid-46831840
Dusseldorp Hoorn,BMW 3 Serie,Touring 330e,2025 | 10 km | Hybrid,€ 79.135,https://www.dusseldorpbmw.nl/aanbod/bmw-3-serie-nieuw-touring-330e-46831889
Dusseldorp Rotterdam Zuid,BMW 3 Serie,Touring 330e M Sport Pro,2025 | 10 km | Hybrid,€ 79.135,https://www.dusseldorpbmw.nl/aanbod/bmw-3-serie-nieuw-touring-330e-m-sport-pro-46831909
Dusseldorp Alkmaar,BMW 3 Serie,Touring 330e M Sport Pro,2025 | 10 km | Hybrid,€ 79.135,https://www.dusseldorpbmw.nl/aanbod/bmw-3-serie-nieuw-touring-330e-m-sport-pro-46831989
Dusseldorp Schiedam,BMW 3 Serie,Touring 330e,2025 | 10 km | Hybrid,€ 76.542,https://www.dusseldorpbmw.nl/aanbod/bmw-3-serie-nieuw-touring-330e-46832002
Dusseldorp Schiedam,BMW i5,eDrive40 M Sport Edition 84 kWh,2025 | 10 km | Elektrisch,€ 82.672,https://www.dusseldorpbmw.nl/aanbod/bmw-i5-nieuw-edrive40-m-sport-edition-84-kwh-46832054
Dusseldorp Rotterdam Noord,BMW X3,30e xDrive,2025 | 10 km | Hybrid,€ 86.699,https://www.dusseldorpbmw.nl/aanbod/bmw-x3-nieuw-30e-xdrive-46832116
Dusseldorp Alkmaar,BMW X3,30e xDrive,2025 | 10 km | Hybrid,€ 85.470,https://www.dusseldorpbmw.nl/aanbod/bmw-x3-nieuw-30e-xdrive-46832130
Dusseldorp Zwolle,BMW 3 Serie,330e Sedan M-Sport Hybrid,2025 | 10 km | Hybrid,€ 65.278,https://www.dusseldorpbmw.nl/aanbod/bmw-3-serie-nieuw-330e-sedan-m-sport-hybrid-46832219
Dusseldorp Zwolle,BMW iX1,eDrive20 67 kWh M Sport Edition,2025 | 4000 km | Elektrisch,€ 61.058,https://www.dusseldorpbmw.nl/aanbod/bmw-ix1-company-car-edrive20-67-kwh-m-sport-edition-46833216
Dusseldorp Apeldoorn,BMW M5,Sedan,2024 | 15819 km | Hybrid,€ 139.950,https://www.dusseldorpbmw.nl/aanbod/bmw-m5-occasion-sedan-46841446
Dusseldorp Hoorn,BMW i5,M60 xDrive,2025 | 10 km | Elektrisch,€ 96.950,https://www.dusseldorpbmw.nl/aanbod/bmw-i5-occasion-m60-xdrive-46842358
Dusseldorp Alkmaar,BMW X1,18i sDrive M Sport,2023 | 61237 km | Benzine,€ 42.950,https://www.dusseldorpbmw.nl/aanbod/bmw-x1-occasion-18i-sdrive-m-sport-46842465
Dusseldorp Apeldoorn,BMW 4 Serie,Cabrio 420i,2025 | 10 km | Benzine,€ 91.500,https://www.dusseldorpbmw.nl/aanbod/bmw-4-serie-nieuw-cabrio-420i-46844108
Dusseldorp Zwolle,BMW X6M,Competition,2025 | 10 km | Benzine,€ 276.263,https://www.dusseldorpbmw.nl/aanbod/bmw-x6m-nieuw-competition-46844160
Dusseldorp Hoorn,BMW 2 Serie,230e xDrive Active Tourer,2024 | 12797 km | Hybrid,€ 49.950,https://www.dusseldorpbmw.nl/aanbod/bmw-2-serie-occasion-230e-xdrive-active-tourer-46844331
Dusseldorp Hoorn,BMW 3 Serie,330e xDrive,2024 | 13691 km | Hybrid,€ 49.950,https://www.dusseldorpbmw.nl/aanbod/bmw-3-serie-occasion-330e-xdrive-46844362
Dusseldorp Brielle,BMW X3,30e xDrive,2025 | 10 km | Hybrid,€ 86.171,https://www.dusseldorpbmw.nl/aanbod/bmw-x3-nieuw-30e-xdrive-46844499
Dusseldorp Schiedam,BMW 3 Serie,Touring 330e,2025 | 10 km | Hybrid,€ 74.659,https://www.dusseldorpbmw.nl/aanbod/bmw-3-serie-nieuw-touring-330e-46844885
Dusseldorp Apeldoorn,BMW X3,xDrive30e M-Sport - Trekhaak,2023 | 103046 km |,€ 46.950,https://www.dusseldorpbmw.nl/aanbod/bmw-x3-occasion-xdrive30e-m-sport---trekhaak-46845792
Dusseldorp Den Haag,BMW 1 Serie,120,2025 | 10 km | Benzine,€ 51.118,https://www.dusseldorpbmw.nl/aanbod/bmw-1-serie-nieuw-120-46847470
Dusseldorp Den Haag,BMW 1 Serie,120,2025 | 10 km | Benzine,€ 51.118,https://www.dusseldorpbmw.nl/aanbod/bmw-1-serie-nieuw-120-46847473
Dusseldorp Den Haag,BMW 1 Serie,120,2025 | 10 km | Benzine,€ 52.168,https://www.dusseldorpbmw.nl/aanbod/bmw-1-serie-nieuw-120-46847505
Dusseldorp Den Haag,BMW 1 Serie,120,2025 | 10 km | Benzine,€ 52.168,https://www.dusseldorpbmw.nl/aanbod/bmw-1-serie-nieuw-120-46847510
Dusseldorp Den Haag,BMW 2 Serie,Active Tourer 225e xDrive,2025 | 10 km | Hybrid,€ 60.056,https://www.dusseldorpbmw.nl/aanbod/bmw-2-serie-nieuw-active-tourer-225e-xdrive-46847531
Dusseldorp Den Haag,BMW 1 Serie,120,2025 | 10 km | Benzine,€ 53.261,https://www.dusseldorpbmw.nl/aanbod/bmw-1-serie-nieuw-120-46847630
Dusseldorp Schiedam,BMW 3 Serie,Touring 318i,2023 | 40318 km | Benzine,€ 39.900,https://www.dusseldorpbmw.nl/aanbod/bmw-3-serie-occasion-touring-318i-46848122
Dusseldorp Schiedam,BMW X4,M40i,2021 | 13447 km | Benzine,€ 97.950,https://www.dusseldorpbmw.nl/aanbod/bmw-x4-occasion-m40i-46848166
Dusseldorp Den Haag,BMW 1 Serie,120,2025 | 10 km | Benzine,€ 54.895,https://www.dusseldorpbmw.nl/aanbod/bmw-1-serie-nieuw-120-46848317
Dusseldorp Den Haag,BMW 1 Serie,120,2025 | 10 km | Benzine,€ 54.895,https://www.dusseldorpbmw.nl/aanbod/bmw-1-serie-nieuw-120-46848330
Dusseldorp Den Haag,BMW 1 Serie,120,2025 | 10 km | Benzine,€ 53.855,https://www.dusseldorpbmw.nl/aanbod/bmw-1-serie-nieuw-120-46848635
Dusseldorp Den Haag,BMW 1 Serie,120,2025 | 10 km | Benzine,€ 53.855,https://www.dusseldorpbmw.nl/aanbod/bmw-1-serie-nieuw-120-46848638
Dusseldorp Apeldoorn,BMW X5,xDrive50e,2024 | 26224 km | Hybrid,€ 106.950,https://www.dusseldorpbmw.nl/aanbod/bmw-x5-occasion-xdrive50e-46848864
Dusseldorp Schiedam,BMW X3,30e xDrive,2025 | 10 km | Hybrid,€ 83.374,https://www.dusseldorpbmw.nl/aanbod/bmw-x3-nieuw-30e-xdrive-46849490
Dusseldorp Rotterdam Zuid,BMW X1,M35i,2025 | 10 km | Benzine,€ 100.947,https://www.dusseldorpbmw.nl/aanbod/bmw-x1-nieuw-m35i-46849523
Dusseldorp Hoorn,BMW X5,xDrive50e,2025 | 10 km | Hybrid,€ 132.183,https://www.dusseldorpbmw.nl/aanbod/bmw-x5-nieuw-xdrive50e-46849843
Dusseldorp Alkmaar,BMW X5,xDrive50e,2025 | 10 km | Hybrid,€ 132.183,https://www.dusseldorpbmw.nl/aanbod/bmw-x5-nieuw-xdrive50e-46849880
Dusseldorp Zwolle,BMW X5,xDrive50e M-Sport Pro Aut. Hybrid,2025 | 10 km | Hybrid,€ 132.183,https://www.dusseldorpbmw.nl/aanbod/bmw-x5-nieuw-xdrive50e-m-sport-pro-aut-hybrid-46849904
Dusseldorp Brielle,BMW X5,xDrive50e,2025 | 10 km | Hybrid,€ 132.183,https://www.dusseldorpbmw.nl/aanbod/bmw-x5-nieuw-xdrive50e-46849928
Dusseldorp Rotterdam Noord,BMW X5,xDrive50e,2025 | 10 km | Hybrid,€ 132.183,https://www.dusseldorpbmw.nl/aanbod/bmw-x5-nieuw-xdrive50e-46849943
Dusseldorp Schiedam,BMW 1 Serie,118i Executive Edition,2020 | 90251 km | Benzine,€ 24.750,https://www.dusseldorpbmw.nl/aanbod/bmw-1-serie-occasion-118i-executive-edition-46852340
Dusseldorp Den Haag,BMW 3 Serie,Touring 330e,2025 | 10 km | Hybrid,€ 75.260,https://www.dusseldorpbmw.nl/aanbod/bmw-3-serie-nieuw-touring-330e-46865056
Dusseldorp Den Haag,BMW 3 Serie,Touring 330e,2025 | 10 km | Hybrid,€ 75.260,https://www.dusseldorpbmw.nl/aanbod/bmw-3-serie-nieuw-touring-330e-46865117
Dusseldorp Den Haag,BMW 3 Serie,Touring 330e,2025 | 10 km | Hybrid,€ 75.260,https://www.dusseldorpbmw.nl/aanbod/bmw-3-serie-nieuw-touring-330e-46865118
Dusseldorp Den Haag,BMW X1,xDrive25e,2025 | 10 km | Hybrid,€ 62.551,https://www.dusseldorpbmw.nl/aanbod/bmw-x1-nieuw-xdrive25e-46865257
Dusseldorp Den Haag,BMW X1,xDrive25e,2025 | 10 km | Hybrid,€ 62.551,https://www.dusseldorpbmw.nl/aanbod/bmw-x1-nieuw-xdrive25e-46865284
Dusseldorp Den Haag,BMW 3 Serie,Touring 330e,2025 | 10 km | Hybrid,€ 75.260,https://www.dusseldorpbmw.nl/aanbod/bmw-3-serie-nieuw-touring-330e-46865758
Dusseldorp Den Haag,BMW 3 Serie,Touring 330e,2025 | 10 km | Hybrid,€ 75.260,https://www.dusseldorpbmw.nl/aanbod/bmw-3-serie-nieuw-touring-330e-46865761
Dusseldorp Den Haag,BMW 3 Serie,Touring 330e,2025 | 10 km | Hybrid,€ 75.260,https://www.dusseldorpbmw.nl/aanbod/bmw-3-serie-nieuw-touring-330e-46865841
Dusseldorp Hoorn,BMW 3 Serie,Touring 330e,2025 | 10 km | Hybrid,€ 68.511,https://www.dusseldorpbmw.nl/aanbod/bmw-3-serie-nieuw-touring-330e-46871328
Dusseldorp Hoorn,BMW 3 Serie,Touring 330e,2025 | 10 km | Hybrid,€ 69.211,https://www.dusseldorpbmw.nl/aanbod/bmw-3-serie-nieuw-touring-330e-46871365
Dusseldorp Hoorn,BMW i4,eDrive35 M Sport Edition 70 kWh,2025 | 10 km | Elektrisch,€ 65.100,https://www.dusseldorpbmw.nl/aanbod/bmw-i4-nieuw-edrive35-m-sport-edition-70-kwh-46871416
Dusseldorp Hoorn,BMW i4,eDrive35 M Sport Edition 70 kWh,2025 | 10 km | Elektrisch,€ 71.259,https://www.dusseldorpbmw.nl/aanbod/bmw-i4-nieuw-edrive35-m-sport-edition-70-kwh-46871428
Dusseldorp Hoorn,BMW 5 Serie,Touring 530e M Sport Edition,2025 | 10 km | Hybrid,€ 83.604,https://www.dusseldorpbmw.nl/aanbod/bmw-5-serie-nieuw-touring-530e-m-sport-edition-46872234
Dusseldorp Hoorn,BMW i5,Touring eDrive40 M Sport Edition 84 kWh,2025 | 10 km | Elektrisch,€ 84.228,https://www.dusseldorpbmw.nl/aanbod/bmw-i5-nieuw-touring-edrive40-m-sport-edition-84-kwh-46872332
Dusseldorp Hoorn,BMW X1,xDrive30e,2025 | 10 km | Hybrid,€ 72.818,https://www.dusseldorpbmw.nl/aanbod/bmw-x1-nieuw-xdrive30e-46872342
Dusseldorp Hoorn,BMW X1,M35i,2025 | 10 km | Benzine,€ 100.792,https://www.dusseldorpbmw.nl/aanbod/bmw-x1-nieuw-m35i-46872355
Dusseldorp Hoorn,BMW X1,xDrive25e,2025 | 10 km | Hybrid,€ 65.186,https://www.dusseldorpbmw.nl/aanbod/bmw-x1-nieuw-xdrive25e-46872365
Dusseldorp Deventer,BMW iX3,High Executive 80 kWh,2024 | 27862 km | Elektrisch,€ 52.950,https://www.dusseldorpbmw.nl/aanbod/bmw-ix3-occasion-high-executive-80-kwh-46872379
Dusseldorp Oostzaan,BMW 3 Serie,Touring 330e,2025 | 10 km | Hybrid,€ 75.154,https://www.dusseldorpbmw.nl/aanbod/bmw-3-serie-nieuw-touring-330e-46872408
Dusseldorp Oostzaan,BMW 3 Serie,Touring 330e,2025 | 10 km | Hybrid,€ 69.211,https://www.dusseldorpbmw.nl/aanbod/bmw-3-serie-nieuw-touring-330e-46872544
Dusseldorp Oostzaan,BMW 3 Serie,Touring 330e,2025 | 10 km | Hybrid,€ 68.511,https://www.dusseldorpbmw.nl/aanbod/bmw-3-serie-nieuw-touring-330e-46872566
Dusseldorp Den Haag,BMW X1,sDrive20i Orange Edition III,2019 | 51163 km | Benzine,€ 28.900,https://www.dusseldorpbmw.nl/aanbod/bmw-x1-occasion-sdrive20i-orange-edition-iii-46873306
Dusseldorp Oostzaan,BMW X3,30e xDrive,2025 | 10 km | Hybrid,€ 87.911,https://www.dusseldorpbmw.nl/aanbod/bmw-x3-nieuw-30e-xdrive-46873453
Dusseldorp Oostzaan,BMW i4,eDrive35 M Sport Edition 70 kWh,2025 | 10 km | Elektrisch,€ 70.268,https://www.dusseldorpbmw.nl/aanbod/bmw-i4-nieuw-edrive35-m-sport-edition-70-kwh-46873477
Dusseldorp Oostzaan,BMW i4,eDrive35 M Sport Edition 70 kWh,2025 | 10 km | Elektrisch,€ 69.263,https://www.dusseldorpbmw.nl/aanbod/bmw-i4-nieuw-edrive35-m-sport-edition-70-kwh-46873487
Dusseldorp Den Haag,BMW 2 Serie,216i 7p. Gran Tourer Luxury Line,2022 | 78395 km | Benzine,€ 24.450,https://www.dusseldorpbmw.nl/aanbod/bmw-2-serie-occasion-216i-7p-gran-tourer-luxury-line-46876337
Dusseldorp Den Haag,BMW 5 Serie,520i Touring High Executive Edition,2020 | 60971 km | Benzine,€ 35.900,https://www.dusseldorpbmw.nl/aanbod/bmw-5-serie-occasion-520i-touring-high-executive-edition-46877203
Dusseldorp Oostzaan,BMW i4,eDrive35 M Sport Edition 70 kWh,2025 | 10 km | Elektrisch,€ 71.259,https://www.dusseldorpbmw.nl/aanbod/bmw-i4-nieuw-edrive35-m-sport-edition-70-kwh-46880173
Dusseldorp Oostzaan,BMW 5 Serie,Touring 530e M Sport Edition,2025 | 10 km | Hybrid,€ 83.604,https://www.dusseldorpbmw.nl/aanbod/bmw-5-serie-nieuw-touring-530e-m-sport-edition-46880434
Dusseldorp Oostzaan,BMW i5,Touring eDrive40 M Sport Edition 84 kWh,2025 | 10 km | Elektrisch,€ 84.228,https://www.dusseldorpbmw.nl/aanbod/bmw-i5-nieuw-touring-edrive40-m-sport-edition-84-kwh-46880455
Dusseldorp Oostzaan,BMW iX2,eDrive20 67 kWh M Sport Edition,2025 | 10 km | Elektrisch,€ 63.273,https://www.dusseldorpbmw.nl/aanbod/bmw-ix2-nieuw-edrive20-67-kwh-m-sport-edition-46880674
Dusseldorp Oostzaan,BMW iX2,eDrive20 67 kWh M Sport Edition,2025 | 10 km | Elektrisch,€ 66.122,https://www.dusseldorpbmw.nl/aanbod/bmw-ix2-nieuw-edrive20-67-kwh-m-sport-edition-46880691
Dusseldorp Oostzaan,BMW X1,xDrive30e,2025 | 10 km | Hybrid,€ 72.818,https://www.dusseldorpbmw.nl/aanbod/bmw-x1-nieuw-xdrive30e-46880718
Dusseldorp Oostzaan,BMW X1,xDrive25e,2025 | 10 km | Hybrid,€ 64.939,https://www.dusseldorpbmw.nl/aanbod/bmw-x1-nieuw-xdrive25e-46880734
Dusseldorp Oostzaan,BMW X1,xDrive25e,2025 | 10 km | Hybrid,€ 64.939,https://www.dusseldorpbmw.nl/aanbod/bmw-x1-nieuw-xdrive25e-46880760
Dusseldorp Oostzaan,BMW X1,xDrive25e,2025 | 10 km | Hybrid,€ 65.784,https://www.dusseldorpbmw.nl/aanbod/bmw-x1-nieuw-xdrive25e-46880788
Dusseldorp Oostzaan,BMW X1,xDrive25e,2025 | 10 km | Hybrid,€ 63.889,https://www.dusseldorpbmw.nl/aanbod/bmw-x1-nieuw-xdrive25e-46880811
Dusseldorp Oostzaan,BMW X1,xDrive25e,2025 | 10 km | Hybrid,€ 66.739,https://www.dusseldorpbmw.nl/aanbod/bmw-x1-nieuw-xdrive25e-46880828
Dusseldorp Oostzaan,BMW X1,xDrive25e,2025 | 10 km | Hybrid,€ 64.939,https://www.dusseldorpbmw.nl/aanbod/bmw-x1-nieuw-xdrive25e-46880865
Dusseldorp Oostzaan,BMW X1,sDrive20i,2025 | 10 km | Benzine,€ 68.652,https://www.dusseldorpbmw.nl/aanbod/bmw-x1-nieuw-sdrive20i-46880873
Dusseldorp Oostzaan,BMW iX1,eDrive20 67 kWh,2025 | 10 km | Elektrisch,€ 57.000,https://www.dusseldorpbmw.nl/aanbod/bmw-ix1-nieuw-edrive20-67-kwh-46880916
Dusseldorp Apeldoorn,BMW X1,xDrive25e M-Sport - Trekhaak,2025 | 3652 km | Hybrid,€ 68.250,https://www.dusseldorpbmw.nl/aanbod/bmw-x1-occasion-xdrive25e-m-sport---trekhaak-46881080
Dusseldorp Schiedam,BMW X6,M60i xDrive,2024 | 32072 km | Benzine,€ 159.950,https://www.dusseldorpbmw.nl/aanbod/bmw-x6-occasion-m60i-xdrive-46892105
Dusseldorp Schiedam,BMW iX3,Executive 80 kWh,2024 | 22786 km | Elektrisch,€ 51.450,https://www.dusseldorpbmw.nl/aanbod/bmw-ix3-occasion-executive-80-kwh-46894093
Dusseldorp Schiedam,BMW X6,xDrive40i,2024 | 21518 km | Benzine,€ 119.950,https://www.dusseldorpbmw.nl/aanbod/bmw-x6-occasion-xdrive40i-46894601
Dusseldorp Schiedam,BMW 4 Serie,Cabrio M440i xDrive,2024 | 12517 km | Benzine,€ 97.950,https://www.dusseldorpbmw.nl/aanbod/bmw-4-serie-occasion-cabrio-m440i-xdrive-46895749
Dusseldorp Schiedam,BMW X1,xDrive30e,2024 | 12753 km | Hybrid,€ 61.950,https://www.dusseldorpbmw.nl/aanbod/bmw-x1-occasion-xdrive30e-46896576
Dusseldorp Zwolle,BMW X1,xDrive25e M-Sport Hybrid,2025 | 10 km | Hybrid,€ 63.889,https://www.dusseldorpbmw.nl/aanbod/bmw-x1-nieuw-xdrive25e-m-sport-hybrid-46897531
Dusseldorp Zwolle,BMW 3 Serie,330e Touring M-Sport Pro Hybrid,2025 | 10 km | Hybrid,€ 79.135,https://www.dusseldorpbmw.nl/aanbod/bmw-3-serie-nieuw-330e-touring-m-sport-pro-hybrid-46897571
Dusseldorp Zwolle,BMW i5,eDrive40 Touring M-Sport Edition 84 kWh,2025 | 10 km | Elektrisch,€ 84.228,https://www.dusseldorpbmw.nl/aanbod/bmw-i5-nieuw-edrive40-touring-m-sport-edition-84-kwh-46897623
Dusseldorp Zwolle,BMW 3 Serie,330e Touring M-Sport Hybrid,2025 | 10 km | Hybrid,€ 69.211,https://www.dusseldorpbmw.nl/aanbod/bmw-3-serie-nieuw-330e-touring-m-sport-hybrid-46897667
Dusseldorp Zwolle,BMW X1,xDrive25e M-Sport Aut.,2025 | 10 km | Hybrid,€ 65.784,https://www.dusseldorpbmw.nl/aanbod/bmw-x1-nieuw-xdrive25e-m-sport-aut-46897682
Dusseldorp Zwolle,BMW i4,eDrive35 M Sport Edition 70 kWh,2025 | 10 km | Elektrisch,€ 71.259,https://www.dusseldorpbmw.nl/aanbod/bmw-i4-nieuw-edrive35-m-sport-edition-70-kwh-46897716
Dusseldorp Zwolle,BMW 5 Serie,530e Touring M-Sport Edition,2025 | 10 km | Hybrid,€ 83.604,https://www.dusseldorpbmw.nl/aanbod/bmw-5-serie-nieuw-530e-touring-m-sport-edition-46897731
Dusseldorp Zwolle,BMW i4,eDrive35 M Sport Edition 70 kWh,2025 | 10 km | Elektrisch,€ 71.259,https://www.dusseldorpbmw.nl/aanbod/bmw-i4-nieuw-edrive35-m-sport-edition-70-kwh-46897755
Dusseldorp Zwolle,BMW X1,xDrive25e M-Sport Aut.,2025 | 10 km | Hybrid,€ 64.939,https://www.dusseldorpbmw.nl/aanbod/bmw-x1-nieuw-xdrive25e-m-sport-aut-46897765
Dusseldorp Zwolle,BMW X1,sDrive20i M-Sport Aut.,2025 | 10 km | Benzine,€ 67.807,https://www.dusseldorpbmw.nl/aanbod/bmw-x1-nieuw-sdrive20i-m-sport-aut-46897799
Dusseldorp Den Haag,BMW 3 Serie,Touring 330e,2025 | 10 km | Hybrid,€ 75.961,https://www.dusseldorpbmw.nl/aanbod/bmw-3-serie-nieuw-touring-330e-46897960
Dusseldorp Den Haag,BMW 3 Serie,Touring 330e,2025 | 10 km | Hybrid,€ 75.260,https://www.dusseldorpbmw.nl/aanbod/bmw-3-serie-nieuw-touring-330e-46898014
Dusseldorp Den Haag,BMW 3 Serie,Touring 330e,2025 | 10 km | Hybrid,€ 75.260,https://www.dusseldorpbmw.nl/aanbod/bmw-3-serie-nieuw-touring-330e-46898073
Dusseldorp Den Haag,BMW 3 Serie,Touring 330e,2025 | 10 km | Hybrid,€ 75.260,https://www.dusseldorpbmw.nl/aanbod/bmw-3-serie-nieuw-touring-330e-46898080
Dusseldorp Den Haag,BMW 3 Serie,Touring 330e,2025 | 10 km | Hybrid,€ 75.260,https://www.dusseldorpbmw.nl/aanbod/bmw-3-serie-nieuw-touring-330e-46898119
Dusseldorp Den Haag,BMW 3 Serie,Touring 330e,2025 | 10 km | Hybrid,€ 75.260,https://www.dusseldorpbmw.nl/aanbod/bmw-3-serie-nieuw-touring-330e-46898177
Dusseldorp Den Haag,BMW 3 Serie,Touring 330e,2025 | 10 km | Hybrid,€ 75.260,https://www.dusseldorpbmw.nl/aanbod/bmw-3-serie-nieuw-touring-330e-46898204
Dusseldorp Den Haag,BMW 2 Serie,Gran Coupé 220,2025 | 10 km | Benzine,€ 62.075,https://www.dusseldorpbmw.nl/aanbod/bmw-2-serie-nieuw-gran-coupe-220-46898208
Dusseldorp Den Haag,BMW X1,xDrive25e,2025 | 10 km | Hybrid,€ 62.551,https://www.dusseldorpbmw.nl/aanbod/bmw-x1-nieuw-xdrive25e-46898311
Dusseldorp Oostzaan,BMW 3 Serie,330e Touring,2024 | 11814 km | Hybrid,€ 45.950,https://www.dusseldorpbmw.nl/aanbod/bmw-3-serie-occasion-330e-touring-46899498
Dusseldorp Rotterdam Zuid,BMW 2 Serie,Coupé M240i xDrive,2022 | 43896 km | Benzine,€ 57.995,https://www.dusseldorpbmw.nl/aanbod/bmw-2-serie-occasion-coupe-m240i-xdrive-46900753
Dusseldorp Schiedam,BMW X1,xDrive30e,2024 | 14718 km | Hybrid,€ 61.950,https://www.dusseldorpbmw.nl/aanbod/bmw-x1-occasion-xdrive30e-46902403
Dusseldorp Schiedam,BMW 3 Serie,M340i xDrive Sedan,2024 | 8005 km | Benzine,€ 82.950,https://www.dusseldorpbmw.nl/aanbod/bmw-3-serie-occasion-m340i-xdrive-sedan-46903338
Dusseldorp Alkmaar,BMW XM,PHEV 30 kWh,2024 | 15730 km | Hybrid,€ 112.950,https://www.dusseldorpbmw.nl/aanbod/bmw-xm-occasion-phev-30-kwh-46920219
Dusseldorp Alkmaar,BMW iX,xDrive60,2025 | 10 km | Elektrisch,€ 123.895,https://www.dusseldorpbmw.nl/aanbod/bmw-ix-nieuw-xdrive60-46925659
Dusseldorp Schiedam,BMW 1 Serie,118i Business Edition,2022 | 87182 km | Benzine,€ 25.950,https://www.dusseldorpbmw.nl/aanbod/bmw-1-serie-occasion-118i-business-edition-46927137
Dusseldorp Schiedam,BMW 1 Serie,118i Business Edition,2021 | 118020 km | Benzine,€ 24.450,https://www.dusseldorpbmw.nl/aanbod/bmw-1-serie-occasion-118i-business-edition-46927984
Dusseldorp Schiedam,BMW X3,xDrive20i Business Edition Plus,2024 | 27597 km | Benzine,€ 68.950,https://www.dusseldorpbmw.nl/aanbod/bmw-x3-occasion-xdrive20i-business-edition-plus-46931029
Dusseldorp Schiedam,BMW 1 Serie,118i Business Edition,2021 | 72417 km | Benzine,€ 25.450,https://www.dusseldorpbmw.nl/aanbod/bmw-1-serie-occasion-118i-business-edition-46931849
Dusseldorp Den Haag,BMW 3 Serie,Touring 330e,2025 | 10 km | Hybrid,€ 75.961,https://www.dusseldorpbmw.nl/aanbod/bmw-3-serie-nieuw-touring-330e-46932436
Dusseldorp Den Haag,BMW 3 Serie,Touring 330e,2025 | 10 km | Hybrid,€ 75.961,https://www.dusseldorpbmw.nl/aanbod/bmw-3-serie-nieuw-touring-330e-46932453
Dusseldorp Den Haag,BMW 3 Serie,Touring 330e,2025 | 10 km | Hybrid,€ 75.961,https://www.dusseldorpbmw.nl/aanbod/bmw-3-serie-nieuw-touring-330e-46932456
Dusseldorp Den Haag,BMW i4,eDrive40 M Sport Edition 84 kWh,2025 | 10 km | Elektrisch,€ 78.752,https://www.dusseldorpbmw.nl/aanbod/bmw-i4-nieuw-edrive40-m-sport-edition-84-kwh-46932576
Dusseldorp Schiedam,BMW X3,30e xDrive,2025 | 15925 km | Hybrid,€ 73.950,https://www.dusseldorpbmw.nl/aanbod/bmw-x3-occasion-30e-xdrive-46932616
Dusseldorp Schiedam,BMW 2 Serie,Gran Coupé 218i High Executive,2020 | 70070 km | Benzine,€ 27.450,https://www.dusseldorpbmw.nl/aanbod/bmw-2-serie-occasion-gran-coupe-218i-high-executive-46932641
Dusseldorp Den Haag,BMW X1,xDrive25e,2025 | 10 km | Hybrid,€ 69.188,https://www.dusseldorpbmw.nl/aanbod/bmw-x1-nieuw-xdrive25e-46932688
Dusseldorp Den Haag,BMW X1,xDrive25e,2025 | 10 km | Hybrid,€ 69.188,https://www.dusseldorpbmw.nl/aanbod/bmw-x1-nieuw-xdrive25e-46932705
Dusseldorp Den Haag,BMW X1,xDrive25e,2025 | 10 km | Hybrid,€ 69.188,https://www.dusseldorpbmw.nl/aanbod/bmw-x1-nieuw-xdrive25e-46932711
Dusseldorp Den Haag,BMW X1,xDrive25e,2025 | 10 km | Hybrid,€ 69.188,https://www.dusseldorpbmw.nl/aanbod/bmw-x1-nieuw-xdrive25e-46932713
Dusseldorp Den Haag,BMW X1,xDrive25e,2025 | 10 km | Hybrid,€ 62.551,https://www.dusseldorpbmw.nl/aanbod/bmw-x1-nieuw-xdrive25e-46932746
Dusseldorp Den Haag,BMW X1,xDrive25e,2025 | 10 km | Hybrid,€ 68.137,https://www.dusseldorpbmw.nl/aanbod/bmw-x1-nieuw-xdrive25e-46932812
Dusseldorp Den Haag,BMW X1,xDrive25e,2025 | 10 km | Hybrid,€ 68.137,https://www.dusseldorpbmw.nl/aanbod/bmw-x1-nieuw-xdrive25e-46932884
Dusseldorp Den Haag,BMW X2,sDrive20i,2025 | 10 km | Benzine,€ 74.686,https://www.dusseldorpbmw.nl/aanbod/bmw-x2-nieuw-sdrive20i-46932976
Dusseldorp Den Haag,BMW X2,sDrive20i,2025 | 10 km | Benzine,€ 74.686,https://www.dusseldorpbmw.nl/aanbod/bmw-x2-nieuw-sdrive20i-46932999
Dusseldorp Den Haag,BMW X3,30e xDrive,2025 | 10 km | Hybrid,€ 84.599,https://www.dusseldorpbmw.nl/aanbod/bmw-x3-nieuw-30e-xdrive-46933058
Dusseldorp Den Haag,BMW X3,30e xDrive,2025 | 10 km | Hybrid,€ 84.599,https://www.dusseldorpbmw.nl/aanbod/bmw-x3-nieuw-30e-xdrive-46933077
Dusseldorp Den Haag,BMW X3,30e xDrive,2025 | 10 km | Hybrid,€ 84.599,https://www.dusseldorpbmw.nl/aanbod/bmw-x3-nieuw-30e-xdrive-46933084
Dusseldorp Den Haag,BMW X3,30e xDrive,2025 | 10 km | Hybrid,€ 82.159,https://www.dusseldorpbmw.nl/aanbod/bmw-x3-nieuw-30e-xdrive-46933104
Dusseldorp Zwolle,BMW M3,Touring xDrive Competition,2025 | 10 km | Benzine,€ 187.543,https://www.dusseldorpbmw.nl/aanbod/bmw-m3-nieuw-touring-xdrive-competition-46933460
Dusseldorp Rotterdam Zuid,BMW 3 Serie,330e xDrive M Sport Pro,2024 | 23925 km | Hybrid,€ 47.950,https://www.dusseldorpbmw.nl/aanbod/bmw-3-serie-occasion-330e-xdrive-m-sport-pro-46933680
Dusseldorp Rotterdam Noord,BMW 3 Serie,Touring 330e,2025 | 10 km | Hybrid,€ 69.211,https://www.dusseldorpbmw.nl/aanbod/bmw-3-serie-nieuw-touring-330e-46934423
Dusseldorp Oostzaan,BMW X3,xDrive30e eDrive Edition,2021 | 68020 km | Hybrid,€ 43.450,https://www.dusseldorpbmw.nl/aanbod/bmw-x3-occasion-xdrive30e-edrive-edition-46935545
Dusseldorp Alkmaar,BMW 3 Serie,Sedan 320i High Executive M Sport,2021 | 80477 km | Benzine,€ 36.950,https://www.dusseldorpbmw.nl/aanbod/bmw-3-serie-occasion-sedan-320i-high-executive-m-sport-46935588
Dusseldorp Schiedam,BMW 2 Serie,Gran Coupé 218i,2023 | 38000 km | Benzine,€ 35.950,https://www.dusseldorpbmw.nl/aanbod/bmw-2-serie-occasion-gran-coupe-218i-46938336
Dusseldorp Zwolle,BMW iX3,High Executive Edition 80 kWh,2022 | 82389 km | Elektrisch,€ 41.450,https://www.dusseldorpbmw.nl/aanbod/bmw-ix3-occasion-high-executive-edition-80-kwh-46946612
Dusseldorp Apeldoorn,BMW 3 Serie,330e,2025 | 10 km | Hybrid,€ 65.278,https://www.dusseldorpbmw.nl/aanbod/bmw-3-serie-nieuw-330e-46947150
Dusseldorp Apeldoorn,BMW 3 Serie,Touring 330e,2025 | 10 km | Hybrid,€ 79.291,https://www.dusseldorpbmw.nl/aanbod/bmw-3-serie-nieuw-touring-330e-46947158
Dusseldorp Brielle,BMW 3 Serie,330e,2025 | 10 km | Hybrid,€ 65.278,https://www.dusseldorpbmw.nl/aanbod/bmw-3-serie-nieuw-330e-46947190
Dusseldorp Brielle,BMW 3 Serie,Touring 330e,2025 | 10 km | Hybrid,€ 68.511,https://www.dusseldorpbmw.nl/aanbod/bmw-3-serie-nieuw-touring-330e-46947196
Dusseldorp Brielle,BMW iX1,eDrive20 67 kWh,2025 | 10 km | Elektrisch,€ 62.044,https://www.dusseldorpbmw.nl/aanbod/bmw-ix1-nieuw-edrive20-67-kwh-46947222
Dusseldorp Brielle,BMW X3,30e xDrive,2025 | 10 km | Hybrid,€ 87.911,https://www.dusseldorpbmw.nl/aanbod/bmw-x3-nieuw-30e-xdrive-46947260
Dusseldorp Den Haag,BMW X3,30e xDrive M-Sport Pro Hybrid,2025 | 10 km | Hybrid,€ 83.374,https://www.dusseldorpbmw.nl/aanbod/bmw-x3-nieuw-30e-xdrive-m-sport-pro-hybrid-46947350
Dusseldorp Den Haag,BMW 1 Serie,120,2025 | 10 km | Benzine,€ 50.735,https://www.dusseldorpbmw.nl/aanbod/bmw-1-serie-nieuw-120-46947361
Dusseldorp Den Haag,BMW i4,eDrive35 70 kWh,2025 | 10 km | Elektrisch,€ 66.051,https://www.dusseldorpbmw.nl/aanbod/bmw-i4-nieuw-edrive35-70-kwh-46947375
Dusseldorp Deventer,BMW X3,M50,2025 | 10 km | Benzine,€ 122.703,https://www.dusseldorpbmw.nl/aanbod/bmw-x3-nieuw-m50-46947381
Dusseldorp Zwolle,BMW i4,eDrive35 M Sport Edition 70 kWh,2025 | 10 km | Elektrisch,€ 70.268,https://www.dusseldorpbmw.nl/aanbod/bmw-i4-nieuw-edrive35-m-sport-edition-70-kwh-46947471
Dusseldorp Alkmaar,BMW XM,PHEV 50e 30 kWh,2025 | 10 km | Hybrid,€ 144.771,https://www.dusseldorpbmw.nl/aanbod/bmw-xm-nieuw-phev-50e-30-kwh-46947500
Dusseldorp Alkmaar,BMW X5,xDrive50e,2025 | 10 km | Hybrid,€ 135.767,https://www.dusseldorpbmw.nl/aanbod/bmw-x5-nieuw-xdrive50e-46947508
Dusseldorp Apeldoorn,BMW X5,xDrive50e,2025 | 10 km | Hybrid,€ 132.183,https://www.dusseldorpbmw.nl/aanbod/bmw-x5-nieuw-xdrive50e-46947511
Dusseldorp Apeldoorn,BMW 3 Serie,330e,2025 | 10 km | Hybrid,€ 63.997,https://www.dusseldorpbmw.nl/aanbod/bmw-3-serie-nieuw-330e-46947522
Dusseldorp Brielle,BMW X5,xDrive50e,2025 | 10 km | Hybrid,€ 136.967,https://www.dusseldorpbmw.nl/aanbod/bmw-x5-nieuw-xdrive50e-46947532
Dusseldorp Deventer,BMW X5,xDrive50e,2025 | 10 km | Hybrid,€ 132.183,https://www.dusseldorpbmw.nl/aanbod/bmw-x5-nieuw-xdrive50e-46947667
Dusseldorp Deventer,BMW X5,xDrive50e,2025 | 10 km | Hybrid,€ 135.767,https://www.dusseldorpbmw.nl/aanbod/bmw-x5-nieuw-xdrive50e-46947672
Dusseldorp Deventer,BMW X5,xDrive50e,2025 | 10 km | Hybrid,€ 135.767,https://www.dusseldorpbmw.nl/aanbod/bmw-x5-nieuw-xdrive50e-46947693
Dusseldorp Oostzaan,BMW XM,PHEV Label Red 30 kWh,2025 | 10 km | Hybrid,€ 219.864,https://www.dusseldorpbmw.nl/aanbod/bmw-xm-nieuw-phev-label-red-30-kwh-46947696
Dusseldorp Oostzaan,BMW X5,xDrive50e,2025 | 10 km | Hybrid,€ 132.183,https://www.dusseldorpbmw.nl/aanbod/bmw-x5-nieuw-xdrive50e-46947701
Dusseldorp Oostzaan,BMW X5,xDrive50e,2025 | 10 km | Hybrid,€ 132.183,https://www.dusseldorpbmw.nl/aanbod/bmw-x5-nieuw-xdrive50e-46947712
Dusseldorp Oostzaan,BMW X7,M60i xDrive,2025 | 10 km | Benzine,€ 250.024,https://www.dusseldorpbmw.nl/aanbod/bmw-x7-nieuw-m60i-xdrive-46947720
Dusseldorp Rotterdam Noord,BMW 1 Serie,120,2025 | 10 km | Benzine,€ 62.841,https://www.dusseldorpbmw.nl/aanbod/bmw-1-serie-nieuw-120-46947729
Dusseldorp Rotterdam Zuid,BMW X1,xDrive25e M Sport Pro,2025 | 10 km | Hybrid,€ 67.818,https://www.dusseldorpbmw.nl/aanbod/bmw-x1-nieuw-xdrive25e-m-sport-pro-46947746
Dusseldorp Schiedam,BMW X5,xDrive50e,2025 | 10 km | Hybrid,€ 132.183,https://www.dusseldorpbmw.nl/aanbod/bmw-x5-nieuw-xdrive50e-46947765
Dusseldorp Schiedam,BMW XM,PHEV 50e 30 kWh,2025 | 10 km | Hybrid,€ 144.771,https://www.dusseldorpbmw.nl/aanbod/bmw-xm-nieuw-phev-50e-30-kwh-46947800
Dusseldorp Schiedam,BMW X5,xDrive50e,2025 | 10 km | Hybrid,€ 135.767,https://www.dusseldorpbmw.nl/aanbod/bmw-x5-nieuw-xdrive50e-46947828
Dusseldorp Schiedam,BMW Z4,sDrive20i,2025 | 10 km | Benzine,€ 84.271,https://www.dusseldorpbmw.nl/aanbod/bmw-z4-nieuw-sdrive20i-46947838
Dusseldorp Zwolle,BMW XM,PHEV Label Red 30 kWh,2025 | 10 km | Hybrid,€ 220.141,https://www.dusseldorpbmw.nl/aanbod/bmw-xm-nieuw-phev-label-red-30-kwh-46947843
Dusseldorp Zwolle,BMW X3,30e xDrive M-Sport Pro Hybrid,2025 | 10 km | Hybrid,€ 84.830,https://www.dusseldorpbmw.nl/aanbod/bmw-x3-nieuw-30e-xdrive-m-sport-pro-hybrid-46947853
Dusseldorp Zwolle,BMW X3,30e xDrive M-Sport Pro Hybrid,2025 | 10 km | Hybrid,€ 84.830,https://www.dusseldorpbmw.nl/aanbod/bmw-x3-nieuw-30e-xdrive-m-sport-pro-hybrid-46947863
Dusseldorp Zwolle,BMW X3,30e xDrive M-Sport Pro Hybrid,2025 | 10 km | Hybrid,€ 84.830,https://www.dusseldorpbmw.nl/aanbod/bmw-x3-nieuw-30e-xdrive-m-sport-pro-hybrid-46947868
Dusseldorp Zwolle,BMW X3,30e xDrive M-Sport Pro Hybrid,2025 | 10 km | Hybrid,€ 85.531,https://www.dusseldorpbmw.nl/aanbod/bmw-x3-nieuw-30e-xdrive-m-sport-pro-hybrid-46947874
Dusseldorp Zwolle,BMW X5,xDrive50e M-Sport Pro Hybrid,2025 | 10 km | Hybrid,€ 135.767,https://www.dusseldorpbmw.nl/aanbod/bmw-x5-nieuw-xdrive50e-m-sport-pro-hybrid-46947881
Dusseldorp Apeldoorn,BMW 4 Serie,Coupé 430i High Executive,2023 | 38724 km | Benzine,€ 46.450,https://www.dusseldorpbmw.nl/aanbod/bmw-4-serie-occasion-coupe-430i-high-executive-46948130
Dusseldorp Rotterdam Zuid,BMW 3 Serie,320e M Sport,2023 | 51184 km | Hybrid,€ 39.850,https://www.dusseldorpbmw.nl/aanbod/bmw-3-serie-occasion-320e-m-sport-46949475
Dusseldorp Rotterdam Noord,BMW 2 Serie,Gran Coupé 220 M Sport Pro,2025 | 7500 km | Benzine,€ 58.289,https://www.dusseldorpbmw.nl/aanbod/bmw-2-serie-company-car-gran-coupe-220-m-sport-pro-46949529
Dusseldorp Zwolle,BMW i3,Dark Shadow Edit 120Ah 42 kWh,2020 | 100409 km | Elektrisch,€ 18.450,https://www.dusseldorpbmw.nl/aanbod/bmw-i3-occasion-dark-shadow-edit-120ah-42-kwh-46951307
Dusseldorp Den Haag,BMW 4 Serie,440i Gran Coupé High Executive M-Sport,2018 | 80792 km | Benzine,€ 38.900,https://www.dusseldorpbmw.nl/aanbod/bmw-4-serie-occasion-440i-gran-coupe-high-executive-m-sport-46954419
Dusseldorp Zwolle,BMW X5,xDrive50e M-Sport Pro Hybrid,2024 | 20042 km | Hybrid,€ 104.950,https://www.dusseldorpbmw.nl/aanbod/bmw-x5-occasion-xdrive50e-m-sport-pro-hybrid-46956261
Dusseldorp Alkmaar,BMW X5,xDrive50e M Sport Pro,2025 | 14735 km | Hybrid,€ 112.950,https://www.dusseldorpbmw.nl/aanbod/bmw-x5-occasion-xdrive50e-m-sport-pro-46956347
Dusseldorp Zwolle,BMW 3 Serie,330e Touring Sportline Aut.,2022 | 99951 km | Hybrid,€ 33.900,https://www.dusseldorpbmw.nl/aanbod/bmw-3-serie-occasion-330e-touring-sportline-aut-46956751
Dusseldorp Alkmaar,BMW 1 Serie,118i Executive M Sport,2020 | 66783 km | Benzine,€ 24.950,https://www.dusseldorpbmw.nl/aanbod/bmw-1-serie-occasion-118i-executive-m-sport-46957308
Dusseldorp Alkmaar,BMW i4,M50 High Executive 84 kWh,2022 | 93698 km | Elektrisch,€ 44.950,https://www.dusseldorpbmw.nl/aanbod/bmw-i4-occasion-m50-high-executive-84-kwh-46957333
Dusseldorp Den Haag,BMW 5 Serie,530i High Executive Luxury Line,2023 | 40956 km | Benzine,€ 48.900,https://www.dusseldorpbmw.nl/aanbod/bmw-5-serie-occasion-530i-high-executive-luxury-line-46958671
Dusseldorp Schiedam,BMW X3,xDrive20i High Executive Edition,2021 | 68330 km | Benzine,€ 47.900,https://www.dusseldorpbmw.nl/aanbod/bmw-x3-occasion-xdrive20i-high-executive-edition-46968544
Dusseldorp Den Haag,BMW X5,xDrive40i - 7-persoons,2025 | 10 km | Benzine,€ 163.732,https://www.dusseldorpbmw.nl/aanbod/bmw-x5-nieuw-xdrive40i---7-persoons-46969470
Dusseldorp Den Haag,BMW X5,xDrive40i - 7-persoons,2025 | 10 km | Benzine,€ 165.511,https://www.dusseldorpbmw.nl/aanbod/bmw-x5-nieuw-xdrive40i---7-persoons-46969564
Dusseldorp Den Haag,BMW i4,eDrive35 70 kWh,2025 | 10 km | Elektrisch,€ 66.051,https://www.dusseldorpbmw.nl/aanbod/bmw-i4-nieuw-edrive35-70-kwh-46969682
Dusseldorp Wateringen,BMW 2 Serie,Gran Tourer 216i 7p. Luxury Line,2022 | 54261 km | Benzine,€ 23.950,https://www.dusseldorpbmw.nl/aanbod/bmw-2-serie-occasion-gran-tourer-216i-7p-luxury-line-46970644
Dusseldorp Zwolle,BMW X3,30e xDrive M-Sport,2025 | 6999 km | Hybrid,€ 83.900,https://www.dusseldorpbmw.nl/aanbod/bmw-x3-company-car-30e-xdrive-m-sport-46974242
Dusseldorp Schiedam,BMW X5,xDrive50e M-Sport,2024 | 20533 km | Hybrid,€ 102.900,https://www.dusseldorpbmw.nl/aanbod/bmw-x5-occasion-xdrive50e-m-sport-46975851
Dusseldorp Zwolle,BMW X5,xDrive45e High Exe M-Sport,2021 | 75407 km | Hybrid,€ 54.950,https://www.dusseldorpbmw.nl/aanbod/bmw-x5-occasion-xdrive45e-high-exe-m-sport-46977570
Dusseldorp Schiedam,BMW X3,xDrive30e,2024 | 24885 km | Hybrid,€ 68.950,https://www.dusseldorpbmw.nl/aanbod/bmw-x3-occasion-xdrive30e-46977828
Dusseldorp Oostzaan,BMW X1,M35i,2025 | 10 km | Benzine,€ 100.573,https://www.dusseldorpbmw.nl/aanbod/bmw-x1-nieuw-m35i-46987004
Dusseldorp Zwolle,BMW X5,xDrive40i High Exe M-Sport,2019 | 95620 km | Benzine,€ 57.450,https://www.dusseldorpbmw.nl/aanbod/bmw-x5-occasion-xdrive40i-high-exe-m-sport-46987450
Dusseldorp Schiedam,BMW X3,30e xDrive,2025 | 15921 km | Hybrid,€ 73.950,https://www.dusseldorpbmw.nl/aanbod/bmw-x3-occasion-30e-xdrive-46993287
Dusseldorp Brielle,BMW iX,M60 High Executive 112 kWh,2024 | 10069 km | Elektrisch,€ 84.450,https://www.dusseldorpbmw.nl/aanbod/bmw-ix-occasion-m60-high-executive-112-kwh-46995159
Dusseldorp Rotterdam Zuid,BMW 4 Serie,Coupé 420i High Executive,2021 | 51854 km | Benzine,€ 39.950,https://www.dusseldorpbmw.nl/aanbod/bmw-4-serie-occasion-coupe-420i-high-executive-46996438
Dusseldorp Schiedam,BMW 4 Serie,Cabrio M440i xDrive,2024 | 11364 km | Benzine,€ 97.950,https://www.dusseldorpbmw.nl/aanbod/bmw-4-serie-occasion-cabrio-m440i-xdrive-46997443
Dusseldorp Schiedam,BMW X3,30e xDrive,2025 | 11724 km | Hybrid,€ 73.950,https://www.dusseldorpbmw.nl/aanbod/bmw-x3-occasion-30e-xdrive-46998802
Dusseldorp Deventer,BMW 2 Serie,218i,2024 | 19473 km | Benzine,€ 36.750,https://www.dusseldorpbmw.nl/aanbod/bmw-2-serie-occasion-218i-47010624
Dusseldorp Deventer,BMW 2 Serie,218i,2024 | 18921 km | Benzine,€ 36.750,https://www.dusseldorpbmw.nl/aanbod/bmw-2-serie-occasion-218i-47010920
Dusseldorp Rotterdam Zuid,BMW M4,GTS Coupé,2016 | 7718 km | Benzine,€ 104.950,https://www.dusseldorpbmw.nl/aanbod/bmw-m4-occasion-gts-coupe-47011799
Dusseldorp Deventer,BMW 1 Serie,118i Business Edition,2022 | 69695 km | Benzine,€ 27.950,https://www.dusseldorpbmw.nl/aanbod/bmw-1-serie-occasion-118i-business-edition-47013952
Dusseldorp Schiedam,BMW 1 Serie,120,2024 | 26123 km | Benzine,€ 37.450,https://www.dusseldorpbmw.nl/aanbod/bmw-1-serie-occasion-120-47018473
Dusseldorp Rotterdam Zuid,BMW X5,xDrive50e M Sport Pro,2025 | 10 km | Hybrid,€ 135.767,https://www.dusseldorpbmw.nl/aanbod/bmw-x5-nieuw-xdrive50e-m-sport-pro-47018943
Dusseldorp Den Haag,BMW X5,xDrive40i - 7-persoons,2025 | 10 km | Benzine,€ 163.305,https://www.dusseldorpbmw.nl/aanbod/bmw-x5-nieuw-xdrive40i---7-persoons-47020703
Dusseldorp Zwolle,BMW i4,eDrive35 M-Sport Edition 70 kWh,2025 | 10 km | Elektrisch,€ 68.198,https://www.dusseldorpbmw.nl/aanbod/bmw-i4-nieuw-edrive35-m-sport-edition-70-kwh-47022211
Dusseldorp Wateringen,BMW X1,xDrive25e xLine eDrive Edition,2021 | 72914 km | Hybrid,€ 30.900,https://www.dusseldorpbmw.nl/aanbod/bmw-x1-occasion-xdrive25e-xline-edrive-edition-47022739
Dusseldorp Brielle,BMW X5,xDrive45e High Executive,2022 | 97766 km |,€ 65.950,https://www.dusseldorpbmw.nl/aanbod/bmw-x5-occasion-xdrive45e-high-executive-47035725
Dusseldorp Deventer,BMW 3-serie,330e,2025 | 4000 km | Hybrid,€ 71.304,https://www.dusseldorpbmw.nl/aanbod/bmw-3-serie-company-car-330e-47039958
Dusseldorp Rotterdam Zuid,BMW X1,xDrive23i M Sport Pro,2024 | 28870 km | Benzine,€ 60.950,https://www.dusseldorpbmw.nl/aanbod/bmw-x1-occasion-xdrive23i-m-sport-pro-47047455
Dusseldorp Rotterdam Zuid,BMW 1 Serie,120 M Sport Pro,2025 | 7500 km | Benzine,€ 57.482,https://www.dusseldorpbmw.nl/aanbod/bmw-1-serie-company-car-120-m-sport-pro-47048523
Dusseldorp Apeldoorn,BMW X5,M Competition - Drivers Pack,2020 | 125365 km | Benzine,€ 87.700,https://www.dusseldorpbmw.nl/aanbod/bmw-x5-occasion-m-competition---drivers-pack-47049404
Dusseldorp Schiedam,BMW i3,S Executive Edition 120Ah 42 kWh,2020 | 90782 km | Elektrisch,€ 19.450,https://www.dusseldorpbmw.nl/aanbod/bmw-i3-occasion-s-executive-edition-120ah-42-kwh-47055445
Dusseldorp Den Haag,BMW 1 Serie,118i Executive Edition,2020 | 69427 km | Benzine,€ 22.900,https://www.dusseldorpbmw.nl/aanbod/bmw-1-serie-occasion-118i-executive-edition-47055686
Dusseldorp Den Haag,BMW 3 Serie,318i M-Sport High Executive,2021 | 54865 km | Benzine,€ 34.900,https://www.dusseldorpbmw.nl/aanbod/bmw-3-serie-occasion-318i-m-sport-high-executive-47056896
Dusseldorp Den Haag,BMW 5 Serie,520i High Executive,2021 | 93301 km | Benzine,€ 37.900,https://www.dusseldorpbmw.nl/aanbod/bmw-5-serie-occasion-520i-high-executive-47057194
Dusseldorp Den Haag,BMW i3,Executive Edition 120Ah 42 kWh,2020 | 80810 km | Elektrisch,€ 20.900,https://www.dusseldorpbmw.nl/aanbod/bmw-i3-occasion-executive-edition-120ah-42-kwh-47064156
Dusseldorp Zwolle,BMW i4,eDrive40 84 kWh,2022 | 70163 km | Elektrisch,€ 38.500,https://www.dusseldorpbmw.nl/aanbod/bmw-i4-occasion-edrive40-84-kwh-47068911
Dusseldorp Rotterdam Zuid,BMW 3 Serie,Touring 330e xDrive M Sport Pro,2024 | 28223 km | Hybrid,€ 54.950,https://www.dusseldorpbmw.nl/aanbod/bmw-3-serie-occasion-touring-330e-xdrive-m-sport-pro-47069004
Dusseldorp Deventer,BMW iX1,eDrive20 67 kWh,2024 | 18701 km | Elektrisch,€ 40.950,https://www.dusseldorpbmw.nl/aanbod/bmw-ix1-occasion-edrive20-67-kwh-47070479
Dusseldorp Zwolle,BMW 8 Serie,840i xDrive Cabriolet M-Sport Pro,2025 | 14258 km | Benzine,€ 114.950,https://www.dusseldorpbmw.nl/aanbod/bmw-8-serie-occasion-840i-xdrive-cabriolet-m-sport-pro-47074784
Dusseldorp Den Haag,BMW 2 Serie,218i Gran Coupé Business Edition,2021 | 31079 km | Benzine,€ 26.900,https://www.dusseldorpbmw.nl/aanbod/bmw-2-serie-occasion-218i-gran-coupe-business-edition-47083847
Dusseldorp Den Haag,BMW 2 Serie,Active Tourer 225e xDrive,2025 | 10 km | Hybrid,€ 60.056,https://www.dusseldorpbmw.nl/aanbod/bmw-2-serie-nieuw-active-tourer-225e-xdrive-47084157
Dusseldorp Den Haag,BMW X5,xDrive50e,2025 | 10 km | Hybrid,€ 137.815,https://www.dusseldorpbmw.nl/aanbod/bmw-x5-nieuw-xdrive50e-47084194
Dusseldorp Den Haag,BMW X7,xDrive40i,2025 | 10 km | Benzine,€ 175.095,https://www.dusseldorpbmw.nl/aanbod/bmw-x7-nieuw-xdrive40i-47084217
Dusseldorp Rotterdam Zuid,BMW 5 Serie,Touring 530e M Sport Pro,2025 | 10 km | Hybrid,€ 83.604,https://www.dusseldorpbmw.nl/aanbod/bmw-5-serie-nieuw-touring-530e-m-sport-pro-47085629
Dusseldorp Rotterdam Zuid,BMW 3 Serie,Touring 330e M Sport Pro,2025 | 10 km | Hybrid,€ 79.135,https://www.dusseldorpbmw.nl/aanbod/bmw-3-serie-nieuw-touring-330e-m-sport-pro-47085638
Dusseldorp Rotterdam Zuid,BMW X1,xDrive30e M Sport Pro,2025 | 10 km | Hybrid,€ 72.177,https://www.dusseldorpbmw.nl/aanbod/bmw-x1-nieuw-xdrive30e-m-sport-pro-47085643
Dusseldorp Rotterdam Zuid,BMW iX2,eDrive20 M Sport,2025 | 10 km | Elektrisch,€ 57.552,https://www.dusseldorpbmw.nl/aanbod/bmw-ix2-nieuw-edrive20-m-sport-47085645
Dusseldorp Rotterdam Zuid,BMW iX2,eDrive20 M Sport,2025 | 10 km | Elektrisch,€ 57.552,https://www.dusseldorpbmw.nl/aanbod/bmw-ix2-nieuw-edrive20-m-sport-47085656
Dusseldorp Rotterdam Zuid,BMW X1,xDrive25e M Sport,2025 | 10 km | Hybrid,€ 64.939,https://www.dusseldorpbmw.nl/aanbod/bmw-x1-nieuw-xdrive25e-m-sport-47085659
Dusseldorp Rotterdam Zuid,BMW X1,sDrive20i M Sport,2025 | 10 km | Benzine,€ 67.807,https://www.dusseldorpbmw.nl/aanbod/bmw-x1-nieuw-sdrive20i-m-sport-47085664
Dusseldorp Rotterdam Zuid,BMW i4,eDrive35 M Sport Pro,2025 | 10 km | Elektrisch,€ 70.268,https://www.dusseldorpbmw.nl/aanbod/bmw-i4-nieuw-edrive35-m-sport-pro-47085673
Dusseldorp Rotterdam Zuid,BMW i4,eDrive40 M Sport Pro,2025 | 10 km | Elektrisch,€ 72.898,https://www.dusseldorpbmw.nl/aanbod/bmw-i4-nieuw-edrive40-m-sport-pro-47085681
Dusseldorp Rotterdam Zuid,BMW i5,Touring eDrive40 M Sport Pro,2025 | 10 km | Elektrisch,€ 84.228,https://www.dusseldorpbmw.nl/aanbod/bmw-i5-nieuw-touring-edrive40-m-sport-pro-47085716
Dusseldorp Rotterdam Zuid,BMW X3,30e xDrive M Sport Pro,2025 | 10 km | Hybrid,€ 85.531,https://www.dusseldorpbmw.nl/aanbod/bmw-x3-nieuw-30e-xdrive-m-sport-pro-47085718
Dusseldorp Rotterdam Zuid,BMW X3,30e xDrive M Sport Pro,2025 | 10 km | Hybrid,€ 87.271,https://www.dusseldorpbmw.nl/aanbod/bmw-x3-nieuw-30e-xdrive-m-sport-pro-47085719
Dusseldorp Rotterdam Zuid,BMW X3,30e xDrive M Sport Pro,2025 | 10 km | Hybrid,€ 84.830,https://www.dusseldorpbmw.nl/aanbod/bmw-x3-nieuw-30e-xdrive-m-sport-pro-47085720
Dusseldorp Rotterdam Zuid,BMW X3,30e xDrive M Sport Pro,2025 | 10 km | Hybrid,€ 84.830,https://www.dusseldorpbmw.nl/aanbod/bmw-x3-nieuw-30e-xdrive-m-sport-pro-47085721
Dusseldorp Rotterdam Zuid,BMW X3,30e xDrive M Sport Pro,2025 | 10 km | Hybrid,€ 84.830,https://www.dusseldorpbmw.nl/aanbod/bmw-x3-nieuw-30e-xdrive-m-sport-pro-47085728
Dusseldorp Schiedam,BMW X5,xDrive50e,2025 | 10 km | Hybrid,€ 132.183,https://www.dusseldorpbmw.nl/aanbod/bmw-x5-nieuw-xdrive50e-47085745
Dusseldorp Rotterdam Noord,BMW X1,xDrive30e,2024 | 13807 km | Hybrid,€ 54.950,https://www.dusseldorpbmw.nl/aanbod/bmw-x1-occasion-xdrive30e-47085842
Dusseldorp Brielle,BMW X5,xDrive50e,2025 | 10 km | Hybrid,€ 132.183,https://www.dusseldorpbmw.nl/aanbod/bmw-x5-nieuw-xdrive50e-47085851
Dusseldorp Rotterdam Zuid,BMW XM,PHEV 50e,2025 | 10 km | Hybrid,€ 144.771,https://www.dusseldorpbmw.nl/aanbod/bmw-xm-nieuw-phev-50e-47085878
Dusseldorp Oostzaan,BMW X5,xDrive50e,2025 | 10 km | Hybrid,€ 136.967,https://www.dusseldorpbmw.nl/aanbod/bmw-x5-nieuw-xdrive50e-47088567
Dusseldorp Zwolle,BMW X5,xDrive50e M-Sport Pro Hybrid,2025 | 10 km | Hybrid,€ 139.042,https://www.dusseldorpbmw.nl/aanbod/bmw-x5-nieuw-xdrive50e-m-sport-pro-hybrid-47088592
Dusseldorp Schiedam,BMW X3,30e xDrive,2025 | 13919 km | Hybrid,€ 74.950,https://www.dusseldorpbmw.nl/aanbod/bmw-x3-occasion-30e-xdrive-47088677
Dusseldorp Hoorn,BMW 1 Serie,128ti,2024 | 34378 km | Benzine,€ 44.750,https://www.dusseldorpbmw.nl/aanbod/bmw-1-serie-occasion-128ti-47088756
Dusseldorp Oostzaan,BMW X5,xDrive50e,2025 | 10 km | Hybrid,€ 135.767,https://www.dusseldorpbmw.nl/aanbod/bmw-x5-nieuw-xdrive50e-47088993
Dusseldorp Oostzaan,BMW X3,30e xDrive,2025 | 10 km | Hybrid,€ 84.830,https://www.dusseldorpbmw.nl/aanbod/bmw-x3-nieuw-30e-xdrive-47089027
Dusseldorp Oostzaan,BMW X3,30e xDrive,2025 | 10 km | Hybrid,€ 84.830,https://www.dusseldorpbmw.nl/aanbod/bmw-x3-nieuw-30e-xdrive-47089820
Dusseldorp Schiedam,BMW M5,Touring,2024 | 4975 km | Hybrid,€ 149.500,https://www.dusseldorpbmw.nl/aanbod/bmw-m5-occasion-touring-47091777
Dusseldorp Deventer,BMW 2 Serie Active Tourer,230e xDrive,2024 | 10029 km | Hybrid,€ 49.950,https://www.dusseldorpbmw.nl/aanbod/bmw-2-serie-active-tourer-occasion-230e-xdrive-47092282
Dusseldorp Deventer,BMW X5,xDrive50e M Sport Pro,2025 | 10960 km | Hybrid,€ 109.950,https://www.dusseldorpbmw.nl/aanbod/bmw-x5-occasion-xdrive50e-m-sport-pro-47092399
Dusseldorp Zwolle,BMW XM,PHEV 50e 30 kWh,2025 | 21183 km | Hybrid,€ 117.500,https://www.dusseldorpbmw.nl/aanbod/bmw-xm-occasion-phev-50e-30-kwh-47093034
Dusseldorp Rotterdam Zuid,BMW Z4,Roadster sDrive20i M Sport,2024 | 21903 km | Benzine,€ 53.950,https://www.dusseldorpbmw.nl/aanbod/bmw-z4-occasion-roadster-sdrive20i-m-sport-47097146
Dusseldorp Zwolle,BMW i5,Touring eDrive40 M Sport Edition 84 kWh,2025 | 10 km | Elektrisch,€ 87.796,https://www.dusseldorpbmw.nl/aanbod/bmw-i5-nieuw-touring-edrive40-m-sport-edition-84-kwh-47098672
Dusseldorp Schiedam,BMW iX,xDrive40 High Executive 77 kWh,2022 | 57091 km | Elektrisch,€ 46.450,https://www.dusseldorpbmw.nl/aanbod/bmw-ix-occasion-xdrive40-high-executive-77-kwh-47108141
Dusseldorp Schiedam,BMW X3,xDrive30e Business Edition Plus,2021 | 115796 km | Hybrid,€ 39.450,https://www.dusseldorpbmw.nl/aanbod/bmw-x3-occasion-xdrive30e-business-edition-plus-47108142
Dusseldorp Schiedam,BMW X3,30e xDrive,2024 | 19182 km | Hybrid,€ 75.450,https://www.dusseldorpbmw.nl/aanbod/bmw-x3-occasion-30e-xdrive-47108363
Dusseldorp Den Haag,BMW Z4,M40i Pure Impulse,2025 | 10 km | Benzine,€ 117.462,https://www.dusseldorpbmw.nl/aanbod/bmw-z4-nieuw-m40i-pure-impulse-47110861
Dusseldorp Brielle,BMW 3 Serie,Touring 330e,2025 | 10 km | Hybrid,€ 68.511,https://www.dusseldorpbmw.nl/aanbod/bmw-3-serie-nieuw-touring-330e-47112115
Dusseldorp Deventer,BMW X3,30e xDrive,2025 | 10 km | Hybrid,€ 84.830,https://www.dusseldorpbmw.nl/aanbod/bmw-x3-nieuw-30e-xdrive-47112144
Dusseldorp Deventer,BMW X3,30e xDrive,2025 | 10 km | Hybrid,€ 84.830,https://www.dusseldorpbmw.nl/aanbod/bmw-x3-nieuw-30e-xdrive-47112153
Dusseldorp Deventer,BMW X3,30e xDrive,2025 | 10 km | Hybrid,€ 84.830,https://www.dusseldorpbmw.nl/aanbod/bmw-x3-nieuw-30e-xdrive-47112193
Dusseldorp Deventer,BMW X3,30e xDrive,2025 | 10 km | Hybrid,€ 84.830,https://www.dusseldorpbmw.nl/aanbod/bmw-x3-nieuw-30e-xdrive-47112202
Dusseldorp Deventer,BMW X3,30e xDrive,2025 | 10 km | Hybrid,€ 84.830,https://www.dusseldorpbmw.nl/aanbod/bmw-x3-nieuw-30e-xdrive-47112243
Dusseldorp Deventer,BMW X3,30e xDrive,2025 | 10 km | Hybrid,€ 87.271,https://www.dusseldorpbmw.nl/aanbod/bmw-x3-nieuw-30e-xdrive-47112255
Dusseldorp Hoorn,BMW 1 Serie,120,2025 | 10 km | Benzine,€ 51.809,https://www.dusseldorpbmw.nl/aanbod/bmw-1-serie-nieuw-120-47112266
Dusseldorp Zwolle,BMW 1 Serie,120 M-Sport Pro Aut.,2025 | 10 km | Benzine,€ 60.214,https://www.dusseldorpbmw.nl/aanbod/bmw-1-serie-nieuw-120-m-sport-pro-aut-47112306
Dusseldorp Oostzaan,BMW X3,M50,2025 | 10 km | Benzine,€ 122.703,https://www.dusseldorpbmw.nl/aanbod/bmw-x3-nieuw-m50-47112450
Dusseldorp Oostzaan,BMW X3,30e xDrive,2025 | 10 km | Hybrid,€ 84.830,https://www.dusseldorpbmw.nl/aanbod/bmw-x3-nieuw-30e-xdrive-47112509
Dusseldorp Oostzaan,BMW X3,30e xDrive,2025 | 10 km | Hybrid,€ 85.531,https://www.dusseldorpbmw.nl/aanbod/bmw-x3-nieuw-30e-xdrive-47112516
Dusseldorp Oostzaan,BMW X3,30e xDrive,2025 | 10 km | Hybrid,€ 85.531,https://www.dusseldorpbmw.nl/aanbod/bmw-x3-nieuw-30e-xdrive-47112542
Dusseldorp Oostzaan,BMW X3,30e xDrive,2025 | 10 km | Hybrid,€ 84.830,https://www.dusseldorpbmw.nl/aanbod/bmw-x3-nieuw-30e-xdrive-47112556
Dusseldorp Oostzaan,BMW X3,30e xDrive,2025 | 10 km | Hybrid,€ 84.830,https://www.dusseldorpbmw.nl/aanbod/bmw-x3-nieuw-30e-xdrive-47112640
Dusseldorp Oostzaan,BMW X3,30e xDrive,2025 | 10 km | Hybrid,€ 84.830,https://www.dusseldorpbmw.nl/aanbod/bmw-x3-nieuw-30e-xdrive-47112661
Dusseldorp Oostzaan,BMW X3,30e xDrive,2025 | 10 km | Hybrid,€ 84.830,https://www.dusseldorpbmw.nl/aanbod/bmw-x3-nieuw-30e-xdrive-47112701
Dusseldorp Oostzaan,BMW X3,30e xDrive,2025 | 10 km | Hybrid,€ 84.830,https://www.dusseldorpbmw.nl/aanbod/bmw-x3-nieuw-30e-xdrive-47112746
Dusseldorp Oostzaan,BMW X3,30e xDrive,2025 | 10 km | Hybrid,€ 84.830,https://www.dusseldorpbmw.nl/aanbod/bmw-x3-nieuw-30e-xdrive-47112767
Dusseldorp Oostzaan,BMW X3,30e xDrive,2025 | 10 km | Hybrid,€ 84.830,https://www.dusseldorpbmw.nl/aanbod/bmw-x3-nieuw-30e-xdrive-47112805
Dusseldorp Oostzaan,BMW X3,30e xDrive,2025 | 10 km | Hybrid,€ 84.830,https://www.dusseldorpbmw.nl/aanbod/bmw-x3-nieuw-30e-xdrive-47112811
Dusseldorp Oostzaan,BMW X3,30e xDrive,2025 | 10 km | Hybrid,€ 84.830,https://www.dusseldorpbmw.nl/aanbod/bmw-x3-nieuw-30e-xdrive-47112843
Dusseldorp Rotterdam Noord,BMW 3 Serie,Touring 330e xDrive,2024 | 25256 km | Hybrid,€ 57.950,https://www.dusseldorpbmw.nl/aanbod/bmw-3-serie-occasion-touring-330e-xdrive-47114274
Dusseldorp Brielle,BMW X5,xDrive50e,2025 | 14711 km | Hybrid,€ 106.950,https://www.dusseldorpbmw.nl/aanbod/bmw-x5-occasion-xdrive50e-47114292
Dusseldorp Rotterdam Noord,BMW 1-serie,118i High Executive,2019 | 46524 km | Benzine,€ 26.950,https://www.dusseldorpbmw.nl/aanbod/bmw-1-serie-occasion-118i-high-executive-47115263
Dusseldorp Apeldoorn,BMW X1,xDrive23i M Sportpakket - Elektr. Stoelen - Trekhaak,2023 | 64784 km |,€ 48.750,https://www.dusseldorpbmw.nl/aanbod/bmw-x1-occasion-xdrive23i-m-sportpakket---elektr-stoelen---trekhaak-47115863
Dusseldorp Apeldoorn,BMW X5,xDrive50e,2025 | 2500 km | Hybrid,€ 130.900,https://www.dusseldorpbmw.nl/aanbod/bmw-x5-company-car-xdrive50e-47117054
Dusseldorp Rotterdam Zuid,BMW 2 Serie,Active Tourer 230e xDrive,2024 | 30752 km | Hybrid,€ 47.950,https://www.dusseldorpbmw.nl/aanbod/bmw-2-serie-occasion-active-tourer-230e-xdrive-47117369
Dusseldorp Rotterdam Zuid,BMW Z4,Roadster sDrive20i M Sport,2025 | 19953 km | Benzine,€ 57.950,https://www.dusseldorpbmw.nl/aanbod/bmw-z4-occasion-roadster-sdrive20i-m-sport-47117415
Dusseldorp Schiedam,BMW X3,30e xDrive,2025 | 10 km | Hybrid,€ 87.271,https://www.dusseldorpbmw.nl/aanbod/bmw-x3-nieuw-30e-xdrive-47117810
Dusseldorp Schiedam,BMW X3,30e xDrive,2025 | 10 km | Hybrid,€ 84.830,https://www.dusseldorpbmw.nl/aanbod/bmw-x3-nieuw-30e-xdrive-47117951
Dusseldorp Schiedam,BMW i5,Touring eDrive40 M Sport Edition 84 kWh,2025 | 10 km | Elektrisch,€ 84.228,https://www.dusseldorpbmw.nl/aanbod/bmw-i5-nieuw-touring-edrive40-m-sport-edition-84-kwh-47118094
Dusseldorp Schiedam,BMW iX1,eDrive20 67 kWh,2025 | 10 km | Elektrisch,€ 57.000,https://www.dusseldorpbmw.nl/aanbod/bmw-ix1-nieuw-edrive20-67-kwh-47118340
Dusseldorp Schiedam,BMW iX2,eDrive20 67 kWh M Sport Edition,2025 | 10 km | Elektrisch,€ 57.552,https://www.dusseldorpbmw.nl/aanbod/bmw-ix2-nieuw-edrive20-67-kwh-m-sport-edition-47119074
Dusseldorp Rotterdam Zuid,BMW X5,xDrive45e M Sport,2021 | 114450 km | Hybrid,€ 53.950,https://www.dusseldorpbmw.nl/aanbod/bmw-x5-occasion-xdrive45e-m-sport-47122250
Dusseldorp Hoorn,BMW 2 Serie,220 Gran Coupé,2025 | 10 km | Benzine,€ 62.775,https://www.dusseldorpbmw.nl/aanbod/bmw-2-serie-nieuw-220-gran-coupe-47132827
Dusseldorp Schiedam,BMW 1 Serie,118i Executive Edition,2020 | 110890 km | Benzine,€ 23.450,https://www.dusseldorpbmw.nl/aanbod/bmw-1-serie-occasion-118i-executive-edition-47134341
Dusseldorp Schiedam,BMW 1 Serie,118i Introduction Edition,2023 | 50596 km | Benzine,€ 26.950,https://www.dusseldorpbmw.nl/aanbod/bmw-1-serie-occasion-118i-introduction-edition-47135947
Dusseldorp Zwolle,BMW X4,xDrive30i M-Sport Aut.,2025 | 10 km | Benzine,€ 112.747,https://www.dusseldorpbmw.nl/aanbod/bmw-x4-nieuw-xdrive30i-m-sport-aut-47136125
Dusseldorp Rotterdam Noord,BMW X3,xDrive30e High Executive,2024 | 16295 km |,€ 68.950,https://www.dusseldorpbmw.nl/aanbod/bmw-x3-occasion-xdrive30e-high-executive-47136670
Dusseldorp Rotterdam Noord,BMW 3 Serie,Touring M340i xDrive,2025 | 13944 km |,€ 88.950,https://www.dusseldorpbmw.nl/aanbod/bmw-3-serie-occasion-touring-m340i-xdrive-47137327
Dusseldorp Den Haag,BMW 2 Serie,Gran Coupé 220,2025 | 10 km | Benzine,€ 52.945,https://www.dusseldorpbmw.nl/aanbod/bmw-2-serie-nieuw-gran-coupe-220-47137415
Dusseldorp Den Haag,BMW 2 Serie,Active Tourer 220i,2025 | 10 km | Benzine,€ 60.877,https://www.dusseldorpbmw.nl/aanbod/bmw-2-serie-nieuw-active-tourer-220i-47137514
Dusseldorp Den Haag,BMW 2 Serie,Active Tourer 225e xDrive,2025 | 10 km | Hybrid,€ 62.677,https://www.dusseldorpbmw.nl/aanbod/bmw-2-serie-nieuw-active-tourer-225e-xdrive-47137602
Dusseldorp Schiedam,BMW X3,30e xDrive,2024 | 26065 km | Hybrid,€ 74.950,https://www.dusseldorpbmw.nl/aanbod/bmw-x3-occasion-30e-xdrive-47137645
Dusseldorp Den Haag,BMW 4 Serie,Cabrio 420i,2025 | 10 km | Benzine,€ 84.890,https://www.dusseldorpbmw.nl/aanbod/bmw-4-serie-nieuw-cabrio-420i-47137760
Dusseldorp Schiedam,BMW 3 Serie,Touring 330e,2024 | 32388 km | Hybrid,€ 49.950,https://www.dusseldorpbmw.nl/aanbod/bmw-3-serie-occasion-touring-330e-47137776
Dusseldorp Den Haag,BMW 4 Serie,Cabrio 420i,2025 | 10 km | Benzine,€ 90.552,https://www.dusseldorpbmw.nl/aanbod/bmw-4-serie-nieuw-cabrio-420i-47137803
Dusseldorp Den Haag,BMW 5 Serie,550e xDrive,2025 | 10 km | Hybrid,€ 116.370,https://www.dusseldorpbmw.nl/aanbod/bmw-5-serie-nieuw-550e-xdrive-47137868
Dusseldorp Den Haag,BMW 7 Serie,M760e xDrive,2025 | 10 km | Hybrid,€ 182.593,https://www.dusseldorpbmw.nl/aanbod/bmw-7-serie-nieuw-m760e-xdrive-47137977
Dusseldorp Den Haag,BMW 7 Serie,M760e xDrive,2025 | 10 km | Hybrid,€ 182.593,https://www.dusseldorpbmw.nl/aanbod/bmw-7-serie-nieuw-m760e-xdrive-47138021
Dusseldorp Alkmaar,BMW 2 Serie,Gran Coupé 218i M-Sport Automaat,2023 | 29005 km | Benzine,€ 34.950,https://www.dusseldorpbmw.nl/aanbod/bmw-2-serie-occasion-gran-coupe-218i-m-sport-automaat-47139209
Dusseldorp Schiedam,BMW i5,Touring eDrive40 M Sport Edition 84 kWh,2025 | 10 km | Elektrisch,€ 91.003,https://www.dusseldorpbmw.nl/aanbod/bmw-i5-nieuw-touring-edrive40-m-sport-edition-84-kwh-47141394
Dusseldorp Schiedam,BMW X1,xDrive30e,2025 | 12500 km | Hybrid,€ 58.450,https://www.dusseldorpbmw.nl/aanbod/bmw-x1-occasion-xdrive30e-47145769
Dusseldorp Schiedam,BMW i4,eDrive35 70 kWh,2023 | 97698 km | Elektrisch,€ 34.450,https://www.dusseldorpbmw.nl/aanbod/bmw-i4-occasion-edrive35-70-kwh-47145796
Dusseldorp Zwolle,BMW 4 Serie,Cabrio 420i High Executive,2024 | 30685 km | Benzine,€ 56.900,https://www.dusseldorpbmw.nl/aanbod/bmw-4-serie-occasion-cabrio-420i-high-executive-47159480
Dusseldorp Zwolle,BMW X4,xDrive20i High Executive Edition,2020 | 79795 km | Benzine,€ 43.900,https://www.dusseldorpbmw.nl/aanbod/bmw-x4-occasion-xdrive20i-high-executive-edition-47159530
Dusseldorp Schiedam,BMW iX3,High Executive Edition 80 kWh,2024 | 29766 km | Elektrisch,€ 51.950,https://www.dusseldorpbmw.nl/aanbod/bmw-ix3-occasion-high-executive-edition-80-kwh-47163864
Dusseldorp Apeldoorn,BMW X3,M50,2024 | 13198 km | Benzine,€ 97.950,https://www.dusseldorpbmw.nl/aanbod/bmw-x3-occasion-m50-47164335